{
"type": "FeatureCollection",
"name": "alleg",
"crs": { "type": "name", "properties": { "name": "urn:ogc:def:crs:EPSG::2272" } },
"features": [
{ "type": "Feature", "properties": { "STATEFP": "42", "COUNTYFP": "003", "COUNTYNS": "01213657", "GEOID": "42003", "GEOIDFQ": "0500000US42003", "NAME": "Allegheny", "NAMELSAD": "Allegheny County", "LSAD": "06", "CLASSFP": "H1", "MTFCC": "G4020", "CSAFP": "430", "CBSAFP": "38300", "METDIVFP": null, "FUNCSTAT": "A", "ALAND": 1890567432, "AWATER": 37048381, "INTPTLAT": "+40.4697574", "INTPTLON": "-079.9804515" }, "geometry": { "type": "Polygon", "coordinates": [ [ [ 1401404.868683235486969, 364298.777061969740316 ], [ 1401279.816883789375424, 363737.94817003555363 ], [ 1400941.383294561877847, 362282.361736790917348 ], [ 1400817.301877423888072, 361776.535484772233758 ], [ 1400771.832096764352173, 361583.00025653821649 ], [ 1400762.881499957991764, 361545.674592433788348 ], [ 1400742.455775571754202, 361458.327878877636977 ], [ 1400537.583280031336471, 360582.689510262513068 ], [ 1400298.714521643472835, 359564.268103819224052 ], [ 1400039.389293364714831, 358458.139124453009572 ], [ 1399969.786832683719695, 358162.404849671525881 ], [ 1399928.00445097964257, 357984.090326555888169 ], [ 1399910.513320272089913, 357903.235523927491158 ], [ 1399906.130010493565351, 357882.566582559666131 ], [ 1400139.754501463379711, 357802.109539938974194 ], [ 1400222.079692992847413, 357778.710750897880644 ], [ 1400308.777482967125252, 357727.153448347060475 ], [ 1400431.535854936344549, 357654.358864757406991 ], [ 1400600.538939476944506, 357554.262491103960201 ], [ 1400653.56982959783636, 357518.787141067965422 ], [ 1400748.232280980329961, 357449.557148813386448 ], [ 1401030.396653669187799, 357247.377265012182761 ], [ 1401242.553197644650936, 357046.084406803594902 ], [ 1401328.356142992852256, 356967.586717756465077 ], [ 1401443.258539775619283, 356868.377960796875414 ], [ 1401527.2448138021864, 356795.753033437475096 ], [ 1401570.467903299257159, 356758.319204745581374 ], [ 1401813.43345357500948, 356525.349333356833085 ], [ 1402005.632595664588735, 356329.25965325452853 ], [ 1402236.228143981890753, 356006.939388634113129 ], [ 1402303.336243765661493, 355928.146351712348405 ], [ 1402360.394090090412647, 355861.244934070680756 ], [ 1402451.416788036003709, 355754.573548400250729 ], [ 1402524.798310601618141, 355669.442383881949354 ], [ 1402734.590895778965205, 355461.294043605041225 ], [ 1402779.435781294247136, 355409.249704090121668 ], [ 1402959.545196754857898, 355196.319422562548425 ], [ 1403093.762656838167459, 355038.37331978045404 ], [ 1403199.645853456342593, 354910.229280191415455 ], [ 1403319.901985823409632, 354763.900939631450456 ], [ 1403358.039256864693016, 354711.282872050709557 ], [ 1403372.182398628909141, 354695.289712329802569 ], [ 1403550.052667610347271, 354299.12883235613117 ], [ 1403566.029633044265211, 354253.57839852431789 ], [ 1403573.282361882505938, 354216.973363016499206 ], [ 1403604.165551137644798, 354054.841679458098952 ], [ 1403614.943123629782349, 353892.07799852656899 ], [ 1403601.586951341014355, 353808.575366539123934 ], [ 1403574.804297409951687, 353650.681406674731988 ], [ 1403491.86970418295823, 353392.775980019709095 ], [ 1403376.124228283762932, 353164.410145894391462 ], [ 1403325.244387900689617, 353099.623562055581715 ], [ 1403202.04410742316395, 352959.975541934603825 ], [ 1402970.816851296462119, 352758.311676783137955 ], [ 1402791.107199826510623, 352600.650633463927079 ], [ 1402641.524103488540277, 352454.687903667218052 ], [ 1402488.8683736466337, 352320.821422951703425 ], [ 1402393.898185650585219, 352256.321095941180829 ], [ 1402301.351422328967601, 352200.146319794119336 ], [ 1402154.19658258697018, 352135.753321892698295 ], [ 1402005.064182405360043, 352106.752211950777564 ], [ 1401913.485231881728396, 352104.850281024177093 ], [ 1401846.741248853737488, 352090.716969171073288 ], [ 1401758.127416191855446, 352096.399532598385122 ], [ 1401173.068147618556395, 352090.919549050100613 ], [ 1400521.242447405122221, 352155.133365822199266 ], [ 1400259.169487132923678, 352190.328795672045089 ], [ 1400075.830392030300573, 352214.964681136072613 ], [ 1399698.116877807304263, 352245.54722666280577 ], [ 1399212.686266131931916, 352227.974946102476679 ], [ 1398881.463943941751495, 352217.412891713553108 ], [ 1398449.799512900644913, 352147.597959734790493 ], [ 1398078.895630730316043, 352074.561447012005374 ], [ 1398058.179977455642074, 352059.736868473759387 ], [ 1398026.924233860801905, 352047.707128822396044 ], [ 1397879.098687057616189, 351954.932619277038611 ], [ 1397772.282578351907432, 351861.573144757538103 ], [ 1397705.666643639327958, 351720.64082229899941 ], [ 1397695.110448864055797, 351698.657740604598075 ], [ 1397624.943949682638049, 351549.062577340810094 ], [ 1397584.208670205902308, 351380.930420169373974 ], [ 1397557.662864145357162, 351271.135982004052494 ], [ 1397560.45442779106088, 351198.92236487934133 ], [ 1397555.730184676125646, 351175.711002216150519 ], [ 1397568.2484551158268, 350644.142552660487127 ], [ 1397596.318748699501157, 350181.447570728487335 ], [ 1397605.605361738242209, 350028.189267203619238 ], [ 1397600.949772582389414, 349971.816976616217289 ], [ 1397606.759576649870723, 349897.347127122280654 ], [ 1397629.436481406679377, 349731.753728936659172 ], [ 1397689.436605647671968, 349502.620751535869204 ], [ 1397730.364230229519308, 349353.73085547296796 ], [ 1397773.566747477743775, 349194.585475809115451 ], [ 1397786.172517058206722, 349148.38053484307602 ], [ 1397816.008924611378461, 349038.737299952830654 ], [ 1397865.970755884423852, 348797.812622621073388 ], [ 1397903.140530782518908, 348619.130328631319571 ], [ 1397969.912992246681824, 348477.294498673349153 ], [ 1398011.711630175821483, 348389.96659073693445 ], [ 1398051.050478241639212, 348304.882047455117572 ], [ 1398738.751838920172304, 347313.502129850792699 ], [ 1399245.079699757508934, 346588.327405478572473 ], [ 1399596.917507687350735, 346074.066920876095537 ], [ 1399751.356556183891371, 345774.98346253548516 ], [ 1399837.694206475978717, 345572.942160306323785 ], [ 1399883.91319409199059, 345458.915511429950129 ], [ 1399894.899918500334024, 345426.960297792335041 ], [ 1399935.793258472811431, 345311.963507056992967 ], [ 1399944.689223220571876, 345177.299464725190774 ], [ 1399931.256661038612947, 345042.786286467744503 ], [ 1399911.060733855003491, 344966.002316402154975 ], [ 1399881.329744722694159, 344875.227319967292715 ], [ 1399857.387161213904619, 344805.453206192643847 ], [ 1399810.298539671814069, 344712.528178076841868 ], [ 1399735.567320313071832, 344583.073842257435899 ], [ 1399664.869150350568816, 344446.967649092432112 ], [ 1399556.216876370832324, 344238.860612475429662 ], [ 1399516.310217596124858, 344166.904721010068897 ], [ 1399420.190090918913484, 343993.85439177491935 ], [ 1399379.146929285489023, 343945.245720958628226 ], [ 1399302.242275905795395, 343854.832228904997464 ], [ 1399168.091942117549479, 343727.480965251394082 ], [ 1399115.920772897079587, 343680.587384423939511 ], [ 1398810.70339582185261, 343387.022807238507085 ], [ 1398539.121914433315396, 343099.607187555055134 ], [ 1398355.142468315316364, 342894.340803143160883 ], [ 1398072.336954690515995, 342629.05305726401275 ], [ 1397907.315274022752419, 342435.011425895441789 ], [ 1397752.834651249693707, 342250.200770596857183 ], [ 1397583.46214067703113, 342049.338628694298677 ], [ 1397538.80219122976996, 341989.520684494054876 ], [ 1397384.023209878243506, 341731.841687108681072 ], [ 1397315.138637418625876, 341614.647986414725892 ], [ 1397294.795284127583727, 341580.138344644976314 ], [ 1397226.688788522733375, 341436.326566010480747 ], [ 1397167.004378656158224, 341270.456460253277328 ], [ 1397158.821592778665945, 341194.489221114781685 ], [ 1397071.960917453048751, 340952.363691279606428 ], [ 1396933.120746153173968, 340636.015794835460838 ], [ 1396913.672697178088129, 340592.0116117548896 ], [ 1396856.38633873546496, 340409.324770771432668 ], [ 1396831.646231126971543, 340281.634316171694081 ], [ 1396770.385918461950496, 340011.951275227882434 ], [ 1396691.111624595243484, 339772.201712744426914 ], [ 1396559.879896238446236, 339459.323118391446769 ], [ 1396451.434804456308484, 339250.131033231911715 ], [ 1396343.131623927969486, 339059.155470145924482 ], [ 1396261.795340684242547, 338923.305465159355663 ], [ 1396199.359134451719001, 338819.811684050713666 ], [ 1396018.652538312599063, 338541.243973496370018 ], [ 1395905.353956216247752, 338387.918168356758542 ], [ 1395788.188798193121329, 338212.455074222991243 ], [ 1395697.095662957988679, 338065.537549281376414 ], [ 1395645.548286273609847, 337986.205989849171601 ], [ 1395538.06371530983597, 337842.949502976320218 ], [ 1395457.092161292210221, 337735.151369841769338 ], [ 1395328.725107580656186, 337606.592405043833423 ], [ 1395139.042407137807459, 337495.129070227732882 ], [ 1394960.18606738303788, 337440.988469190488104 ], [ 1394929.604308028006926, 337434.776773047051392 ], [ 1394831.810921196360141, 337396.241360521642491 ], [ 1394767.551108787767589, 337370.772439204272814 ], [ 1394731.360590819502249, 337339.548796550370753 ], [ 1394723.951630697585642, 337333.162296621419955 ], [ 1394689.586037863511592, 337272.380824607389513 ], [ 1394557.934425191255286, 337063.008134866366163 ], [ 1394554.931472031399608, 337053.968369711888954 ], [ 1394542.031471372116357, 337015.643669307639357 ], [ 1394508.204665437340736, 336930.071523257531226 ], [ 1394477.685183732770383, 336854.625251121935435 ], [ 1394398.763965076068416, 336667.346166911942419 ], [ 1394315.409069576533511, 336469.603359346918296 ], [ 1394206.863242344465107, 336125.599485494662076 ], [ 1394152.018358969129622, 335845.20569351274753 ], [ 1394144.764438153943047, 335665.731578675739001 ], [ 1394139.535891938023269, 335537.224555413646158 ], [ 1394158.908857321832329, 335373.891844175232109 ], [ 1394165.628415483050048, 335314.704471614095382 ], [ 1394199.478248317260295, 335101.477781058172695 ], [ 1394220.910383553709835, 334978.544205396377947 ], [ 1394230.685327555751428, 334942.606485570489895 ], [ 1394254.168418295914307, 334871.732592794869561 ], [ 1394269.499524356797338, 334822.54750022967346 ], [ 1394287.959549074294046, 334763.81545409624232 ], [ 1394348.35915281670168, 334635.237263735965826 ], [ 1394410.216748736798763, 334545.250357746088412 ], [ 1394439.33566443505697, 334500.481311422889121 ], [ 1394507.367855398682877, 334399.783635387488175 ], [ 1394625.378231075359508, 334250.552209313376807 ], [ 1394788.043687866767868, 334135.99199047597358 ], [ 1394824.083789032651111, 334112.561197228904348 ], [ 1394959.998141298303381, 334024.496238081774209 ], [ 1394987.588951714336872, 334010.007578113756608 ], [ 1395093.012913391226903, 333955.812022584956139 ], [ 1395217.003481298917904, 333895.354931042820681 ], [ 1395353.02295440225862, 333847.736725144495722 ], [ 1395401.362954145064577, 333836.774364379816689 ], [ 1395788.871052238391712, 333746.874294433393516 ], [ 1396142.065511489985511, 333658.505855089635588 ], [ 1396373.086248986423016, 333600.671205317252316 ], [ 1396934.057849649107084, 333391.253412446531001 ], [ 1397120.979351802263409, 333334.448417783132754 ], [ 1397468.484002462821081, 333229.104958294832613 ], [ 1398026.124583957018331, 333104.327169949712697 ], [ 1398475.428163435310125, 333004.658955017453991 ], [ 1398568.890655160881579, 332988.286890859948471 ], [ 1398579.455863523529842, 332986.220697984972503 ], [ 1398683.678666159044951, 332964.13451506360434 ], [ 1398798.957838083384559, 332937.056241414218675 ], [ 1398867.010578716406599, 332920.908175446675159 ], [ 1399181.429498709272593, 332809.430394108465407 ], [ 1399248.774773133685812, 332774.716067183820996 ], [ 1399292.932953471085057, 332751.833267135138158 ], [ 1399327.237135977018625, 332725.534207272401545 ], [ 1399428.212933021830395, 332647.410805533407256 ], [ 1399485.629233297659084, 332606.003028429462574 ], [ 1399533.290723251178861, 332577.574025071051437 ], [ 1399588.109225312713534, 332544.607319616014138 ], [ 1399682.068839984945953, 332501.263536241429392 ], [ 1399752.442370758391917, 332476.683541122765746 ], [ 1399795.103105754824355, 332461.488306988379918 ], [ 1399852.726638131309301, 332453.235700983961578 ], [ 1400337.594715570798144, 332393.228284204669762 ], [ 1401008.203341550193727, 332309.277170863177162 ], [ 1400801.583895654650405, 332226.946436595986597 ], [ 1400577.217230978189036, 332138.102932806825265 ], [ 1400495.449981399811804, 332104.641427224909421 ], [ 1399527.698645488824695, 331718.117765727278311 ], [ 1399432.986541576683521, 331680.585863591637462 ], [ 1397444.413148476975039, 330887.752662475337274 ], [ 1395928.178408536827192, 330281.235895963851362 ], [ 1394462.649909117957577, 329624.437830821319949 ], [ 1393164.349727547494695, 329038.886059822398238 ], [ 1392881.207358656916767, 328911.764736325712875 ], [ 1392149.757993059698492, 328583.048672366188839 ], [ 1392029.21571053378284, 328529.022298957745079 ], [ 1391989.466693833470345, 328513.554254362708889 ], [ 1391376.117847429821268, 328278.662224790139589 ], [ 1391245.928448998602107, 328230.331240406841971 ], [ 1391203.893727170536295, 328212.731627012137324 ], [ 1391079.025378176476806, 328165.005697776679881 ], [ 1390468.484954391140491, 327931.527638647181448 ], [ 1390384.19385782442987, 327898.886999156500679 ], [ 1390085.915454134577885, 327782.719321358832531 ], [ 1389712.910995213780552, 327636.97179945249809 ], [ 1385028.65342234284617, 325805.906055372790433 ], [ 1384747.316257825819775, 325675.91853054787498 ], [ 1384703.240220846841112, 325655.098613031383138 ], [ 1383457.039162036729977, 325071.001079967769329 ], [ 1382574.481648127082735, 324660.51741597574437 ], [ 1381973.340237577445805, 324394.95620949822478 ], [ 1381305.912160135805607, 324115.318856654048432 ], [ 1379215.086127490736544, 323234.901722934620921 ], [ 1378789.178040639031678, 323055.963420216401573 ], [ 1377174.986327808350325, 322378.949555306113325 ], [ 1377028.530730468919501, 322319.057372823299374 ], [ 1376653.609288753010333, 322170.270196791621856 ], [ 1375945.320123855490237, 321881.552792136499193 ], [ 1375868.851580522023141, 321850.594873553316575 ], [ 1375683.444510268047452, 321844.483482725452632 ], [ 1375641.214083552593365, 321842.94787709711818 ], [ 1374985.39164154115133, 321842.688655063684564 ], [ 1374580.22539943526499, 321819.64719647547463 ], [ 1374140.367771359160542, 321794.897653128020465 ], [ 1373232.701727198436856, 321675.768712417397182 ], [ 1372637.600290130358189, 321471.139005327713676 ], [ 1371969.27891942136921, 321243.515531689336058 ], [ 1371308.458685721736401, 321083.869931009830907 ], [ 1371086.682062549283728, 321030.209172362578101 ], [ 1370382.908828943734989, 320955.074879026971757 ], [ 1370034.879871767247096, 320938.374295860121492 ], [ 1369814.847287450917065, 320922.215191805851646 ], [ 1369774.281496970681474, 320920.284777645661961 ], [ 1369720.146098722470924, 320923.421001878974494 ], [ 1369632.023740051081404, 320919.365904101810884 ], [ 1369398.132966799195856, 320907.919747081468813 ], [ 1369324.266264771809801, 320915.544488533516414 ], [ 1368676.122165335109457, 320991.059966239205096 ], [ 1367849.450502939987928, 321148.191616941941902 ], [ 1367472.091907759895548, 321246.661685750470497 ], [ 1366537.904325979063287, 321497.557007100549527 ], [ 1364950.360237611224875, 321997.318048618442845 ], [ 1364528.629722768208012, 322177.086941606539767 ], [ 1364122.787361414404586, 322355.016244330210611 ], [ 1363395.102156170876697, 322762.764900764916092 ], [ 1362765.614134798292071, 323254.121264864224941 ], [ 1362513.047734115738422, 323528.158347375690937 ], [ 1362178.041395789477974, 323903.705526674806606 ], [ 1361986.960025038337335, 324155.101628027972765 ], [ 1361877.653050490887836, 324277.677138042927254 ], [ 1361668.817076451610774, 324511.292748786916491 ], [ 1361522.562045107129961, 324653.727873702417128 ], [ 1361324.194834267254919, 324847.005121843889356 ], [ 1361163.882470346754417, 324997.076579808606766 ], [ 1360963.770186762092635, 325130.638557764294092 ], [ 1360777.685243790503591, 325255.110948784742504 ], [ 1360556.958429232006893, 325402.302739069331437 ], [ 1360482.06867072544992, 325447.148212519008666 ], [ 1360364.465203852858394, 325516.004396350355819 ], [ 1360189.394093537237495, 325622.354232202400453 ], [ 1359873.133672890253365, 325803.97635584481759 ], [ 1359600.295241799205542, 325899.625459761242382 ], [ 1359472.01482861652039, 325943.241756856325082 ], [ 1359103.533090554876253, 326068.953221999108791 ], [ 1358878.275548486970365, 326145.214644814783242 ], [ 1358605.768811067799106, 326253.985112799273338 ], [ 1357856.191337521886453, 326548.02270440547727 ], [ 1357241.735636904835701, 326735.972758885414805 ], [ 1356934.070183336967602, 326834.701666594308335 ], [ 1356740.843693064991385, 326895.248126966762356 ], [ 1356298.571184224216267, 327029.756718249118421 ], [ 1355705.456325362902135, 327209.927784490515478 ], [ 1354763.429449467221275, 327413.371724193973932 ], [ 1354024.183038658229634, 327580.823541567602661 ], [ 1353248.970222431700677, 327851.591970123525243 ], [ 1352776.811278344364837, 328052.138272989017423 ], [ 1352461.387405107729137, 328252.785643806972075 ], [ 1352180.964645244646817, 328445.274204484478105 ], [ 1351938.573449192102998, 328616.772885178914294 ], [ 1351423.399563615676016, 329240.763511782337446 ], [ 1351150.809719828190282, 329566.803897741076071 ], [ 1350056.719998288201168, 330886.396176364680286 ], [ 1349522.865767951123416, 331530.211281688825693 ], [ 1348992.119530031457543, 332285.468084349355195 ], [ 1348857.822855592705309, 332487.807622224732768 ], [ 1348662.261021950049326, 332864.051206725998782 ], [ 1348431.554018554044887, 333308.595229581405874 ], [ 1348341.387468742905185, 333776.935827576962765 ], [ 1348348.607814147369936, 334252.665528614947107 ], [ 1348388.558656880166382, 334563.954538810998201 ], [ 1348411.166794417193159, 334707.689715721935499 ], [ 1348427.425929591292515, 334765.585317093413323 ], [ 1348488.027693689567968, 334987.440466886735521 ], [ 1348541.182967509608716, 335168.669811559724621 ], [ 1348734.22332145110704, 335637.175868063932285 ], [ 1349035.425464134197682, 336042.473696511413436 ], [ 1349292.488359131617472, 336392.036867930612061 ], [ 1349476.623838873812929, 336595.850557115511037 ], [ 1349657.837351785972714, 336794.63727180857677 ], [ 1350027.714261992834508, 337033.147632313310169 ], [ 1350372.045665249461308, 337255.541473665449303 ], [ 1350863.178588558919728, 337574.836061825801153 ], [ 1351194.808074562577531, 337680.950349250168074 ], [ 1351410.114683062303811, 337747.710455897671636 ], [ 1351856.183265076950192, 337885.22236730059376 ], [ 1352079.992040490498766, 337945.945070821617264 ], [ 1352379.158319207374007, 338027.378801257989835 ], [ 1352483.462573532015085, 338055.381385722896084 ], [ 1352852.830492526292801, 338107.736045891011599 ], [ 1353259.135419636731967, 338163.182537965069059 ], [ 1353805.761339037213475, 338212.949125185084995 ], [ 1353879.656560946954414, 338219.851871909806505 ], [ 1354220.196112237637863, 338247.43767034157645 ], [ 1354819.639274023473263, 338265.300504921178799 ], [ 1356349.896566334413365, 338285.913435690803453 ], [ 1357471.28363771410659, 338372.508061719592661 ], [ 1357866.056302876677364, 338402.807954092917498 ], [ 1357926.139959616819397, 338415.895401943882462 ], [ 1358619.716733931330964, 338559.423150532529689 ], [ 1358830.771518503082916, 338602.302160228660796 ], [ 1359786.916293373564258, 338885.128654310537968 ], [ 1360616.587428252212703, 339271.685307953739539 ], [ 1360930.979510980658233, 339417.709345025999937 ], [ 1361162.884580846875906, 339525.321588493708987 ], [ 1361339.994131798390299, 339607.684707699518185 ], [ 1361387.324629368260503, 339636.035062621172983 ], [ 1361505.857199516380206, 339709.639252489607316 ], [ 1361706.302513902075589, 339832.607350361009594 ], [ 1361869.606170013779774, 339932.805295883619692 ], [ 1362138.367521765641868, 340097.458817141188774 ], [ 1362278.993629113538191, 340184.005806983914226 ], [ 1362383.838114728918299, 340257.586421523999888 ], [ 1362584.981931769056246, 340409.331837434496265 ], [ 1362811.748327772831544, 340581.219838543736842 ], [ 1363163.502194606466219, 340851.342347551311832 ], [ 1363544.183161354856566, 341151.36909419373842 ], [ 1363798.344838520977646, 341427.540293235157151 ], [ 1363995.993250787258148, 341642.423632103309501 ], [ 1364335.575250500813127, 342054.976441150822211 ], [ 1364387.274906684877351, 342159.384630480140913 ], [ 1364418.406113574746996, 342222.026861530495808 ], [ 1364338.253812425071374, 342255.330182541336399 ], [ 1364220.510274409782141, 342304.131529875972774 ], [ 1364034.750256580999121, 342380.109740095678717 ], [ 1363944.984703554306179, 342419.844967229757458 ], [ 1363431.424281935440376, 342631.411909679009113 ], [ 1363394.958918277174234, 342647.247709334129468 ], [ 1363366.757184388348833, 342658.507836826669518 ], [ 1363343.533298189518973, 342667.823751929216087 ], [ 1362216.509438680950552, 343137.180003703106195 ], [ 1362024.154681329848245, 343216.979948064079508 ], [ 1361906.132144704693928, 343265.435053865017835 ], [ 1361646.649586490588263, 343374.220604816393461 ], [ 1361289.347180210053921, 343524.045707970217336 ], [ 1357230.4321977077052, 345199.347060590400361 ], [ 1356702.163173948181793, 345421.260971553914715 ], [ 1356399.096097850007936, 345549.405340593250003 ], [ 1356052.834627029718831, 345691.745662826404441 ], [ 1354189.621657398995012, 346473.860525822150521 ], [ 1352776.790226069977507, 347065.937102748255711 ], [ 1352576.414158121682703, 347146.377245581708848 ], [ 1352403.394134302390739, 347215.567230690969154 ], [ 1350972.874352640006691, 347811.471451929595787 ], [ 1349442.352098414441571, 348446.413742015545722 ], [ 1349326.600880792597309, 348494.508905014663469 ], [ 1349316.919514923123643, 348498.031877263449132 ], [ 1348882.359176312107593, 348678.04186187061714 ], [ 1348564.577119683846831, 348806.290395223244559 ], [ 1348425.02199997799471, 348862.277018607943319 ], [ 1348206.53791906288825, 348954.141408147988841 ], [ 1348182.218786551384255, 348963.863896401540842 ], [ 1348134.38077075756155, 348981.831171691417694 ], [ 1347917.649665592703968, 349065.637108183698729 ], [ 1347861.013839929131791, 349088.928232723905239 ], [ 1347848.580033088335767, 349093.978759876918048 ], [ 1346129.543928041122854, 349796.194766566273756 ], [ 1344985.792382033076137, 350263.863435343082529 ], [ 1340378.864948464091867, 352147.19117542571621 ], [ 1340149.597971298964694, 352240.861177665297873 ], [ 1340084.683158958563581, 352267.297031956142746 ], [ 1340008.47209883783944, 352299.487423347658478 ], [ 1339996.041451919823885, 352304.541917908994947 ], [ 1339913.155110927764326, 352337.631755457899999 ], [ 1339669.834051087731495, 352438.224338978470769 ], [ 1339109.471320121083409, 352670.453250803810079 ], [ 1336052.596464423695579, 353957.139184807892889 ], [ 1335926.75452539883554, 354012.481595478777308 ], [ 1335739.799947645515203, 354089.801618068129756 ], [ 1334825.003019810887054, 354471.172185391478706 ], [ 1334632.170309867244214, 354547.55879958748119 ], [ 1334507.011777403997257, 354596.696045621822122 ], [ 1334491.264753120020032, 354602.931980912340805 ], [ 1334176.642312336014584, 354729.102300719008781 ], [ 1334085.730596972862259, 354764.240921735065058 ], [ 1333868.835799947148189, 354848.90609567053616 ], [ 1333754.184275239007547, 354894.132394352054689 ], [ 1333429.149742423556745, 355027.504632909491193 ], [ 1333093.627202088711783, 355176.092730425123591 ], [ 1332738.514486907748505, 355333.208264204033185 ], [ 1331597.887746054213494, 355838.237113699840847 ], [ 1331479.231149809202179, 355890.137241347285453 ], [ 1331033.944511160487309, 356088.238251596631017 ], [ 1330163.344214777927846, 356468.277530215447769 ], [ 1329966.584455264499411, 356553.549187628261279 ], [ 1329642.215325918979943, 356689.506182494049426 ], [ 1328629.648436825256795, 357113.733988753869198 ], [ 1328300.505712874932215, 357248.011011045367923 ], [ 1327918.950798346893862, 357405.520657920977101 ], [ 1327803.820721549680457, 357452.974201984994579 ], [ 1327733.152013239683583, 357482.50834069744451 ], [ 1327346.343775271205232, 357641.621401511190925 ], [ 1326315.180049082497135, 358066.795085740159266 ], [ 1325610.084645816357806, 358357.410523856699001 ], [ 1325348.300565217388794, 358462.638324737607036 ], [ 1324907.765454016393051, 358646.880794880329631 ], [ 1323311.74834760883823, 359310.70344796491554 ], [ 1322174.694266386795789, 359810.619081971992273 ], [ 1321946.430045822868124, 359905.52922966866754 ], [ 1321679.820977936498821, 360017.118678245809861 ], [ 1320802.394357670797035, 360382.005915414425544 ], [ 1320351.945861828280613, 360568.779011645528954 ], [ 1320367.883548435056582, 360612.454045556776691 ], [ 1319750.989606327144429, 360877.96132153266808 ], [ 1319618.843687259126455, 360935.012772262387443 ], [ 1319534.589635072508827, 360967.115494759520516 ], [ 1319527.955474409507588, 360969.476853078522254 ], [ 1319314.412893112748861, 361050.540495193039533 ], [ 1319282.646024633198977, 361062.675009260361549 ], [ 1318818.828236397821456, 361238.896757677139249 ], [ 1318653.64139930321835, 361301.927173816773575 ], [ 1318629.884021851699799, 361310.935814594966359 ], [ 1318485.965247980318964, 361365.753273020556662 ], [ 1318432.499422746477649, 361390.851974865014199 ], [ 1318345.402562285773456, 361431.415531971957535 ], [ 1318078.893121619708836, 361556.161307896662038 ], [ 1317989.874561031349003, 361597.870174153125845 ], [ 1317908.845944901695475, 361646.292211800464429 ], [ 1317898.135733165545389, 361652.770325614314061 ], [ 1317452.778229815419763, 361819.420129097241443 ], [ 1317044.46935367048718, 361973.072054738586303 ], [ 1316822.465368592878804, 362081.71308785158908 ], [ 1316775.61705860728398, 362103.724976159690414 ], [ 1316680.660839918069541, 362142.31608207343379 ], [ 1316670.998912405688316, 362146.216057867102791 ], [ 1316642.013147802092135, 362157.916008015454281 ], [ 1316632.07242291723378, 362161.823380466550589 ], [ 1316544.836508880369365, 362196.930853477795608 ], [ 1316283.130224240478128, 362302.255129102442879 ], [ 1316195.904929611831903, 362337.728003797179554 ], [ 1315872.001076681073755, 362464.747695115278475 ], [ 1314899.809473694069311, 362848.032145461416803 ], [ 1314662.909055416705087, 362941.418506245827302 ], [ 1314646.614560482790694, 362947.681949456804432 ], [ 1314575.42879387573339, 362977.632858685217798 ], [ 1314539.149498229147866, 362998.275138830882497 ], [ 1314428.956673686159775, 363061.695986323000398 ], [ 1314392.149048729566857, 363083.445786549826153 ], [ 1314244.559315032325685, 363146.403352481487673 ], [ 1314043.185611864319071, 363232.656643905327655 ], [ 1313933.480967800365761, 363272.379459545772988 ], [ 1313798.359814267372712, 363321.524714743427467 ], [ 1313648.598617682699114, 363376.161999930103775 ], [ 1313565.121329990681261, 363415.91776420478709 ], [ 1313421.593761348864064, 363484.603051985206548 ], [ 1313380.278481515590101, 363504.652238192968071 ], [ 1313358.457239576615393, 363512.885716515302192 ], [ 1313312.354108009021729, 363531.240317621850409 ], [ 1313226.771242940798402, 363565.22255669394508 ], [ 1312997.88148966152221, 363655.13231061398983 ], [ 1312310.693550613010302, 363925.981702252523974 ], [ 1312081.55096121923998, 364016.635739923804067 ], [ 1312044.004722190322354, 364031.484834069095086 ], [ 1311931.087482522241771, 364076.039895148423966 ], [ 1311893.262632898753509, 364090.89665413973853 ], [ 1311889.667531928513199, 364092.085798624204472 ], [ 1311806.318781120469794, 364126.013499353721272 ], [ 1311544.671755673130974, 364232.116521302843466 ], [ 1311540.797905249055475, 364233.313155869022012 ], [ 1311499.686400352045894, 364250.444764122890774 ], [ 1311456.921675643650815, 364268.349406171706505 ], [ 1311328.378243093611673, 364323.163706974999513 ], [ 1311280.384903935715556, 364343.759181762521621 ], [ 1311196.538572290912271, 364379.888807083538268 ], [ 1310500.919898606138304, 364678.346559708879795 ], [ 1310416.972236359491944, 364721.041210413852241 ], [ 1310170.995066748233512, 364849.334497014642693 ], [ 1309286.551135044544935, 365294.273310921969824 ], [ 1309161.616552139166743, 365358.477566789602861 ], [ 1309106.823463563807309, 365385.454683813732117 ], [ 1308992.874840313801542, 365443.170386537734885 ], [ 1308807.373184741707519, 365537.42406981845852 ], [ 1308693.704717421904206, 365595.133689789043274 ], [ 1308676.356903664302081, 365603.615942587261088 ], [ 1308602.031450612703338, 365630.388879492820706 ], [ 1308330.456064713886008, 365739.7084055422456 ], [ 1306815.085393236484379, 366351.80781927757198 ], [ 1306780.87130743288435, 366365.846716626489069 ], [ 1306393.686417987104505, 366522.026768625073601 ], [ 1304595.037537990836427, 367249.756004462367855 ], [ 1301682.24392475001514, 368497.928133101726416 ], [ 1301190.943604234140366, 368710.94759108213475 ], [ 1300886.548463418381289, 368842.013158168934751 ], [ 1300681.433082791278139, 368931.030814052966889 ], [ 1300600.653696230612695, 368966.020912091131322 ], [ 1300536.450219293590635, 368995.09506797924405 ], [ 1300524.593212404288352, 369000.15437229629606 ], [ 1300115.991986728738993, 369176.331233225180767 ], [ 1300029.967762094456702, 369213.287800518388394 ], [ 1299929.876972721656784, 369256.093140323006082 ], [ 1299756.724849668098614, 369330.402327051211614 ], [ 1299739.352958639385179, 369337.798411542840768 ], [ 1299588.551257066661492, 369403.119759738852736 ], [ 1299416.794787156162784, 369477.393468626542017 ], [ 1298744.631929574767128, 369766.807605550566223 ], [ 1298207.350591348484159, 370000.089479363523424 ], [ 1297746.161867221351713, 370200.333276707562618 ], [ 1296289.766067809425294, 370828.981148792663589 ], [ 1293852.313919279491529, 371847.561060150386766 ], [ 1293596.705445937579498, 371954.787079031404573 ], [ 1292155.599726510234177, 372554.1118008174235 ], [ 1291503.746523358393461, 372835.881741880322807 ], [ 1291128.65108452970162, 372998.899134561768733 ], [ 1290822.996926354942843, 373131.220123565057293 ], [ 1290776.987990631721914, 373151.801898159959819 ], [ 1290615.077203141292557, 373227.325126390554942 ], [ 1290595.779963803244755, 373235.509714758838527 ], [ 1290553.01529778027907, 373252.358243343420327 ], [ 1290515.595835254061967, 373270.881753617257345 ], [ 1290294.371935873059556, 373369.907064399914816 ], [ 1290166.8776504911948, 373429.178800496156327 ], [ 1290164.17112947604619, 373432.168850973772351 ], [ 1289852.567065791459754, 373570.861528969951905 ], [ 1289209.187036848859861, 374369.953524666198064 ], [ 1289129.911671171197668, 374468.351908648153767 ], [ 1288430.241456137737259, 375337.897617409063969 ], [ 1287739.246426551602781, 376196.656321188493166 ], [ 1287345.652054840233177, 376686.048592906154227 ], [ 1286550.125964528182521, 377674.19549628806999 ], [ 1285908.864987720036879, 378471.500046578759793 ], [ 1285818.029830004321411, 378584.443596413300838 ], [ 1285713.172008174937218, 378714.54059399390826 ], [ 1285648.744069033768028, 378794.317417617188767 ], [ 1285629.289737748447806, 378816.723372406209819 ], [ 1285561.726780024822801, 378894.036409093416296 ], [ 1285456.045943302102387, 379024.52186979225371 ], [ 1285281.676048967987299, 379221.784357545373496 ], [ 1285163.890820249216631, 379358.073799425212201 ], [ 1284293.400576989864931, 380351.297114450135268 ], [ 1283626.456619257573038, 381112.207785767503083 ], [ 1283151.36578447627835, 381652.775680774648208 ], [ 1282450.63591677416116, 382449.283212272624951 ], [ 1282408.477402779506519, 382497.106701062410139 ], [ 1282069.316077392315492, 382881.572414292371832 ], [ 1280726.214182903990149, 384411.45372035849141 ], [ 1280574.648275007726625, 384584.061686748755164 ], [ 1280430.113023485755548, 384748.82082171732327 ], [ 1279906.008799009956419, 385345.857163261680398 ], [ 1279776.333635234972462, 385493.440334454295225 ], [ 1279674.798841496463865, 385590.672700425377116 ], [ 1279635.117400065297261, 385636.974186325620394 ], [ 1279498.539958830457181, 385796.778668069746345 ], [ 1279383.349771043984219, 385923.914269674802199 ], [ 1279272.804123668000102, 386047.640371365472674 ], [ 1279165.758134786039591, 386166.895677152671851 ], [ 1279021.707161355763674, 386328.370200225501321 ], [ 1278999.333850068971515, 386355.601311088481452 ], [ 1278906.583265388151631, 386457.692970024363603 ], [ 1278866.245558327296749, 386500.369808950345032 ], [ 1278650.953830526676029, 386745.47825871524401 ], [ 1278408.630977613385767, 387020.502169568790123 ], [ 1278216.565881053218618, 387238.723519541497808 ], [ 1278139.309483833843842, 387326.534804336435627 ], [ 1278124.182279902510345, 387343.723558035504539 ], [ 1278111.21174177294597, 387358.300717983336654 ], [ 1278078.264193253358826, 387396.033815014292486 ], [ 1278074.208999276394024, 387400.520905964192934 ], [ 1277972.198536307783797, 387520.004889922565781 ], [ 1277939.013798841275275, 387559.202601480064914 ], [ 1277918.066130459075794, 387587.488064627046697 ], [ 1277879.050627100747079, 387637.418292833201122 ], [ 1277861.542264631018043, 387649.207498257572297 ], [ 1277836.705705420579761, 387677.966670505178627 ], [ 1277762.712516058469191, 387762.772089954582043 ], [ 1277724.080797041766346, 387806.496346888889093 ], [ 1277661.716919630533084, 387878.584574698121287 ], [ 1277619.010090292897075, 387926.067855838220567 ], [ 1277548.020730106625706, 388008.602963866433129 ], [ 1277472.677912443643436, 388094.90499231708236 ], [ 1277430.240120469359681, 388142.016628495242912 ], [ 1277341.16462866216898, 388245.469131560879759 ], [ 1277276.646559972781688, 388320.170018687902484 ], [ 1277256.331188197247684, 388341.149542665167246 ], [ 1277218.516378320055082, 388384.122817791823763 ], [ 1277189.388910486362875, 388418.834319196699653 ], [ 1277078.360069982009009, 388544.406806319428142 ], [ 1276917.10653725033626, 388727.515659560041968 ], [ 1276771.27968764049001, 388894.156446999171749 ], [ 1276697.717822050442919, 388974.215474336408079 ], [ 1276626.591280098538846, 389051.655154563719407 ], [ 1276422.355560481315479, 389272.056150360731408 ], [ 1276332.958810752956197, 389373.699427431391086 ], [ 1276319.670947887236252, 389386.828775708912872 ], [ 1276196.755850158398971, 389525.495451992028393 ], [ 1276123.806059106951579, 389607.361291284498293 ], [ 1276026.282448305981234, 389717.252227564982604 ], [ 1275701.798421820392832, 390081.354961871635169 ], [ 1275460.564200637163594, 390353.099505561054684 ], [ 1275349.584019036032259, 390479.772337333764881 ], [ 1275150.497670881217346, 390704.048388814087957 ], [ 1274938.995015294058248, 390942.525064021872822 ], [ 1274915.465309400344267, 390967.970594657876063 ], [ 1273483.94565249606967, 392582.041463920497335 ], [ 1273075.573396394960582, 393041.849492142733652 ], [ 1272941.35047045419924, 393193.244474126549903 ], [ 1272853.571205935673788, 393291.94008307781769 ], [ 1272488.167157270479947, 393703.530153790081386 ], [ 1271202.462615469936281, 395151.80506943014916 ], [ 1270788.464504192816094, 395616.551279449893627 ], [ 1269997.088951411657035, 396509.310381305986084 ], [ 1269778.161345624132082, 396757.521305580390617 ], [ 1269741.403888632776216, 396797.561363714106847 ], [ 1269528.10047669429332, 397037.597091696865391 ], [ 1269291.861214927397668, 397303.798126284498721 ], [ 1268763.777571763843298, 397898.652184612117708 ], [ 1268405.007838100893423, 398303.55878476012731 ], [ 1267422.637806405313313, 399409.944349460012745 ], [ 1266201.652531150262803, 400791.419775937974919 ], [ 1265830.361601737095043, 401203.649035891226958 ], [ 1265605.551544958958402, 401457.534830433200113 ], [ 1264976.990334931528196, 402166.141319967573509 ], [ 1264941.435436505358666, 402208.705807952268515 ], [ 1264591.871947150444612, 402599.924361419805791 ], [ 1264130.148265511961654, 403120.825053420849144 ], [ 1262632.847043122863397, 404809.986495677265339 ], [ 1262365.238007048144937, 405103.764851295913104 ], [ 1262262.176842554239556, 405229.909397308190819 ], [ 1262059.851480192737654, 405459.130522975465283 ], [ 1262001.587261666776612, 405525.312571146874689 ], [ 1261951.946889539016411, 405581.40675596089568 ], [ 1261696.658919081091881, 405867.185356751549989 ], [ 1261597.638594896066934, 405978.638775355357211 ], [ 1261522.871193610364571, 406061.696892970066983 ], [ 1261261.989895594539121, 406356.023568633070681 ], [ 1260675.824789175763726, 407009.590288258448709 ], [ 1260220.66567915584892, 407520.540977665048558 ], [ 1260158.032227322924882, 407589.404803408775479 ], [ 1260035.675295285880566, 407731.422479020082392 ], [ 1259724.638274695258588, 408072.03993331984384 ], [ 1259532.468353106174618, 408294.430522016366012 ], [ 1259512.248158322414383, 408317.609736234589946 ], [ 1259493.66620430117473, 408339.648355927085504 ], [ 1259445.953928785165772, 408394.599024681549054 ], [ 1259078.85973099572584, 408818.843942098261323 ], [ 1259014.164354738313705, 408893.237184803409036 ], [ 1258950.59300878085196, 408967.962608125875704 ], [ 1255840.353171938098967, 412565.809469932341017 ], [ 1255320.359085872303694, 413167.300578965980094 ], [ 1255237.648034133017063, 413263.001283517456613 ], [ 1255182.837508551077917, 413322.175935521780048 ], [ 1255115.824107466032729, 413392.638591547380202 ], [ 1254337.586300830589607, 414247.656945426599123 ], [ 1254110.472331055440009, 414500.265357491385657 ], [ 1254098.869009477552027, 414512.994150867161807 ], [ 1253831.14016425376758, 414805.053916419972666 ], [ 1252391.633973218733445, 416383.871618369652424 ], [ 1252266.426223006099463, 416520.547390924592037 ], [ 1252132.840147305512801, 416665.850607792148367 ], [ 1251515.31574850785546, 417344.257036945666187 ], [ 1250671.726010569836944, 418269.46095530531602 ], [ 1250250.641432207077742, 418760.299170789658092 ], [ 1249838.616078490391374, 419236.666389665566385 ], [ 1248743.861926443874836, 420516.617781559354626 ], [ 1248557.027807429200038, 420733.842441402724944 ], [ 1247623.786790958140045, 421755.088139053434134 ], [ 1246764.251711488002911, 422695.847637283033691 ], [ 1245983.796252968488261, 423550.123183938732836 ], [ 1245904.23809289932251, 423637.018099926703144 ], [ 1245641.319501620251685, 423925.023539202578831 ], [ 1245500.787121301516891, 424077.494810474803671 ], [ 1245473.587955421535298, 424108.545592338603456 ], [ 1245446.902192843146622, 424138.123456878412981 ], [ 1245081.778635193360969, 424537.388785415620077 ], [ 1244952.889866202836856, 424678.586698848346714 ], [ 1244907.595747771905735, 424728.394216152373701 ], [ 1244890.590384736424312, 424746.389288738544565 ], [ 1243381.778640902834013, 426398.888115469540935 ], [ 1242306.580166768515483, 427574.336802089877892 ], [ 1242279.324442713521421, 427603.206314141163602 ], [ 1242307.895836611511186, 427628.238097547902726 ], [ 1242972.574361931532621, 428214.689053832611535 ], [ 1243903.439076187787578, 429033.115943155949935 ], [ 1243993.678010629257187, 429110.998998701397795 ], [ 1244141.351354569662362, 429239.670312416623347 ], [ 1244148.784745487617329, 429246.375778899120633 ], [ 1244162.517833643825725, 429259.091240062844008 ], [ 1244180.81785453716293, 429275.681056848843582 ], [ 1244185.384799881372601, 429279.5554055745597 ], [ 1244196.240687959594652, 429289.075612798682414 ], [ 1244857.632183865411207, 429870.934429064742289 ], [ 1244907.9412532155402, 429916.102717008965556 ], [ 1245038.193967102561146, 430029.98524910089327 ], [ 1245294.738921589450911, 430255.682190141757019 ], [ 1245675.82596157072112, 430590.697635621589143 ], [ 1246030.349402886349708, 430902.81046664272435 ], [ 1246535.399699518224224, 431347.173991281539202 ], [ 1246617.099202767014503, 431419.121572545438539 ], [ 1246843.042904170695692, 431617.670353521651123 ], [ 1246857.329349357169122, 431630.370993398770224 ], [ 1247588.303203000221401, 432274.035687102761585 ], [ 1247918.762940840795636, 432564.284752958221361 ], [ 1249518.450786449015141, 433971.212928699038457 ], [ 1249532.167852759128436, 433983.567276328627486 ], [ 1249548.450852778507397, 433998.033241681347135 ], [ 1249602.15361972944811, 434045.662574764632154 ], [ 1250301.489327921299264, 434668.463641090260353 ], [ 1250502.870776570634916, 434847.353600609640125 ], [ 1251105.885792969726026, 435384.065982991596684 ], [ 1251306.432347983121872, 435563.35111793858232 ], [ 1251598.802634016377851, 435819.408016209199559 ], [ 1252473.727911084657535, 436590.213708615046926 ], [ 1252744.995089073898271, 436829.405267097754404 ], [ 1252765.30387120670639, 436848.493850245606154 ], [ 1252765.630024415440857, 436821.514436301076785 ], [ 1255916.61541455774568, 439575.159164408338256 ], [ 1258655.574087294982746, 441993.778738490771502 ], [ 1258765.752095967065543, 442091.182302379747853 ], [ 1258847.669216842856258, 442163.527088316448499 ], [ 1262093.700914406683296, 445030.353014041960705 ], [ 1265940.745144213549793, 448442.364234595443122 ], [ 1266029.309186350787058, 448515.270618974580429 ], [ 1266259.33151143300347, 448702.211571747960988 ], [ 1266615.313424290856346, 449015.661303860368207 ], [ 1266623.877382454229519, 449023.434319961816072 ], [ 1266770.769649850670248, 449152.623070372792426 ], [ 1266994.38343202508986, 449349.229767408512998 ], [ 1267042.584724385291338, 449391.586199811310507 ], [ 1267105.607325539225712, 449446.63937998842448 ], [ 1267504.55660735280253, 449853.631413721828721 ], [ 1267561.815711546223611, 449911.401575268129818 ], [ 1267630.488836065400392, 449979.414981166250072 ], [ 1267762.482699622167274, 450113.044036287581548 ], [ 1268231.535605918150395, 450531.8944800204481 ], [ 1270042.438427542569116, 452145.462266209651716 ], [ 1270183.634983422467485, 452271.18826400465332 ], [ 1270265.207423184765503, 452343.579460962733719 ], [ 1271549.630971004953608, 453488.613931214087643 ], [ 1273531.779381202533841, 455255.372918078908697 ], [ 1273768.834784970385954, 455478.992101887415629 ], [ 1273853.35967995878309, 455558.235752976732329 ], [ 1273891.116029965691268, 455595.798568852129392 ], [ 1273995.011781472479925, 455691.623446394747589 ], [ 1273999.846955069573596, 455695.49552784190746 ], [ 1274012.675655714934692, 455706.794801100506447 ], [ 1274053.569266653154045, 455747.184655637596734 ], [ 1274164.613641474628821, 455850.096896446309984 ], [ 1274239.115933811292052, 455919.056398466753308 ], [ 1274575.12215551850386, 456231.360235709347762 ], [ 1274682.170794505625963, 456330.743239877163433 ], [ 1274811.778134226100519, 456451.355863427859731 ], [ 1274896.656521257711574, 456533.508592255937401 ], [ 1274911.706602741265669, 456554.585731257742736 ], [ 1275331.532271915348247, 456941.793457292718813 ], [ 1276835.851412238785997, 458331.988350336556323 ], [ 1277368.722545981174335, 458827.199815738364123 ], [ 1277965.501887019956484, 459381.850881319318432 ], [ 1278684.399189894087613, 460050.069825857004616 ], [ 1278714.644663788611069, 460078.010823014250491 ], [ 1279071.075164892477915, 460409.115317147632595 ], [ 1279315.663738330360502, 460627.471869671950117 ], [ 1279409.182881439337507, 460711.58347256493289 ], [ 1279595.036888734903187, 460877.289811475900933 ], [ 1279943.661917177261785, 461188.580905625480227 ], [ 1279996.671710187802091, 461235.564661581127439 ], [ 1280021.464400683529675, 461257.46461714169709 ], [ 1280050.308240450918674, 461285.082096380472649 ], [ 1280413.978033362422138, 461598.143976362189278 ], [ 1280475.116969452938065, 461667.496644912927877 ], [ 1280485.534265041351318, 461672.306696133804508 ], [ 1280743.817269684746861, 461785.330628327908926 ], [ 1281071.315686733229086, 461928.853016832203139 ], [ 1281220.496554424520582, 461996.468470342922956 ], [ 1281330.085171164013445, 462049.52283321658615 ], [ 1281367.583491038996726, 462088.561739250202663 ], [ 1281392.516957047395408, 462115.561410858179443 ], [ 1281412.292588352225721, 462166.759427599550691 ], [ 1281454.503758017905056, 462284.752400055062026 ], [ 1281411.656577709130943, 462392.008330538577866 ], [ 1281393.723695300985128, 462426.404808768595103 ], [ 1281379.00854303734377, 462466.54236458579544 ], [ 1281365.261271912837401, 462501.550486783788074 ], [ 1281343.981979114934802, 462555.356718426570296 ], [ 1281329.315886152442545, 462607.155391081643756 ], [ 1281325.083176150685176, 462634.607882736483589 ], [ 1281323.729242001427338, 462665.624219726596493 ], [ 1281322.044486136175692, 462704.667766103288159 ], [ 1281323.68583916593343, 462723.573259274067823 ], [ 1281329.306422040564939, 462745.647306927421596 ], [ 1281337.375001872889698, 462765.83049698715331 ], [ 1281345.496731700375676, 462777.994262150197756 ], [ 1281360.147725904127583, 462795.077389727870468 ], [ 1281363.612423649989069, 462799.718174417386763 ], [ 1281381.605631859507412, 462817.072110938490368 ], [ 1281408.061547401128337, 462838.926804607559461 ], [ 1281426.024084957549348, 462855.188276710454375 ], [ 1281485.8956391250249, 462909.271891238400713 ], [ 1281509.286810674471781, 462930.848103672207799 ], [ 1281529.541975559433922, 462949.596580093086231 ], [ 1281566.546773319831118, 462980.996105799335055 ], [ 1281571.830437122145668, 462991.052737652033102 ], [ 1281608.157372029032558, 463018.097893040452618 ], [ 1281627.067103993380442, 463028.50174708745908 ], [ 1281643.714681186713278, 463037.511173287406564 ], [ 1281693.760495102964342, 463018.615723506023642 ], [ 1281712.078615027014166, 463007.898017718805932 ], [ 1281734.490369053324685, 462994.514513918664306 ], [ 1281781.418492651544511, 462983.360048601578455 ], [ 1281853.027013414539397, 463019.986615946341772 ], [ 1281881.462050972739235, 463062.924576341174543 ], [ 1281904.274644367396832, 463093.628643725765869 ], [ 1281912.879945273278281, 463103.227887287794147 ], [ 1281935.817185822175816, 463128.461719043029007 ], [ 1281967.67808835930191, 463164.743726039887406 ], [ 1281989.308454712154344, 463192.929807622916996 ], [ 1282006.610673929564655, 463215.405853727075737 ], [ 1282015.554729578783736, 463227.182357209676411 ], [ 1282033.126774633070454, 463239.446223730337806 ], [ 1282061.074338141595945, 463255.064163392002229 ], [ 1282077.16627002810128, 463264.089430998079479 ], [ 1282095.797945308731869, 463274.501420838176273 ], [ 1282125.212858913699165, 463302.834160101367161 ], [ 1282148.643869234481826, 463325.867652244749479 ], [ 1282164.555081866215914, 463358.222931083641015 ], [ 1282179.582301691640168, 463388.780704442819115 ], [ 1282185.6068872413598, 463395.536660023732111 ], [ 1282197.470118336146697, 463412.333843293774407 ], [ 1282202.896131284534931, 463427.48894113348797 ], [ 1282211.860403931932524, 463439.993850168015342 ], [ 1282229.139393201330677, 463471.58198433596408 ], [ 1282245.325594537658617, 463513.769807803328149 ], [ 1282267.202670584898442, 463580.581080234027468 ], [ 1282278.250670119188726, 463607.970209934806917 ], [ 1282300.881537798792124, 463662.0046123865759 ], [ 1282311.004770352737978, 463686.139571697101928 ], [ 1282347.864813725929707, 463712.441961048985831 ], [ 1282391.240821546409279, 463713.414925014949404 ], [ 1282417.36118431808427, 463713.412966418836731 ], [ 1282444.79852055106312, 463710.823027745820582 ], [ 1282465.314752604579553, 463709.155660798191093 ], [ 1282513.533374604769051, 463674.64156351465499 ], [ 1282561.614723551319912, 463615.348708957142662 ], [ 1282573.949065997730941, 463599.332260469556786 ], [ 1282581.191232423298061, 463590.018387817661278 ], [ 1282602.904954982222989, 463571.552877418289427 ], [ 1282639.418882050551474, 463545.748833892226685 ], [ 1282647.050795943010598, 463540.433045594836585 ], [ 1282677.616571447812021, 463530.466842877038289 ], [ 1282692.034597663907334, 463529.334684140863828 ], [ 1282726.668316657654941, 463535.655079093761742 ], [ 1282785.323466076515615, 463546.406074653204996 ], [ 1282797.784970896551386, 463554.80442566605052 ], [ 1282822.050799822900444, 463567.975010063906666 ], [ 1282831.458010564558208, 463576.458786096598487 ], [ 1282851.979108796222135, 463594.836431346368045 ], [ 1282862.402570140780881, 463609.85192554135574 ], [ 1282870.663101834710687, 463636.954795137397014 ], [ 1282868.935312876710668, 463674.541590615350287 ], [ 1282846.250009312294424, 463747.701730254280847 ], [ 1282839.038343829568475, 463758.108025214867666 ], [ 1282832.162731824209914, 463780.53181972441962 ], [ 1282827.697117899311706, 463789.767976467614062 ], [ 1282822.439265807857737, 463800.484093372593634 ], [ 1282812.983291040407494, 463820.064440065645613 ], [ 1282809.391400944907218, 463830.733973427210003 ], [ 1282806.426115715643391, 463843.937144489376806 ], [ 1282787.06019313284196, 463926.480268028972205 ], [ 1282764.67237575026229, 464079.811502858996391 ], [ 1282762.405044066021219, 464098.097483812191058 ], [ 1282755.952020019991323, 464155.496830387390219 ], [ 1282747.106848087860271, 464236.652428996225353 ], [ 1282737.892433242406696, 464314.538299786858261 ], [ 1282731.347886771196499, 464368.660159663646482 ], [ 1282747.468940534861758, 464418.503601550357416 ], [ 1282775.77118036756292, 464446.868200630415231 ], [ 1282807.532742833951488, 464459.829127652919851 ], [ 1282849.491289451019838, 464449.908959757653065 ], [ 1282928.082194149494171, 464428.395504523767158 ], [ 1282947.764891557628289, 464426.751830190129112 ], [ 1283009.907885674387217, 464423.192184764542617 ], [ 1283045.426900164922699, 464421.470315360464156 ], [ 1283057.037357415771112, 464419.323488582042046 ], [ 1283102.554635287728161, 464407.482018457143568 ], [ 1283151.320642066188157, 464362.749207817541901 ], [ 1283162.778456477215514, 464355.139928586781025 ], [ 1283200.937295656185597, 464328.561813856591471 ], [ 1283239.177636814769357, 464304.897093779640272 ], [ 1283299.141816222341731, 464263.131699636986014 ], [ 1283350.712626996682957, 464229.254464966477826 ], [ 1283397.499484450556338, 464203.164484578999691 ], [ 1283432.056541149504483, 464186.892014589102473 ], [ 1283442.116079009603709, 464178.957486780476756 ], [ 1283451.772928255842999, 464176.500981434888672 ], [ 1283464.331364926416427, 464168.496648150205147 ], [ 1283473.978046434698626, 464165.675984636414796 ], [ 1283486.546669458039105, 464158.035829702974297 ], [ 1283498.37389856367372, 464153.696453732671216 ], [ 1283503.547598058357835, 464149.907408138562459 ], [ 1283511.508017486426979, 464146.404965250228997 ], [ 1283616.876227351138368, 464098.634154083381873 ], [ 1283647.092801041668281, 464086.12774338980671 ], [ 1283763.855577762937173, 464038.403780490276404 ], [ 1283790.357990305870771, 464032.196937773667742 ], [ 1283841.717254601884633, 464020.558189069386572 ], [ 1283874.585456087719649, 464013.444790184265003 ], [ 1283984.293250295333564, 464001.63507215451682 ], [ 1284025.017212599050254, 463997.218180512718391 ], [ 1284060.660001360112801, 464059.637702729261946 ], [ 1284088.767942587612197, 464081.084635958366562 ], [ 1284131.937129076570272, 464114.502558685373515 ], [ 1284203.328984704101458, 464163.533199059253093 ], [ 1284263.956306864041835, 464205.210957548697479 ], [ 1284324.728979611303657, 464242.146944646781776 ], [ 1284328.142110516317189, 464244.967315619986039 ], [ 1284369.235024602152407, 464273.705715272226371 ], [ 1284425.256793717155233, 464309.681147211638745 ], [ 1284484.024443600093946, 464344.486750507378019 ], [ 1284543.831426516408101, 464376.712344058498275 ], [ 1284565.278335017617792, 464388.505438939086162 ], [ 1284615.049023587023839, 464419.553344469633885 ], [ 1284671.50009083468467, 464460.984110293327831 ], [ 1284685.450291987042874, 464472.986383412848227 ], [ 1284691.761728495359421, 464480.099383396562189 ], [ 1284760.215640591690317, 464543.427107361203525 ], [ 1284796.31652949959971, 464582.510025275347289 ], [ 1284832.76253870385699, 464633.974695622280706 ], [ 1284932.463244210928679, 464791.553295404068194 ], [ 1284948.217613799264655, 464818.447893090546131 ], [ 1284967.110346869099885, 464868.215406035946216 ], [ 1284991.464060102822259, 464944.43560252210591 ], [ 1285003.354590404313058, 464992.211635543615557 ], [ 1285025.377248633420095, 465144.302600996161345 ], [ 1285027.882628935389221, 465154.437384127464611 ], [ 1285029.866206500446424, 465185.724856868968345 ], [ 1285039.604891772614792, 465325.766939647437539 ], [ 1285027.438411938492209, 465387.698267439671326 ], [ 1285006.281989744864404, 465485.960843523207586 ], [ 1285044.27033444494009, 465533.009402968396898 ], [ 1285064.026312980102375, 465553.961313226493075 ], [ 1285106.148566283751279, 465599.801382983161602 ], [ 1285157.151465661358088, 465655.234184745349921 ], [ 1285236.147600422613323, 465728.109515857999213 ], [ 1285261.300130325369537, 465753.284601198567543 ], [ 1285361.111840055091307, 465815.375653740484267 ], [ 1285457.615429657511413, 465868.447991176508367 ], [ 1285559.393651559250429, 465921.37377633881988 ], [ 1285646.953815964283422, 465992.554038154601585 ], [ 1285681.067256888374686, 466030.235745078942273 ], [ 1285702.261174319544807, 466052.97035726060858 ], [ 1285767.964818108826876, 466137.515492979378905 ], [ 1285772.594400812173262, 466184.036264567635953 ], [ 1285775.318646274507046, 466212.023108370543923 ], [ 1285761.012313201790676, 466247.044301622139756 ], [ 1285750.359605208504945, 466273.581395934161264 ], [ 1285774.367411910556257, 466357.465428465337027 ], [ 1285791.577693195780739, 466416.756114007846918 ], [ 1285824.016885755117983, 466474.164966965967324 ], [ 1285850.968079124810174, 466524.073198019585107 ], [ 1285869.652649444760755, 466546.513363353733439 ], [ 1285880.895820954814553, 466561.142808519478422 ], [ 1285893.62223961786367, 466569.170849737070967 ], [ 1285916.248089791508391, 466583.48340257286327 ], [ 1285923.608328913804144, 466588.380800470826216 ], [ 1285986.273212823551148, 466603.765455861750524 ], [ 1286020.407232518773526, 466612.290983673883602 ], [ 1286096.231925688451156, 466631.318556285346858 ], [ 1286254.784894572105259, 466607.954590133449528 ], [ 1286280.790598314953968, 466603.950893676257692 ], [ 1286396.646054600831121, 466593.802846354315989 ], [ 1286512.090041803894565, 466608.813877222652081 ], [ 1286617.606056015240029, 466636.492877359502017 ], [ 1286695.454560992773622, 466658.381604374095332 ], [ 1286724.560584890656173, 466665.954575438052416 ], [ 1286847.481255752034485, 466700.075131142744794 ], [ 1286987.200801925733685, 466738.831633438763674 ], [ 1287053.913289615651593, 466829.912139589432627 ], [ 1287081.402378099272028, 466889.282411511405371 ], [ 1287099.768852168461308, 466930.319287106220145 ], [ 1287111.692054038168862, 467009.438081530854106 ], [ 1287163.793674580287188, 467074.684520970506128 ], [ 1287237.063706634333357, 467121.849228945269715 ], [ 1287325.068816076032817, 467189.378414913837332 ], [ 1287333.291801226092502, 467195.345605346141383 ], [ 1287363.508679315913469, 467222.933215606142767 ], [ 1287418.31574589968659, 467305.598622856894508 ], [ 1287446.247430989285931, 467360.948034022410866 ], [ 1287492.700690444326028, 467452.956918221840169 ], [ 1287499.460157224908471, 467466.253819803125225 ], [ 1287522.711375161074102, 467503.146359590988141 ], [ 1287578.062439980451018, 467585.432545880263206 ], [ 1287667.235134087502956, 467635.072417010320351 ], [ 1287766.875919530866668, 467681.506339487852529 ], [ 1287845.699907064437866, 467718.67843381036073 ], [ 1287902.15746034309268, 467740.800320207723416 ], [ 1287949.958344721235335, 467761.340381759800948 ], [ 1288028.459747093729675, 467826.949115824128967 ], [ 1288047.792258626082912, 467842.812789764197078 ], [ 1288159.637490599881858, 467928.63459949393291 ], [ 1288199.215266408165917, 467943.207679143291898 ], [ 1288246.081621352816001, 467960.129734099493362 ], [ 1288310.033744065091014, 467982.044585776864551 ], [ 1288385.756532023660839, 468007.642013606207911 ], [ 1288431.557836883002892, 468036.256363471620716 ], [ 1288483.022350006736815, 468068.722662371059414 ], [ 1288610.663859644904733, 468183.264322591479868 ], [ 1288700.549572235438973, 468298.853521662240382 ], [ 1288917.00782338809222, 468580.76775581977563 ], [ 1289080.929295813431963, 468811.658973062061705 ], [ 1289169.735441794153303, 468938.577680326125119 ], [ 1289198.857940368587151, 468966.926691671367735 ], [ 1289271.356027642730623, 469036.71455374150537 ], [ 1289295.330174031667411, 469059.739569825818762 ], [ 1289305.081306639593095, 469070.767358426237479 ], [ 1289391.841692763147876, 469174.054268183535896 ], [ 1289454.456112916115671, 469248.125394894217607 ], [ 1289484.20856160344556, 469289.213028187048621 ], [ 1289508.752373177558184, 469322.791512168303598 ], [ 1289526.92106093140319, 469376.955780413758475 ], [ 1289542.944791970541701, 469423.890470269194338 ], [ 1289556.339002803666517, 469466.160147015121765 ], [ 1289558.957443082937971, 469510.550516214570962 ], [ 1289561.182532510720193, 469540.738234064308926 ], [ 1289576.055872984463349, 469566.202261263271794 ], [ 1289596.177987336413935, 469600.632185350987129 ], [ 1289617.183249526424333, 469636.859917614259757 ], [ 1289625.374615334207192, 469641.735373673669528 ], [ 1289650.781469423789531, 469656.338697340921499 ], [ 1289670.036167138256133, 469659.450008258223534 ], [ 1289686.454435344552621, 469660.453176157083362 ], [ 1289796.658489465946332, 469657.401844770647585 ], [ 1289821.641778201796114, 469656.710176060791127 ], [ 1289843.046615202445537, 469657.21094743499998 ], [ 1289864.542182861128822, 469660.98927409411408 ], [ 1289887.148111449088901, 469664.736882289929781 ], [ 1289900.790443257428706, 469665.817037147877272 ], [ 1289921.19578635180369, 469670.354491714620963 ], [ 1289940.707864514086396, 469672.729989814048167 ], [ 1289975.290538432309404, 469677.603965446702205 ], [ 1290092.624898882117122, 469701.325887215265539 ], [ 1290127.707715668715537, 469694.159394372894894 ], [ 1290177.987561629386619, 469684.021294246253092 ], [ 1290227.586816642433405, 469659.324142325494904 ], [ 1290242.107757676392794, 469651.997834950161632 ], [ 1290260.197104525985196, 469643.115011057350785 ], [ 1290335.825286889215931, 469605.306672720471397 ], [ 1290411.99881203006953, 469567.119040715449955 ], [ 1290515.311897549778223, 469515.789773993426934 ], [ 1290671.155490569071844, 469475.39971871394664 ], [ 1290740.656148973153904, 469457.077908303821459 ], [ 1290798.825866059167311, 469440.891781901649665 ], [ 1290828.604738747701049, 469432.779586334596388 ], [ 1290932.553346483269706, 469404.394859438529238 ], [ 1291110.071520067518577, 469414.431471698568203 ], [ 1291211.069863077020273, 469420.023234323889483 ], [ 1291358.81471216538921, 469428.33308599278098 ], [ 1291430.872666902840137, 469432.174008853093255 ], [ 1291548.2369675997179, 469406.701429537090007 ], [ 1291674.434273123042658, 469379.163302886998281 ], [ 1291743.471167113631964, 469364.137207174149808 ], [ 1291811.407810723409057, 469349.506127567437943 ], [ 1291904.007958543021232, 469352.78142193047097 ], [ 1291961.590838702395558, 469355.565620058623608 ], [ 1292051.614701898768544, 469416.495489602442831 ], [ 1292110.995984186185524, 469484.466755430621561 ], [ 1292135.425427051261067, 469514.041986166732386 ], [ 1292162.890837958082557, 469522.759895546361804 ], [ 1292212.299870161805302, 469541.441481123561971 ], [ 1292265.080126222455874, 469561.487964346306399 ], [ 1292346.43502037297003, 469559.972825166594703 ], [ 1292419.272117666900158, 469582.017584770335816 ], [ 1292501.603896081913263, 469595.782864090811927 ], [ 1292518.062206286704168, 469598.244615695090033 ], [ 1292579.163366393884644, 469627.902435288939159 ], [ 1292628.8405440247152, 469706.711488856992219 ], [ 1292622.102730641840026, 469774.684714803472161 ], [ 1292575.034087121253833, 469840.854350610054098 ], [ 1292509.183606558246538, 469921.026601513964124 ], [ 1292480.047564743552357, 469952.443758093693759 ], [ 1292400.696341084083542, 470036.63312119350303 ], [ 1292351.079376997658983, 470070.802006608049851 ], [ 1292032.69336005160585, 470230.832164445426315 ], [ 1291957.342274867696688, 470268.627620553423185 ], [ 1291804.377642509760335, 470362.868611709156539 ], [ 1291754.551034323405474, 470389.391104753944091 ], [ 1291688.835835594683886, 470424.005806467903312 ], [ 1291580.638487975811586, 470479.474013349274173 ], [ 1291519.777430365094915, 470528.897564603423234 ], [ 1291460.819458721671253, 470576.810916309477761 ], [ 1291446.721182512817904, 470599.431712104531471 ], [ 1291389.308557438198477, 470693.22319267160492 ], [ 1291456.654250349616632, 470798.146744876576122 ], [ 1291530.021634642966092, 470839.489975792646874 ], [ 1291694.544696252793074, 470932.61942279007053 ], [ 1291730.667832887964323, 470953.124609411286656 ], [ 1291763.122083022026345, 470971.54443853785051 ], [ 1291842.768269754713401, 470998.866168325825129 ], [ 1291909.227452236460522, 471021.449834784900304 ], [ 1292037.396495658205822, 471065.655412634718232 ], [ 1292087.026127701625228, 471072.30376957077533 ], [ 1292177.372730932896957, 471084.753335924644489 ], [ 1292248.476085520349443, 471094.45405305136228 ], [ 1292291.136059491662309, 471100.201747964543756 ], [ 1292423.587190589634702, 471118.415304532041773 ], [ 1292514.210995987989008, 471130.858457219670527 ], [ 1292605.389851185260341, 471143.286637970129959 ], [ 1292677.673416255507618, 471155.507191645621788 ], [ 1292698.899644868215546, 471159.659832448931411 ], [ 1292748.697069290559739, 471222.79448771342868 ], [ 1292742.909240076318383, 471284.910375062434468 ], [ 1292725.954758445965126, 471334.942841164709534 ], [ 1292708.187713355291635, 471385.726622067042626 ], [ 1292707.495553775690496, 471390.847991056391038 ], [ 1292691.390473472187296, 471431.381395110453013 ], [ 1292681.809532023966312, 471446.587952924252022 ], [ 1292679.314942150376737, 471456.861303596291691 ], [ 1292672.439451454905793, 471469.442132403666619 ], [ 1292670.22243978921324, 471479.707831349980552 ], [ 1292659.116672707023099, 471500.058727291470859 ], [ 1292657.076834636274725, 471506.675051870406605 ], [ 1292655.849629646167159, 471512.540073157229926 ], [ 1292641.386492053978145, 471542.0947734847432 ], [ 1292573.574766023084521, 471641.636937493283767 ], [ 1292549.895385976415128, 471679.463718523911666 ], [ 1292528.881300131324679, 471713.20808401692193 ], [ 1292509.3098263470456, 471789.188796928734519 ], [ 1292503.411468251841143, 471817.049601975886617 ], [ 1292494.708207339746878, 471874.143703809299041 ], [ 1292497.631766078062356, 471899.574525885283947 ], [ 1292511.786638729274273, 471979.72745384654263 ], [ 1292520.238626040052623, 472024.321631061378866 ], [ 1292526.733956663869321, 472058.400741013640072 ], [ 1292557.953423131722957, 472122.776240648643579 ], [ 1292565.939727102639154, 472140.41402773844311 ], [ 1292568.708943155827001, 472150.177796048112214 ], [ 1292602.693784369155765, 472214.112644316104706 ], [ 1292629.327699559275061, 472263.307803370116744 ], [ 1292662.077918231720105, 472312.698800631216727 ], [ 1292683.818805986782536, 472345.628708143543918 ], [ 1292709.308497369056568, 472383.557569265249185 ], [ 1292739.396168313920498, 472416.986302819743287 ], [ 1292797.150008702185005, 472476.621642831712961 ], [ 1292860.84576704679057, 472520.057562026369851 ], [ 1292922.013155560707673, 472562.469979583460372 ], [ 1292977.816389872226864, 472601.750333774718456 ], [ 1293055.014933858765289, 472651.37470461713383 ], [ 1293142.693509741919115, 472708.363989191770088 ], [ 1293270.985265746945515, 472797.764074199309107 ], [ 1293352.258967863861471, 472854.201626962283626 ], [ 1293385.073899704031646, 472895.93833273142809 ], [ 1293426.69680297235027, 472954.92605366546195 ], [ 1293460.484328195918351, 473031.98763544758549 ], [ 1293472.041061085648835, 473058.274151678895578 ], [ 1293504.173303126124665, 473105.496547415736131 ], [ 1293553.105434469180182, 473177.767807465454098 ], [ 1293622.104411255568266, 473262.60680544457864 ], [ 1293675.306261693127453, 473328.565102073422167 ], [ 1293727.417684885440394, 473395.282426366640721 ], [ 1293732.864193493966013, 473441.781974001845811 ], [ 1293737.932883329922333, 473484.647433408594225 ], [ 1293729.189599110977724, 473610.987537741602864 ], [ 1293732.496427505975589, 473630.212307523237541 ], [ 1293745.014529412379488, 473721.708883482438978 ], [ 1293826.302961064735427, 473839.374983114947099 ], [ 1293766.806505266577005, 473928.116122007777449 ], [ 1293691.804569557541981, 474038.786817734770011 ], [ 1293739.049624459818006, 474080.126686355913989 ], [ 1293792.480634643463418, 474124.211950439377688 ], [ 1293821.558609400643036, 474141.269528805743903 ], [ 1293867.579701008275151, 474168.429807644162793 ], [ 1293941.606067104730755, 474173.68134519335581 ], [ 1294004.502332271076739, 474117.647482712520286 ], [ 1294089.765622820705175, 474077.034100974386092 ], [ 1294149.401095334207639, 474053.890770716767292 ], [ 1294190.082576642977074, 474058.602714514592662 ], [ 1294275.560327220940962, 474106.545213359640911 ], [ 1294337.621185819851235, 474141.283022626885213 ], [ 1294416.061003746697679, 474155.525822777359281 ], [ 1294495.160237371223047, 474153.350533683202229 ], [ 1294507.437873041955754, 474104.90564779448323 ], [ 1294522.240634684450924, 474047.28011125541525 ], [ 1294558.219685769407079, 474002.192468202265445 ], [ 1294567.345731198787689, 473990.643620008893777 ], [ 1294653.066951498854905, 473916.125900844694115 ], [ 1294671.519441732903942, 473900.311751921777613 ], [ 1294734.593754993751645, 473870.879704456194304 ], [ 1294783.040227735415101, 473814.516236234048847 ], [ 1294860.006771644810215, 473765.022438420855906 ], [ 1294910.729520432185382, 473730.828050817945041 ], [ 1294925.961850242456421, 473719.111534942290746 ], [ 1294929.084227955201641, 473681.123063638224266 ], [ 1294994.634673184482381, 473640.69020650460152 ], [ 1295085.455182570964098, 473650.586044771363959 ], [ 1295130.350332089466974, 473657.006035051832441 ], [ 1295202.487609657924622, 473674.340112411940936 ], [ 1295245.044650558149442, 473646.201924117514864 ], [ 1295326.295867722481489, 473600.965325823111925 ], [ 1295382.465499454876408, 473583.022530494024977 ], [ 1295451.549959036288783, 473559.987398538039997 ], [ 1295498.045583534287289, 473543.768311836931389 ], [ 1295524.567791405366734, 473528.462154422013555 ], [ 1295558.741407363675535, 473508.572574977355544 ], [ 1295588.891818977659568, 473493.895774186239578 ], [ 1295630.024250845890492, 473474.544149275345262 ], [ 1295676.594839424593374, 473481.28359759360319 ], [ 1295706.652424096595496, 473493.578669887385331 ], [ 1295723.277693822048604, 473502.233537293388508 ], [ 1295735.529813478002325, 473503.355033713276498 ], [ 1295778.404542647534981, 473517.120634798659012 ], [ 1295865.653805062873289, 473558.824383190774824 ], [ 1295948.187712369021028, 473570.408614135289099 ], [ 1296036.779836057452485, 473590.209218502801377 ], [ 1296107.155769475968555, 473624.358885030262172 ], [ 1296215.65033530886285, 473590.040275062550791 ], [ 1296307.081238130107522, 473581.701479680312332 ], [ 1296317.013030742760748, 473579.242417736619245 ], [ 1296385.633085354464129, 473559.502709339139983 ], [ 1296410.238816547207534, 473524.934328639821615 ], [ 1296416.382771228905767, 473516.019106728897896 ], [ 1296430.847053757868707, 473476.262109978881199 ], [ 1296492.169314080616459, 473443.602684680139646 ], [ 1296539.186953504802659, 473456.527125030639581 ], [ 1296598.161085191648453, 473480.057332474214491 ], [ 1296631.039656770415604, 473473.689348183281254 ], [ 1296651.36864857794717, 473465.47870657290332 ], [ 1296670.735242130933329, 473452.556637849251274 ], [ 1296692.6677363619674, 473431.910850341315381 ], [ 1296726.411290074465796, 473386.158913858700544 ], [ 1296729.017112160334364, 473379.891881149378605 ], [ 1296749.420333859045058, 473343.981249981152359 ], [ 1296775.917857901193202, 473297.334634009283036 ], [ 1296777.91112192790024, 473248.443994947476313 ], [ 1296743.525128816487268, 473199.821457635436673 ], [ 1296719.3543105723802, 473179.34592716943007 ], [ 1296694.61836601770483, 473158.521460979129188 ], [ 1296705.538879973115399, 473141.457549077051226 ], [ 1296723.643926828401163, 473112.898851266887505 ], [ 1296772.082167911808938, 473086.424449501733761 ], [ 1296825.127279503038153, 473045.61044090607902 ], [ 1296938.702982478076592, 473024.276019707322121 ], [ 1297014.578566619195044, 473046.250832651916426 ], [ 1297080.270783682120964, 473051.375780850532465 ], [ 1297131.427430314477533, 473093.708249551185872 ], [ 1297203.438535348279402, 473126.722916925908066 ], [ 1297248.441984019707888, 473126.948216784803662 ], [ 1297275.351265239994973, 473105.437788302253466 ], [ 1297293.139549081679434, 473075.430414087371901 ], [ 1297292.900209636427462, 473066.690225508005824 ], [ 1297318.31546570872888, 473061.620901630201843 ], [ 1297327.107431513722986, 473058.10012674581958 ], [ 1297347.686283686896786, 473058.994427777361125 ], [ 1297386.593640437815338, 473059.751353123399895 ], [ 1297433.004909593844786, 473060.66734394012019 ], [ 1297481.924124463927001, 473061.87921218725387 ], [ 1297502.770548453554511, 473062.401870507572312 ], [ 1297537.363478815881535, 473047.605900677270256 ], [ 1297537.712917494121939, 472999.489265314827207 ], [ 1297547.916341608855873, 472956.205158578348346 ], [ 1297554.829017156967893, 472914.468925310357008 ], [ 1297571.660202483413741, 472910.363737660169136 ], [ 1297593.944366949144751, 472912.669359953375533 ], [ 1297614.28564024833031, 472915.028180221095681 ], [ 1297641.853311097016558, 472917.553681587160099 ], [ 1297676.25022020493634, 472915.883388755726628 ], [ 1297722.547628701198846, 472882.1805478540482 ], [ 1297732.230687447590753, 472870.617693693726324 ], [ 1297757.771345116663724, 472839.669638634426519 ], [ 1297781.428964459337294, 472810.9598232076969 ], [ 1297816.241635888349265, 472804.176091618835926 ], [ 1297854.636977785266936, 472826.814619014330674 ], [ 1297879.500325796892866, 472842.170037530595437 ], [ 1297904.9187542560976, 472857.510294344683643 ], [ 1297937.05826417170465, 472874.853389128285926 ], [ 1297964.131992797367275, 472889.78397393564228 ], [ 1297995.706345200538635, 472906.778156938729808 ], [ 1298012.341113043017685, 472915.79874897771515 ], [ 1298028.789333796827123, 472938.30900415580254 ], [ 1298037.428876819089055, 472979.984120583394542 ], [ 1298040.34797128289938, 473015.620108467526734 ], [ 1298044.875340458936989, 473069.43447117228061 ], [ 1298086.378337506670505, 473134.628678484586999 ], [ 1298140.744133812375367, 473172.50206043740036 ], [ 1298203.533307441044599, 473193.380630856030621 ], [ 1298235.195446313591674, 473203.448211765033193 ], [ 1298276.494749808683991, 473230.745782090583816 ], [ 1298298.344191547948867, 473247.641811951354612 ], [ 1298360.57044608076103, 473288.580766057304572 ], [ 1298429.865888980217278, 473344.26895298413001 ], [ 1298479.98898915713653, 473389.547995358065236 ], [ 1298505.467384828720242, 473417.278420058137272 ], [ 1298562.09442993439734, 473476.957729360612575 ], [ 1298571.324371418682858, 473489.461105803318787 ], [ 1298637.736073328647763, 473561.628801179293077 ], [ 1298695.562230647308752, 473624.555659907462541 ], [ 1298739.933236312586814, 473652.498938439413905 ], [ 1298782.321512293070555, 473679.038681842386723 ], [ 1298856.750032603275031, 473739.690038620610721 ], [ 1298878.340979910455644, 473757.322524178307503 ], [ 1298939.189221058273688, 473819.074031746247783 ], [ 1299063.577783369924873, 473908.974821622134186 ], [ 1299110.644665384432301, 473944.13406135229161 ], [ 1299139.580670266179368, 473966.303984425612725 ], [ 1299227.061893467092887, 474026.96441637101816 ], [ 1299255.937151404563338, 474036.744931524561252 ], [ 1299296.033399102510884, 474050.592473547440022 ], [ 1299351.36459378618747, 474062.930806244665291 ], [ 1299386.840287971775979, 474060.140078062249813 ], [ 1299404.265799929387867, 474057.477695180394221 ], [ 1299435.241182702593505, 474052.623208771401551 ], [ 1299505.923461599042639, 474027.004811041813809 ], [ 1299545.680870966054499, 474018.266296500747558 ], [ 1299571.571105628507212, 474010.270751350733917 ], [ 1299601.594684204552323, 474001.069091376382858 ], [ 1299625.532214706530795, 473992.762447950954083 ], [ 1299699.000223084585741, 473967.433043082302902 ], [ 1299730.491108665009961, 473961.107080754591152 ], [ 1299758.126210159389302, 473955.97970147698652 ], [ 1299782.87659306335263, 473946.922142820083536 ], [ 1299816.428906765999272, 473934.708901183912531 ], [ 1299816.764769931090996, 473916.477398356772028 ], [ 1299840.87007492640987, 473893.952968034835067 ], [ 1299852.774037268711254, 473882.330371850519441 ], [ 1299867.948936176719144, 473868.4318711173255 ], [ 1299879.317703742068261, 473857.552782108192332 ], [ 1299895.365004029124975, 473845.088288026105147 ], [ 1299930.325102814706042, 473833.565699524071533 ], [ 1300029.368319044355303, 473819.202000228571706 ], [ 1300048.795919626951218, 473808.467652361548971 ], [ 1300101.290092149050906, 473777.880346081743483 ], [ 1300122.710228985408321, 473768.913955603085924 ], [ 1300155.955610841047019, 473755.616220767784398 ], [ 1300168.871167425531894, 473750.526240055798553 ], [ 1300278.728297322290018, 473715.095244196709245 ], [ 1300302.933502232190222, 473696.213029529433697 ], [ 1300341.025578181492165, 473667.11222216731403 ], [ 1300363.635087159695104, 473650.8246949937311 ], [ 1300454.896140460623428, 473585.287926316668745 ], [ 1300587.591461111791432, 473511.333471645310055 ], [ 1300708.621641499456018, 473478.151114879990928 ], [ 1300825.478977061575279, 473444.718586795032024 ], [ 1300886.460832055425271, 473460.550932384852786 ], [ 1300924.51603795052506, 473532.039233800082002 ], [ 1300952.370540608186275, 473565.538548615819309 ], [ 1301013.411796582862735, 473603.965250028006267 ], [ 1301034.208017819561064, 473602.670031353598461 ], [ 1301091.610753809800372, 473599.284690986794885 ], [ 1301174.379241678165272, 473578.808785905072 ], [ 1301209.01333574950695, 473596.088170783652458 ], [ 1301221.939205246279016, 473611.771903638611548 ], [ 1301246.928512874757871, 473642.069528497522697 ], [ 1301269.618151136906818, 473689.923195462266449 ], [ 1301313.82749546202831, 473773.271266126190312 ], [ 1301348.005261177429929, 473804.412214884767309 ], [ 1301365.659114073961973, 473820.331775007245596 ], [ 1301380.894332385621965, 473849.437238880083896 ], [ 1301439.90213813027367, 473905.049286765162833 ], [ 1301442.746956562390551, 473907.522986710187979 ], [ 1301485.478675380349159, 473936.609091442893259 ], [ 1301534.891286431346089, 473945.833378530747723 ], [ 1301658.259573708055541, 473927.169894041551743 ], [ 1301700.356376243988052, 473973.7670503508416 ], [ 1301711.47736039175652, 474015.01135736273136 ], [ 1301727.802264935802668, 474053.562979302369058 ], [ 1301732.183353142580017, 474061.461610221245792 ], [ 1301740.667679837439209, 474097.675412583630532 ], [ 1301749.905202094698325, 474141.157650286797434 ], [ 1301756.585542665794492, 474172.318287637957837 ], [ 1301759.588804595405236, 474180.618850247177761 ], [ 1301764.048957428662106, 474201.635394863027614 ], [ 1301771.016873641870916, 474222.948169211449567 ], [ 1301773.246464161667973, 474264.069927491829731 ], [ 1301763.403161560883746, 474300.417854534694925 ], [ 1301773.869148636702448, 474378.853513488429599 ], [ 1301783.967910140985623, 474484.632628879044205 ], [ 1301792.124336031498387, 474559.851110888761468 ], [ 1301937.491455825045705, 474676.164500103564933 ], [ 1302010.481992909917608, 474725.202006747946143 ], [ 1302156.493118838407099, 474783.552214231051039 ], [ 1302216.597882280126214, 474818.362808322533965 ], [ 1302246.490605502156541, 474865.657074956630822 ], [ 1302255.787445937516168, 474880.711088297597598 ], [ 1302550.071837415685877, 474866.153202299552504 ], [ 1302701.098796038422734, 474874.076782995776739 ], [ 1302899.175210035638884, 474916.80365434702253 ], [ 1303030.928626945475116, 474992.310695777938236 ], [ 1303168.993070581462234, 475095.709426643676125 ], [ 1303401.955810318235308, 475267.600386912352405 ], [ 1303522.256257538218051, 475361.278632649220526 ], [ 1303586.484561368590221, 475353.704932822089177 ], [ 1303612.225470522651449, 475350.455487688537687 ], [ 1303627.737379712285474, 475348.941340964811388 ], [ 1303627.706836183089763, 475358.053309884388 ], [ 1303627.646654751850292, 475366.072746019635815 ], [ 1303627.348463650327176, 475375.556421374436468 ], [ 1303624.041430053533986, 475560.784520524379332 ], [ 1303618.953571555903181, 475823.687892781279515 ], [ 1303615.41961096925661, 476000.539953350264113 ], [ 1303593.765238503459841, 477147.309823837829754 ], [ 1303566.677572355605662, 478636.078737225150689 ], [ 1303529.963657576125115, 481243.233562145906035 ], [ 1303481.102092019282281, 484690.774994440900628 ], [ 1303473.145199120976031, 484704.47555143275531 ], [ 1303472.111352422041818, 484922.07902730506612 ], [ 1303468.743030175101012, 485575.261337077536155 ], [ 1303467.4421585383825, 485793.236638012749609 ], [ 1303474.045129615580663, 485883.076094049552921 ], [ 1303467.098992187296972, 486240.788369222835172 ], [ 1303418.583780757617205, 488451.757081727031618 ], [ 1303417.540883696172386, 488505.359377082146239 ], [ 1303410.154733461327851, 489020.526235676079523 ], [ 1303409.962238019797951, 489309.903978759772144 ], [ 1303393.128576614661142, 490223.306221218954306 ], [ 1303369.144598531536758, 491885.118290812126361 ], [ 1303356.956940829288214, 492744.457478349388111 ], [ 1303286.849372963421047, 495864.59865138377063 ], [ 1303282.783029630314559, 496072.446042068360839 ], [ 1303284.016231512185186, 496965.681680141598918 ], [ 1303284.541174151934683, 497342.5098079268937 ], [ 1304148.017407272709534, 497309.956368142389692 ], [ 1305729.996434037107974, 497250.322215633816086 ], [ 1306861.537754703313112, 497208.059382140578236 ], [ 1307591.707129658199847, 497181.416549098561518 ], [ 1307610.988981154048815, 497176.158294763939921 ], [ 1307650.244868327397853, 497170.725442397058941 ], [ 1307708.225986818084493, 497170.254078056139406 ], [ 1307740.270485408371314, 497175.220554123807233 ], [ 1308141.654873616760597, 497160.019461761636194 ], [ 1308907.278767816256732, 497131.002010774041992 ], [ 1309024.271738545270637, 497127.122024721466005 ], [ 1309490.505848257802427, 497129.512424787390046 ], [ 1309769.685715689091012, 497130.747333312639967 ], [ 1310049.42003144021146, 497131.970512804109603 ], [ 1310150.161155872745439, 497132.541851767746266 ], [ 1310247.18992293975316, 497129.204467630072031 ], [ 1310326.322691396577284, 497131.086305661534425 ], [ 1311203.00649747857824, 497135.600608286040369 ], [ 1311936.153264608466998, 497126.865424503805116 ], [ 1312157.788696454139426, 497124.203813623753376 ], [ 1312335.594192115589976, 497121.989757850184105 ], [ 1312566.102610690752044, 497119.094080190989189 ], [ 1312687.332993717631325, 497118.033671387645882 ], [ 1312906.779406688176095, 497116.530807329225354 ], [ 1312935.626397481653839, 497116.122949875483755 ], [ 1313056.034666877007112, 497115.450822666462045 ], [ 1313140.376880887662992, 497115.015620343445335 ], [ 1313331.165837132837623, 497110.63907791726524 ], [ 1314318.122140333522111, 497098.830138110613916 ], [ 1315311.771945891436189, 497088.340211368631572 ], [ 1315490.696211523609236, 497086.483666973828804 ], [ 1316284.061143406201154, 497078.095085877692327 ], [ 1316335.164251485606655, 497069.445085992512759 ], [ 1316440.783443710766733, 497076.107952011923771 ], [ 1316604.305933155817911, 497079.407472485792823 ], [ 1316649.560999873327091, 497080.389408483402804 ], [ 1316668.158253953093663, 497080.623245289491024 ], [ 1316843.04918502504006, 497083.621738985239062 ], [ 1316989.350977408699691, 497086.288776973087806 ], [ 1317066.80940452334471, 497087.872474677977152 ], [ 1317089.288581251399592, 497088.003359885711689 ], [ 1317130.097397784003988, 497088.740017315838486 ], [ 1317142.31715747108683, 497089.143859321309719 ], [ 1317387.724520599935204, 497093.550608472141903 ], [ 1317512.262613279977813, 497091.697236190724652 ], [ 1317550.24048983049579, 497090.323180787963793 ], [ 1317798.975036129588261, 497094.645598800154403 ], [ 1317875.898106800857931, 497096.97496877372032 ], [ 1317921.449660787824541, 497098.680264445079956 ], [ 1317992.311206815065816, 497102.628825019812211 ], [ 1318011.337198230205104, 497098.114502644864842 ], [ 1318168.749189506517723, 497101.222332014411222 ], [ 1318357.503570369211957, 497103.863442606932949 ], [ 1321692.097276797285303, 497152.222178552590776 ], [ 1324663.877618008293211, 497195.993416097364388 ], [ 1324667.959153650561348, 496918.54523219174007 ], [ 1324720.356142915319651, 496916.80319638986839 ], [ 1324958.246204634429887, 496909.821246114908718 ], [ 1324972.66494665434584, 496909.44231625192333 ], [ 1325510.279561360832304, 496893.861900613817852 ], [ 1325738.742221707943827, 496887.135086622496601 ], [ 1326275.525519797112793, 496871.593306924914941 ], [ 1326788.261825111461803, 496859.608998801442795 ], [ 1327336.491475173272192, 496836.137261719326489 ], [ 1327603.803141879616305, 496829.504018023028038 ], [ 1327792.375616214238107, 496825.298206818057224 ], [ 1328191.13931728573516, 496815.961193355266005 ], [ 1328755.643280355725437, 496799.384544829023071 ], [ 1329110.539297788636759, 496789.021970555419102 ], [ 1330087.338430700823665, 496760.620773433765862 ], [ 1330232.07181713054888, 496756.483410309650935 ], [ 1330530.125026718014851, 496747.62310862011509 ], [ 1330598.05993623752147, 496745.853298162634019 ], [ 1331387.970440072007477, 496722.373221677320544 ], [ 1331435.940853705164045, 496721.125179727503564 ], [ 1332116.611080766888335, 496700.875299143895973 ], [ 1332125.206942598335445, 496700.651910434069578 ], [ 1332288.241584250703454, 496696.051108613202814 ], [ 1333495.154631327139214, 496660.350674764893483 ], [ 1334417.333948508836329, 496633.538795062340796 ], [ 1334595.619838506449014, 496628.558455632359255 ], [ 1334823.530670662410557, 496621.930757516354788 ], [ 1334874.875840739812702, 496622.424320793827064 ], [ 1334957.76573851890862, 496619.550775544950739 ], [ 1335039.010770067339763, 496617.448938854155131 ], [ 1335380.045358051080257, 496607.535884763987269 ], [ 1335697.520113188074902, 496598.600838950253092 ], [ 1335965.083312664180994, 496590.959118609782308 ], [ 1336396.800637502456084, 496579.082431514747441 ], [ 1336929.135935486294329, 496563.160320757539012 ], [ 1338124.086102457949892, 496526.174577968311496 ], [ 1338362.285760836442932, 496520.408296078792773 ], [ 1338638.483292521676049, 496514.031374945538118 ], [ 1339317.695282323984429, 496480.170731956372038 ], [ 1340836.876473377225921, 496405.469572866684757 ], [ 1341091.823949757963419, 496392.740749356511515 ], [ 1341157.504207930294797, 496389.60028112254804 ], [ 1341515.270403711125255, 496372.055403576523531 ], [ 1341630.538970573106781, 496365.824419576267246 ], [ 1341738.330081150867045, 496360.149798418162391 ], [ 1341802.069436968769878, 496357.060739389969967 ], [ 1341978.036633139243349, 496348.184748832311016 ], [ 1342686.352321787970141, 496312.944245739839971 ], [ 1343008.91357679059729, 496296.68539257964585 ], [ 1345226.450150820426643, 496187.300567664729897 ], [ 1345236.996504215989262, 496187.396576612023637 ], [ 1345284.662867751438171, 496185.090125375369098 ], [ 1345296.854434225941077, 496184.415420485485811 ], [ 1345301.291101635899395, 496184.302510670677293 ], [ 1345324.565069465665147, 496182.981349790934473 ], [ 1345444.55826416076161, 496177.012556747358758 ], [ 1345700.3411618063692, 496164.310548375477083 ], [ 1346074.167378489393741, 496145.33065091521712 ], [ 1346132.417245170567185, 496144.579020083474461 ], [ 1346231.438316779676825, 496143.155886056483723 ], [ 1346289.410891769453883, 496142.411674982926343 ], [ 1346344.887837027898058, 496141.73100621503545 ], [ 1346690.486453772056848, 496136.597340132924728 ], [ 1346876.300078605534509, 496143.906120389583521 ], [ 1347068.99043005425483, 496137.922172932769172 ], [ 1347253.37130754487589, 496132.514981799060479 ], [ 1347256.689575685886666, 496132.066365726699587 ], [ 1347349.148162582190707, 496123.525560273847077 ], [ 1347357.198880238225684, 496123.685785299399868 ], [ 1347402.64712305739522, 496121.439725339005236 ], [ 1347493.016750188544393, 496118.054521259211469 ], [ 1347763.589609434595332, 496108.643367275246419 ], [ 1347830.130597713403404, 496106.592308476101607 ], [ 1347853.349331171484664, 496103.088352757797111 ], [ 1347885.709498885087669, 496098.988307691295631 ], [ 1347982.790060668019578, 496086.688429136236664 ], [ 1347997.726959281601012, 496084.852205026254524 ], [ 1348014.90988733060658, 496084.052380364504643 ], [ 1348025.724308500532061, 496083.778364444850013 ], [ 1348058.167572732781991, 496082.956345336977392 ], [ 1348068.981994383502752, 496082.682348519854713 ], [ 1348088.891718369210139, 496079.991321967914701 ], [ 1348093.873763490002602, 496079.500667758984491 ], [ 1348147.243675453588367, 496072.317662279237993 ], [ 1348166.60805478412658, 496070.004947975976393 ], [ 1348230.884685015538707, 496066.190174230199773 ], [ 1348300.697968991938978, 496061.870911214733496 ], [ 1348414.545550903771073, 496054.250176065717824 ], [ 1348510.128717706771567, 496048.550116420781706 ], [ 1348656.382848637877032, 496038.652328394469805 ], [ 1348875.22346139093861, 496024.367617077077739 ], [ 1348895.44745877594687, 496023.127030334842857 ], [ 1349015.950383130228147, 496015.340704792703036 ], [ 1349181.328897997736931, 496004.597839908208698 ], [ 1350687.595310033299029, 495867.788710371649358 ], [ 1350762.613717091269791, 495860.794140519108623 ], [ 1351607.23855611984618, 495783.744254185818136 ], [ 1353150.62220840388909, 495643.601207433093805 ], [ 1353577.3346766193863, 495608.829997653258033 ], [ 1354266.571034438442439, 495553.267294464109 ], [ 1354314.98872397840023, 495547.679737039899919 ], [ 1354406.878444231348112, 495538.451086493965704 ], [ 1354458.828018866712227, 495529.859798588207923 ], [ 1354506.636401938507333, 495522.101313834427856 ], [ 1354550.803398883668706, 495512.976490936707705 ], [ 1354566.277377146994695, 495510.401965387165546 ], [ 1354595.034337990684435, 495506.401162771042436 ], [ 1354729.765338219469413, 495501.566247246286366 ], [ 1354746.412432954180986, 495501.513450643513352 ], [ 1354790.271382586332038, 495502.236418978776783 ], [ 1354898.199153531342745, 495490.785541774239391 ], [ 1355219.023910548305139, 495460.154177842603531 ], [ 1355325.342936099506915, 495450.932064818392973 ], [ 1355375.284296262310818, 495450.774923531629611 ], [ 1355555.542266033822671, 495435.693976696813479 ], [ 1356563.766153230797499, 495442.184700142301153 ], [ 1356900.672333468683064, 495444.336722598993219 ], [ 1357716.016207065898925, 495449.497411316318903 ], [ 1358103.990383163327351, 495452.214466901437845 ], [ 1360196.062270540045574, 495471.950267164444085 ], [ 1361751.655258535174653, 495486.929472877760418 ], [ 1362243.406771419104189, 495478.759158114728052 ], [ 1363196.675357895204797, 495462.831036439107265 ], [ 1363377.510896797524765, 495459.819588127429597 ], [ 1363703.401316747302189, 495454.319917336688377 ], [ 1363967.444877645466477, 495449.986839644960128 ], [ 1364160.070875811157748, 495452.520953687198926 ], [ 1364254.156459495658055, 495453.47911084536463 ], [ 1364395.159631269751117, 495455.46675339282956 ], [ 1364541.97707673208788, 495456.947383016580716 ], [ 1364981.883552571525797, 495461.772427277930547 ], [ 1365103.180275727529079, 495463.520955311250873 ], [ 1365128.441485482966527, 495463.991819066228345 ], [ 1365226.077961007365957, 495462.679653901199345 ], [ 1365477.660735761281103, 495459.398680048936512 ], [ 1365479.262476313160732, 495468.105487589840777 ], [ 1365734.880363201489672, 495482.22028691280866 ], [ 1366171.932806794065982, 495506.451550348021556 ], [ 1367272.704478151863441, 495497.622839014919009 ], [ 1367401.979687430197373, 495496.635873401595745 ], [ 1367721.27655448904261, 495493.902479191368911 ], [ 1368076.64019401348196, 495491.017773803439923 ], [ 1368129.908498712815344, 495490.805056845303625 ], [ 1370793.240804549539462, 495363.338436754595023 ], [ 1374435.936112291412428, 495185.781633435515687 ], [ 1374638.798294045263901, 495175.759428438555915 ], [ 1374824.934112895745784, 495162.500153699715156 ], [ 1375078.93001272296533, 495144.317998555081431 ], [ 1375307.189915767870843, 495128.948409967648331 ], [ 1375773.059426655992866, 495094.709523772122338 ], [ 1376245.602949574589729, 495061.046965178160463 ], [ 1376351.955758234020323, 495053.00877245090669 ], [ 1376860.774761411827058, 495016.294465115584899 ], [ 1378520.674498275388032, 494928.145121308800299 ], [ 1379045.558952523395419, 494901.657531723438296 ], [ 1380565.682932041585445, 494862.200138540763874 ], [ 1381218.436873973812908, 494845.444402668508701 ], [ 1381597.211948956828564, 494835.2706217681407 ], [ 1382545.576149941189215, 494811.46758036193205 ], [ 1383106.820077968062833, 494796.951932548545301 ], [ 1385610.692255079746246, 494704.794198643299751 ], [ 1386254.551184344338253, 494663.968413681956008 ], [ 1388189.310815969947726, 494534.957916975137778 ], [ 1390035.178861294873059, 494330.579131032631267 ], [ 1390735.774914123117924, 494271.403773125435691 ], [ 1390926.240124782780185, 494253.063196460425388 ], [ 1391735.775734885595739, 494142.15117949602427 ], [ 1392002.523964832304046, 494146.43855726311449 ], [ 1392863.218912526033819, 494169.558493049757089 ], [ 1393811.705227406462654, 494197.572251102654263 ], [ 1394708.987943991553038, 494278.569443859858438 ], [ 1394979.880419555585831, 494270.401932225213386 ], [ 1395089.679470519535244, 494267.102002644678578 ], [ 1395189.495255008339882, 494264.036272621131502 ], [ 1395516.874678228283301, 494250.908246040286031 ], [ 1396865.764972334029153, 494197.156496782845352 ], [ 1399149.913643912877887, 494104.226271998079028 ], [ 1400359.913865852169693, 494055.35423186927801 ], [ 1400377.376313572051004, 494054.584716801065952 ], [ 1400455.831352367298678, 494051.671597003354691 ], [ 1401273.315587045392022, 494018.876108740805648 ], [ 1403681.137936808168888, 493922.047269390430301 ], [ 1405264.555852935183793, 493858.613568960689008 ], [ 1405474.377782327588648, 493837.02593805664219 ], [ 1406742.118795841466635, 493740.497511949157342 ], [ 1408055.298852989915758, 493640.808561752375681 ], [ 1409515.563561129616573, 493493.374495496973395 ], [ 1409845.860636893194169, 493461.786765204917174 ], [ 1410250.957578994799405, 493437.244248368777335 ], [ 1410776.56631977413781, 493404.497596983797848 ], [ 1411130.92288751504384, 493381.489632980083115 ], [ 1411794.81053902907297, 493340.880944258824456 ], [ 1413303.731936593540013, 493220.991577081615105 ], [ 1413843.554380113258958, 493178.514047855336685 ], [ 1414990.358304801164195, 493093.898926090099849 ], [ 1415336.646554931299761, 493069.676688392297365 ], [ 1416197.568881375947967, 493005.424485337454826 ], [ 1416921.381534685380757, 492951.578334580408409 ], [ 1417865.134041142649949, 492881.146698483964428 ], [ 1418012.77855187188834, 492870.175095878948923 ], [ 1418097.820408215513453, 492863.890872187679633 ], [ 1418127.461905466625467, 492861.767113010631874 ], [ 1418267.357755936449394, 492851.699996297422331 ], [ 1418533.854281497420743, 492832.595529600686859 ], [ 1418724.942614857107401, 492828.669694293639623 ], [ 1418761.272807670524344, 492827.854191218793858 ], [ 1419071.392846399685368, 492823.810391425155103 ], [ 1419096.63802593271248, 492823.608472870255355 ], [ 1419108.555035752011463, 492822.976739029050805 ], [ 1419264.871024845167994, 492815.097854924038984 ], [ 1419316.97637192485854, 492812.471781929722056 ], [ 1419416.146463567391038, 492817.536395802570041 ], [ 1419451.367353507783264, 492816.746786805626471 ], [ 1419544.011853843461722, 492815.398868704331107 ], [ 1420829.401485739275813, 492859.503027735219803 ], [ 1421974.931943696457893, 492878.371337847958785 ], [ 1422063.195754210697487, 492879.681547057116404 ], [ 1422139.803599990671501, 492880.887689449707977 ], [ 1422223.262308253673837, 492890.687028792570345 ], [ 1422607.737802163464949, 492886.487227633711882 ], [ 1422869.959851646097377, 492887.203223998949397 ], [ 1423518.989297870080918, 492888.786292665114161 ], [ 1423569.772927743615583, 492889.113932435400784 ], [ 1423656.609327549347654, 492888.63960610103095 ], [ 1423734.864726857747883, 492889.085268026799895 ], [ 1423779.555205676006153, 492889.913280974549707 ], [ 1423997.657300281804055, 492890.529453599825501 ], [ 1424055.651452302699909, 492890.697793359053321 ], [ 1424268.223085607169196, 492892.168129960482474 ], [ 1425526.963306062156335, 492899.212432274769526 ], [ 1427451.409849289571866, 492821.64009292452829 ], [ 1427793.791576169896871, 492808.61271662870422 ], [ 1427977.826132198097184, 492799.448730382311624 ], [ 1428952.549887130269781, 492761.193469953374006 ], [ 1429022.167861612746492, 492760.024285519320983 ], [ 1429125.958243862492964, 492748.263770980236586 ], [ 1429150.592543409438804, 492745.534835035796277 ], [ 1429178.261444228468463, 492742.010290057223756 ], [ 1429559.628095187013969, 492722.68311618611915 ], [ 1429592.907805086346343, 492721.950810881098732 ], [ 1429591.412279880139977, 492666.594233558978885 ], [ 1429574.789414928294718, 492226.395028203784022 ], [ 1429386.845802291529253, 492058.16799577960046 ], [ 1429253.810308643151075, 491939.021205974218901 ], [ 1429207.501844906713814, 491877.363261452177539 ], [ 1429136.905293035553768, 491783.808260204619728 ], [ 1429085.459704716922715, 491715.704388629936147 ], [ 1429000.569860853953287, 491603.151129592617508 ], [ 1428946.081823697080836, 491510.335057940275874 ], [ 1428907.702487516682595, 491443.401331102009863 ], [ 1428845.143112242454663, 491336.915928894886747 ], [ 1428818.002537284977734, 491251.150091914052609 ], [ 1428738.336591714061797, 490985.432773611042649 ], [ 1428721.05956032522954, 490893.983620466664433 ], [ 1428697.27378707844764, 490708.661612646828871 ], [ 1428702.512049517827109, 490568.614923913963139 ], [ 1428703.713037643115968, 490358.691613495000638 ], [ 1428699.428544465219602, 490227.236119467241224 ], [ 1428711.382528700167313, 489787.501302736520302 ], [ 1428762.423539024312049, 489522.183636458648834 ], [ 1428808.45502976863645, 489306.535453685384709 ], [ 1428949.038335865130648, 488847.93363141088048 ], [ 1429131.414873691042885, 488320.997933504229877 ], [ 1429309.56037773587741, 487891.452786551089957 ], [ 1429617.773801999399439, 487179.91476126643829 ], [ 1429953.730104199144989, 486467.042628933442757 ], [ 1430253.838203971507028, 485473.280264793895185 ], [ 1430436.656522559933364, 484774.349013267084956 ], [ 1430467.348158887121826, 484339.307507149584126 ], [ 1430481.963727842317894, 483892.593939343001693 ], [ 1430399.609651083825156, 483315.003317660943139 ], [ 1430372.936695573385805, 483200.07371721760137 ], [ 1430307.014924408169463, 482915.830565815209411 ], [ 1430206.277842365205288, 482601.013912186142989 ], [ 1430083.958632773952559, 482238.935290624154732 ], [ 1429914.335828257491812, 481922.354039753845427 ], [ 1429793.126112822210416, 481699.453945890301839 ], [ 1429492.375704469159245, 481176.592210796894506 ], [ 1429213.200514185708016, 480688.606183499970939 ], [ 1428907.266444402979687, 480170.967141421511769 ], [ 1428810.419505758443847, 480046.652566670731176 ], [ 1428495.882465843809769, 479643.265716968162451 ], [ 1428215.588938113534823, 479282.491561860428192 ], [ 1427725.31838931934908, 478641.026760640030261 ], [ 1427592.092687409836799, 478466.503429348173086 ], [ 1427426.326337892794982, 478188.844766235910356 ], [ 1427287.698991060024127, 477971.078501946874894 ], [ 1426950.363871084293351, 477543.435074584034737 ], [ 1426617.09191917674616, 477136.841607359529007 ], [ 1426339.285674726590514, 476790.609335409884807 ], [ 1425944.391232843045145, 476423.285836985276546 ], [ 1425868.287992734462023, 476359.378416456689592 ], [ 1425090.616360171232373, 475647.076617333746981 ], [ 1424451.313480223761871, 475015.903805171779823 ], [ 1423944.722691466566175, 474510.432147681713104 ], [ 1423860.99110993463546, 474453.623916499083862 ], [ 1423671.651714578270912, 474242.834830604144372 ], [ 1423361.09279930847697, 473913.032670500688255 ], [ 1423149.12604513624683, 473696.555938302306458 ], [ 1422845.284432453569025, 473282.433790271694306 ], [ 1422584.613310267683119, 472837.108392189722508 ], [ 1422311.355127700138837, 472437.98080737516284 ], [ 1422251.362892805133015, 472362.793244794360362 ], [ 1422030.721112664788961, 471932.615220471052453 ], [ 1421885.847954315133393, 471650.154232945409603 ], [ 1421653.192929088836536, 471142.629788289545104 ], [ 1421584.827334801666439, 470991.106194472871721 ], [ 1421469.141276893438771, 470847.197962551377714 ], [ 1421322.891029197489843, 470665.345872536767274 ], [ 1421200.091634245589375, 470513.945210876176134 ], [ 1421062.820728952996433, 470398.579707244585734 ], [ 1421026.876190593466163, 470368.408272826694883 ], [ 1420916.201110786758363, 470275.04253311525099 ], [ 1420686.773137383861467, 470099.789487752423156 ], [ 1420506.543835999676958, 470001.056330951862037 ], [ 1420402.516983086476102, 469944.348845748638269 ], [ 1420302.424767157062888, 469889.740217657526955 ], [ 1420265.865706995828077, 469869.422470018267632 ], [ 1420104.361372769344598, 469788.493561565992422 ], [ 1419932.764863715972751, 469703.418704484996852 ], [ 1419625.768894101958722, 469562.343044576409739 ], [ 1419157.781310118967667, 469351.268959583132528 ], [ 1418809.724570109276101, 469200.191418931703083 ], [ 1418347.356280524516478, 468980.260879027482588 ], [ 1417875.21443546237424, 468758.372001867450308 ], [ 1417562.527815239038318, 468612.347903340298217 ], [ 1417373.073652542196214, 468524.412335184693802 ], [ 1417056.225076588336378, 468378.852546142123174 ], [ 1416497.326282728696242, 468190.644413008121774 ], [ 1416060.779816631926224, 468070.750093654321972 ], [ 1415708.601393166230991, 467972.647189932933543 ], [ 1415605.448266047751531, 467943.270225193700753 ], [ 1415404.333708896767348, 467880.756422835402191 ], [ 1415181.367005938198417, 467809.991748988337349 ], [ 1414679.781176154036075, 467651.869744140421972 ], [ 1414390.990594338160008, 467581.505985436786432 ], [ 1414146.888682208489627, 467522.16040271910606 ], [ 1413947.671352396020666, 467470.183207371039316 ], [ 1413724.968448757892475, 467411.450968553021085 ], [ 1413392.43479962949641, 467323.139727323432453 ], [ 1413323.989389592548832, 467305.740557151497342 ], [ 1413227.622409866424277, 467269.660540470445994 ], [ 1413002.108965545194224, 467185.125771498365793 ], [ 1412665.37099875183776, 467058.657115677313413 ], [ 1412060.406641397392377, 466826.407104519137647 ], [ 1411801.981025218265131, 466724.045583942031953 ], [ 1411773.382050891406834, 466712.305231993377674 ], [ 1411682.873593172756955, 466677.555780472350307 ], [ 1411445.196051453007385, 466583.836865423887502 ], [ 1411226.560928630409762, 466496.975473482569214 ], [ 1411200.795636016875505, 466487.722201104159467 ], [ 1411127.146318207262084, 466449.311918897379655 ], [ 1411042.25911526591517, 466405.326895731966943 ], [ 1410932.07021317561157, 466348.070175419037696 ], [ 1410813.444187010638416, 466286.268593531975057 ], [ 1410649.572037635371089, 466201.446311832754873 ], [ 1410378.58605538867414, 466060.394049222173635 ], [ 1410281.29784218291752, 466008.677004801516887 ], [ 1410064.053156631998718, 465885.718088365276344 ], [ 1409943.052233435912058, 465817.415442683734 ], [ 1409798.944177500670776, 465734.69932293437887 ], [ 1409462.324974816292524, 465481.093990852939896 ], [ 1409303.903882176615298, 465306.877077735669445 ], [ 1409219.276068060891703, 465213.697680984216277 ], [ 1409053.611299411393702, 465026.528994732128922 ], [ 1408893.034767161589116, 464867.66883089026669 ], [ 1408700.694364865776151, 464680.382480603875592 ], [ 1408498.40037785237655, 464483.121586550783832 ], [ 1408446.686657042009756, 464432.557242973532993 ], [ 1408073.523705175379291, 464027.848350796033628 ], [ 1407573.687136152293533, 463393.187675420718733 ], [ 1407294.576935769757256, 463008.56761185254436 ], [ 1407191.975667784688994, 462846.933827621687669 ], [ 1407054.365594050614163, 462624.517576839542016 ], [ 1406917.32084302068688, 462257.056004962942097 ], [ 1406864.910614449996501, 462115.774039784562774 ], [ 1406808.562255487078801, 461972.395960621885024 ], [ 1406565.718476232606918, 461401.471207600203343 ], [ 1406542.209968395764008, 461345.527176888834219 ], [ 1406440.711144553264603, 460893.076217040594202 ], [ 1406370.397958326851949, 460516.435829799622297 ], [ 1406233.048484248109162, 459712.42841915594181 ], [ 1406183.200427642324939, 459404.556344272161368 ], [ 1406141.768394642975181, 459039.644338516634889 ], [ 1406110.679636685177684, 458762.3167092371732 ], [ 1406064.531303593423218, 457973.710992746055126 ], [ 1406077.615506717003882, 457223.467384739662521 ], [ 1406135.331838544458151, 456856.282433259475511 ], [ 1406213.913424256490543, 456356.705239835602697 ], [ 1406338.334012074163184, 455820.001942021714058 ], [ 1406381.311221840558574, 455633.899985700030811 ], [ 1406430.94320914009586, 455422.86621035146527 ], [ 1406514.098760825116187, 455134.539784088206943 ], [ 1406613.048444274347275, 454795.564283129817341 ], [ 1406632.623198754619807, 454728.065697921963874 ], [ 1406746.125311977695674, 454369.079793002514634 ], [ 1406806.371916160918772, 454184.405408835795242 ], [ 1406880.626737155020237, 453956.046532360604033 ], [ 1407069.45351270865649, 453378.518341810442507 ], [ 1407132.56917145778425, 453185.398050041578244 ], [ 1407172.580192931462079, 453063.500764276541304 ], [ 1407277.773649756098166, 452741.512805410835426 ], [ 1407326.481063005980104, 452586.62065338017419 ], [ 1407396.507291833171621, 452343.055597126542125 ], [ 1407528.063310907687992, 451885.272753322613426 ], [ 1407654.534913297276944, 451448.013606411870569 ], [ 1408045.022103399736807, 450485.814178695960436 ], [ 1408176.150968862464651, 450166.518223993829452 ], [ 1408207.688568873330951, 450099.112448721600231 ], [ 1408293.272528267232701, 449915.321648191893473 ], [ 1408376.751692985184491, 449736.680869533680379 ], [ 1408565.912100582849234, 449328.970594897109549 ], [ 1408735.554279792821035, 449430.047215685655829 ], [ 1408800.089269577292725, 449468.659078262629919 ], [ 1409138.796101793413982, 449670.100997287721839 ], [ 1409247.561596902087331, 449734.671339231776074 ], [ 1409384.228799129137769, 449816.097544412710704 ], [ 1409486.109647616976872, 449871.351383081404492 ], [ 1409522.951656399294734, 449890.189633748552296 ], [ 1409547.320786546217278, 449898.380061681033112 ], [ 1409609.493709169561043, 449918.827758678176906 ], [ 1409718.459860957693309, 449955.701081281120423 ], [ 1409797.508668543072417, 449960.460046399326529 ], [ 1409810.599155012750998, 449961.619553114986047 ], [ 1409861.078577666310593, 449956.826084043190349 ], [ 1409975.998659983975813, 449962.226472807058599 ], [ 1410034.381799700669944, 449889.47483037027996 ], [ 1410085.815614941064268, 449828.906741407176014 ], [ 1410101.559978910256177, 449824.539985306269955 ], [ 1410125.182951524155214, 449799.95187280344544 ], [ 1410170.185310137690976, 449786.538076637254562 ], [ 1410208.030770381679758, 449776.202429735742044 ], [ 1410354.329343858640641, 449731.332065050082747 ], [ 1410508.104678191244602, 449685.199336524063256 ], [ 1410580.362997408956289, 449660.234405956289265 ], [ 1410708.753709845012054, 449622.332635708386078 ], [ 1410784.159490565536544, 449601.305166171514429 ], [ 1410833.246076157549396, 449608.570604928769171 ], [ 1410870.034091566689312, 449612.836057509179227 ], [ 1410965.180642042541876, 449616.504130593093578 ], [ 1411221.835181464441121, 449694.120883148396388 ], [ 1411535.445605757879093, 449697.2027332878788 ], [ 1411545.438789954176173, 449696.611476567049976 ], [ 1411586.261519770137966, 449694.955997339624446 ], [ 1411643.855783957289532, 449709.68234237661818 ], [ 1411698.421993604395539, 449737.96036002371693 ], [ 1411757.221455025020987, 449769.057637819496449 ], [ 1411763.534973880741745, 449790.049598346173298 ], [ 1411769.815424070460722, 449809.584708935930394 ], [ 1411798.423533743713051, 449845.375603127526119 ], [ 1411840.40175439720042, 449857.90594086702913 ], [ 1411870.749836368253455, 449860.132595327042509 ], [ 1411922.088010416831821, 449856.417096804478206 ], [ 1411949.036192931933329, 449855.805773696571123 ], [ 1411958.523257187567651, 449857.41256761160912 ], [ 1411983.499828974716365, 449880.167634370911401 ], [ 1411981.685193653684109, 449910.454032425477635 ], [ 1411977.760624591493979, 449933.500282882887404 ], [ 1411971.121911999536678, 449983.938135529577266 ], [ 1411986.100099908653647, 450019.309622717555612 ], [ 1412039.378336302936077, 450064.380015375150833 ], [ 1412080.591726473765448, 450092.232920186186675 ], [ 1412116.358363623498008, 450100.531789834785741 ], [ 1412157.808122923597693, 450126.557459039264359 ], [ 1412170.931416429113597, 450129.175077877764124 ], [ 1412184.78376438235864, 450139.428581003565341 ], [ 1412266.967461694730446, 450172.183221636863891 ], [ 1412307.024956468958408, 450185.851089691685047 ], [ 1412405.532852121628821, 450178.516479291720316 ], [ 1412599.426772358827293, 450124.199553768849 ], [ 1412644.468288549222052, 450100.221813404583372 ], [ 1412669.174457456218079, 450086.543662405922078 ], [ 1412728.720190135994926, 450064.788286967552267 ], [ 1412780.32491074106656, 450048.314531030657236 ], [ 1412861.614589077420533, 450029.346574903232977 ], [ 1412918.467560596996918, 450023.686258578498382 ], [ 1412961.715892965206876, 450018.698526957887225 ], [ 1413006.01777460356243, 450011.136216986342333 ], [ 1413061.333320879843086, 449998.951841355999932 ], [ 1413101.990693012485281, 449990.014615495572798 ], [ 1413193.639915066305548, 449962.067654236336239 ], [ 1413256.702452420955524, 449911.446377816901077 ], [ 1413308.457202718127519, 449864.725153936829884 ], [ 1413384.723583924816921, 449807.975032877526246 ], [ 1413464.942090915516019, 449778.46574422850972 ], [ 1413538.42359681124799, 449770.6087042047875 ], [ 1413579.491128647699952, 449767.4934031261364 ], [ 1413658.117213404970244, 449741.300370756071061 ], [ 1413710.227222604909912, 449710.241181924764533 ], [ 1413759.569126184796914, 449642.804715899575967 ], [ 1413768.734974930295721, 449630.207879515481181 ], [ 1413795.55734795355238, 449562.551876748388167 ], [ 1413839.738613959401846, 449512.723454249964561 ], [ 1413850.040537199703977, 449501.194166942557786 ], [ 1413886.091123297577724, 449448.270046582911164 ], [ 1413907.870132047683001, 449415.71056259208126 ], [ 1413948.483448465354741, 449380.174589558271691 ], [ 1413992.36694624950178, 449354.039169076248072 ], [ 1414051.129481255309656, 449322.101587864395697 ], [ 1414134.177956699859351, 449294.716992878529709 ], [ 1414318.77255336008966, 449222.039661233779043 ], [ 1414414.330113244941458, 449182.348302650498226 ], [ 1414490.211789203807712, 449145.288001005828846 ], [ 1414563.885783042758703, 449096.617002025130205 ], [ 1414656.466935309581459, 449035.858644413063303 ], [ 1414695.023771790321916, 449007.658361404144671 ], [ 1414734.404288183897734, 448966.685574160946999 ], [ 1414777.912885885918513, 448936.187269246554933 ], [ 1414792.718261183006689, 448927.107556323579047 ], [ 1414825.487010241951793, 448938.028836205252446 ], [ 1414859.271620776504278, 448969.333596178912558 ], [ 1414884.254521871218458, 448992.455819335416891 ], [ 1414911.4862152247224, 449029.010100867482834 ], [ 1414936.242054203059524, 449066.713469768990763 ], [ 1414964.078543434850872, 449105.440557872818317 ], [ 1414995.084507828112692, 449136.80818801902933 ], [ 1415036.026333905756474, 449165.036525514384266 ], [ 1415115.531033918028697, 449214.623471609840635 ], [ 1415143.355930628022179, 449228.207469427608885 ], [ 1415214.545867386972532, 449241.906736054341309 ], [ 1415294.266115191625431, 449251.769875205121934 ], [ 1415394.610884497873485, 449264.083505676826462 ], [ 1415511.395066078286618, 449265.823837391973939 ], [ 1415741.710356405703351, 449260.633878859633114 ], [ 1415839.60141014889814, 449250.411864038323984 ], [ 1415901.15510874777101, 449243.559431402885821 ], [ 1415982.498867138056085, 449226.787108128890395 ], [ 1416136.256305037299171, 449204.011890671448782 ], [ 1416236.125273766927421, 449195.20453232928412 ], [ 1416294.892763605806977, 449188.051409493666142 ], [ 1416310.695936532923952, 449186.238139722438063 ], [ 1416402.435197393409908, 449186.724401710962411 ], [ 1416468.115567566594109, 449177.958544194232672 ], [ 1416532.046333890873939, 449153.198678377957549 ], [ 1416596.500104347243905, 449126.969622571545187 ], [ 1416659.654297472443432, 449092.388798794010654 ], [ 1416685.238083249889314, 449080.517024618398864 ], [ 1416725.399194896686822, 449061.758264810894616 ], [ 1416758.132791529642418, 449046.446187901485246 ], [ 1416818.475781944347546, 448998.081853227165993 ], [ 1416865.189131202409044, 448949.295312812901102 ], [ 1416881.890314492862672, 448925.598308240936603 ], [ 1416941.390526292845607, 448839.720185463316739 ], [ 1416966.164712876314297, 448804.18100814364152 ], [ 1416979.082929487805814, 448785.30629518191563 ], [ 1416995.244012786541134, 448737.571212107024621 ], [ 1417015.040996023919433, 448678.458063868223689 ], [ 1417050.729750314261764, 448571.980350170400925 ], [ 1417074.392102405661717, 448511.687190542696044 ], [ 1417110.139137660851702, 448420.14861029793974 ], [ 1417143.248128259088844, 448359.643237733689602 ], [ 1417160.038314685691148, 448290.394646407337859 ], [ 1417171.559189354535192, 448258.797505768423434 ], [ 1417205.00489501026459, 448238.004085096763447 ], [ 1417258.079494735458866, 448237.17601444630418 ], [ 1417292.244974623667076, 448236.044054014608264 ], [ 1417323.55029259598814, 448231.332408625574317 ], [ 1417400.289634973974898, 448219.769899481674656 ], [ 1417460.342586720362306, 448207.853579977818299 ], [ 1417518.074521989328787, 448179.227210206561722 ], [ 1417575.504220788599923, 448149.514571320847608 ], [ 1417611.916260435478762, 448099.867654480913188 ], [ 1417622.408048796234652, 448059.548292497114744 ], [ 1417612.111155353486538, 448021.882066145481076 ], [ 1417596.167931200237945, 448005.113315232680179 ], [ 1417585.920456704450771, 447994.411455459194258 ], [ 1417569.903809475479648, 447986.754324336827267 ], [ 1417544.668989397119731, 447952.33872771251481 ], [ 1417556.647415045881644, 447879.19012245448539 ], [ 1417582.681861262768507, 447837.792959756567143 ], [ 1417659.347642311127856, 447723.837074709008448 ], [ 1417743.319673685589805, 447600.971899326716084 ], [ 1417764.141355492640287, 447587.386207910603844 ], [ 1417783.099912066943944, 447577.486332314030733 ], [ 1417830.488232192117721, 447558.567258426803164 ], [ 1417928.926078188698739, 447522.833625371858943 ], [ 1417954.888025380903855, 447515.327525098167825 ], [ 1417983.898088210495189, 447507.388665608654264 ], [ 1418015.392413710476831, 447498.665309990930837 ], [ 1418083.169825706630945, 447484.026481072651222 ], [ 1418124.445992992026731, 447465.245095629186835 ], [ 1418144.540666911983863, 447456.413214960775804 ], [ 1418194.315834939945489, 447419.950221991399303 ], [ 1418222.002721287775785, 447365.398399950703606 ], [ 1418230.991895096609369, 447357.180052296258509 ], [ 1418255.507854495663196, 447334.766393792699091 ], [ 1418277.294411437353119, 447314.600352784269489 ], [ 1418315.188222236698493, 447268.929709864605684 ], [ 1418356.539021012373269, 447216.258062746259384 ], [ 1418393.019406269304454, 447169.526046335813589 ], [ 1418412.117573787691072, 447153.428780108399224 ], [ 1418441.087625727523118, 447131.279861039307434 ], [ 1418458.012063093483448, 447117.417748135223519 ], [ 1418503.269353611161932, 447077.777111515461002 ], [ 1418543.729603840503842, 447047.354020831699017 ], [ 1418576.009592654881999, 447024.037888700491749 ], [ 1418599.006036662496626, 447008.217804657761008 ], [ 1418611.345977931050584, 447000.653305348416325 ], [ 1418625.344857176300138, 446992.687238198879641 ], [ 1418637.995310326572508, 446986.573384697840083 ], [ 1418670.863447400741279, 446977.091311148484237 ], [ 1418709.076026452705264, 446970.404712673858739 ], [ 1418797.285139352316037, 446961.869265085842926 ], [ 1418949.147759780986235, 446915.833076328795869 ], [ 1419039.205315554747358, 446878.10530765511794 ], [ 1419129.606229394441471, 446843.28536825516494 ], [ 1419189.075634574284777, 446817.539343615528196 ], [ 1419234.514012710889801, 446785.912788788264152 ], [ 1419273.373748659389094, 446758.441942601988558 ], [ 1419368.139542963122949, 446719.881228162208572 ], [ 1419436.624519735574722, 446674.62099957105238 ], [ 1419475.09193646395579, 446654.447207705990877 ], [ 1419522.075069686863571, 446629.710187191609293 ], [ 1419585.680598821025342, 446602.415021079592407 ], [ 1419621.312685077777132, 446579.75411127647385 ], [ 1419659.731520083965734, 446557.395319947972894 ], [ 1419708.071708034956828, 446531.17072267603362 ], [ 1419755.373886907938868, 446508.249011051782873 ], [ 1419833.983165268553421, 446493.008476122282445 ], [ 1419900.700794187141582, 446492.974340149492491 ], [ 1419946.611908522667363, 446494.863106029108167 ], [ 1419957.07267001317814, 446490.256487117672805 ], [ 1420004.104389584856108, 446480.095205820107367 ], [ 1420034.455662562279031, 446482.331953343935311 ], [ 1420229.646736288908869, 446496.554075082414784 ], [ 1420341.318566626403481, 446505.355438474449329 ], [ 1420375.004019256681204, 446507.518122104287613 ], [ 1420378.102331093978137, 446496.881400185055099 ], [ 1420399.896355888340622, 446427.159157087269705 ], [ 1420438.032149947015569, 446304.963176777935587 ], [ 1420468.686723116552457, 446221.196027648460586 ], [ 1420514.488085526041687, 446106.116930757358205 ], [ 1420540.426385111641139, 446035.209104239125736 ], [ 1420567.361081036971882, 445971.566997629939578 ], [ 1420713.940507372142747, 446111.866669809387531 ], [ 1420778.122645336901769, 445998.19976311881328 ], [ 1420850.95310039143078, 445873.408128727518488 ], [ 1420902.114595282822847, 445786.633142003032845 ], [ 1420972.032665661070496, 445630.93319250602508 ], [ 1420991.024648163467646, 445572.570378030941356 ], [ 1420993.070353941526264, 445552.118526729114819 ], [ 1421004.971116819418967, 445474.965328328602482 ], [ 1421019.450655189109966, 445363.865730316902045 ], [ 1421026.559673792216927, 445308.68325183656998 ], [ 1421028.204094649292529, 445295.163893863325939 ], [ 1421038.270609025610611, 445247.932161806500517 ], [ 1421044.360940268728882, 445234.313618145650253 ], [ 1421066.668397097615525, 445199.927085384319071 ], [ 1421112.017981506651267, 445139.154420128441416 ], [ 1421136.041589472675696, 445106.916052987740841 ], [ 1421166.522937996545807, 445065.059367169742472 ], [ 1421187.327646355610341, 445025.604923224600498 ], [ 1421216.413401310332119, 444971.02555948816007 ], [ 1421289.879909794544801, 444837.111323156103026 ], [ 1421321.221607081126422, 444783.939378821232822 ], [ 1421330.85149098536931, 444766.962424723780714 ], [ 1421356.078362226719037, 444726.316350135428365 ], [ 1421357.942276093410328, 444722.630828799970914 ], [ 1421359.483136061578989, 444691.987187207152601 ], [ 1421354.361348773818463, 444674.245968126226217 ], [ 1421368.720514335902408, 444619.995168466644827 ], [ 1421383.824054354801774, 444561.719425791059621 ], [ 1421408.965522526297718, 444492.288020820298698 ], [ 1421434.080966745270416, 444434.153509190364275 ], [ 1421473.857301135314628, 444385.166511994495522 ], [ 1421541.908122124150395, 444307.490868494787719 ], [ 1421581.711130100768059, 444247.207185340754222 ], [ 1421596.572437283350155, 444227.927381321205758 ], [ 1421697.336511910660192, 444071.178016262070742 ], [ 1421823.160097112180665, 443866.134981999406591 ], [ 1421944.427939288783818, 443693.625356976233888 ], [ 1422067.086965954629704, 443521.085408462735359 ], [ 1422120.044757710071281, 443452.128673090308439 ], [ 1422184.179629740770906, 443360.695100958982948 ], [ 1422244.371374428737909, 443291.942013279767707 ], [ 1422281.550678252940997, 443251.030944330908824 ], [ 1422332.96161502879113, 443199.964519662258681 ], [ 1422375.788208288606256, 443162.936272273072973 ], [ 1422419.203134214505553, 443127.352594136551488 ], [ 1422523.75371471256949, 443052.87606771470746 ], [ 1422638.220741809112951, 443011.703818516165484 ], [ 1422725.581601409008726, 442989.354687087645289 ], [ 1422787.036687347572297, 442989.810034495312721 ], [ 1422876.443497087107971, 443034.464706215716433 ], [ 1422893.335739449132234, 443043.92782291106414 ], [ 1422932.327285333303735, 443059.458774300117511 ], [ 1422947.994564140914008, 443063.847624112851918 ], [ 1423193.517249410040677, 443077.33941090432927 ], [ 1423237.502699172589928, 443054.862764683726709 ], [ 1423242.488594743655995, 443054.023196383728646 ], [ 1423309.801009780494496, 443030.299621786049102 ], [ 1423345.482194193871692, 443009.46523820864968 ], [ 1423461.815617941785604, 442927.078745431499556 ], [ 1423669.273234347580001, 442816.433201417909004 ], [ 1423724.518890464212745, 442775.123321498802397 ], [ 1423787.101228379178792, 442713.60899915889604 ], [ 1423793.649502688786015, 442707.997731235576794 ], [ 1423825.565310080302879, 442680.32413662946783 ], [ 1423834.296366854570806, 442672.842460262123495 ], [ 1423904.58268059277907, 442595.124095005332492 ], [ 1423958.442871732171625, 442541.45608164195437 ], [ 1423996.516428719041869, 442503.078636994585395 ], [ 1424011.248265942558646, 442490.362359757942613 ], [ 1424061.460715150693431, 442447.707363012421411 ], [ 1424127.94666094542481, 442374.082328641961794 ], [ 1424133.121757044456899, 442369.230404834263027 ], [ 1424214.083269024733454, 442296.377720620541368 ], [ 1424304.114379154285416, 442206.197649928799365 ], [ 1424313.002515672706068, 442193.2467478288454 ], [ 1424377.95033123716712, 442100.343617149046622 ], [ 1424455.02362940646708, 441964.902091730444226 ], [ 1424460.085845836438239, 441954.951217941648792 ], [ 1424537.622467595851049, 441802.737559106142726 ], [ 1424543.675297068664804, 441787.298829434963409 ], [ 1424552.623674634378403, 441764.508033361635171 ], [ 1424552.2684926756192, 441748.482542431738693 ], [ 1424567.991632048971951, 441730.278731018537655 ], [ 1424606.576073552947491, 441627.02874088101089 ], [ 1424621.790846534306183, 441585.879376530821901 ], [ 1424626.518806524341926, 441573.385187811043579 ], [ 1424640.424806406022981, 441535.908786005456932 ], [ 1424644.874875876121223, 441523.420759560773149 ], [ 1424667.713399856584147, 441462.42518717655912 ], [ 1424724.916911592474207, 441308.476416082470678 ], [ 1424737.675743030384183, 441281.957331967772916 ], [ 1424764.486234029522166, 441224.517811451049056 ], [ 1424770.595845813862979, 441211.628652006562334 ], [ 1424795.799970623338595, 441169.529324375966098 ], [ 1424816.988752686185762, 441134.442467519955244 ], [ 1424871.441522506531328, 441057.077853655617218 ], [ 1424904.311068858485669, 441022.096748206880875 ], [ 1424944.507004809100181, 440978.936756394978147 ], [ 1424961.350681383162737, 440961.072799805959221 ], [ 1424967.621784896124154, 440955.468004857655615 ], [ 1424994.635518295923248, 440932.277328802971169 ], [ 1425043.721418475965038, 440901.310049210558645 ], [ 1425053.875340491300449, 440895.254906910820864 ], [ 1425070.977213804842904, 440889.045928830979392 ], [ 1425147.101993798511103, 440861.124133257661015 ], [ 1425230.541505167959258, 440837.049000770493876 ], [ 1425285.291058489121497, 440810.693976040289272 ], [ 1425296.025096813682467, 440805.719279214798007 ], [ 1425350.971794833196327, 440750.572903107793536 ], [ 1425395.281084533082321, 440679.628700713103171 ], [ 1425438.406639410182834, 440630.574424167280085 ], [ 1425493.619972171727568, 440587.447492816194426 ], [ 1425570.604011848801747, 440535.458028974651825 ], [ 1425600.124129094416276, 440524.966394285380375 ], [ 1425837.184549099067226, 440393.643518701661378 ], [ 1425854.68981186975725, 440380.502696892479435 ], [ 1425982.975037688855082, 440284.381912685756106 ], [ 1425992.940074659185484, 440282.339678819582332 ], [ 1426006.816376402508467, 440268.550395252357703 ], [ 1425973.829783103428781, 440134.818193278217223 ], [ 1425966.197305411100388, 440104.013429302489385 ], [ 1425927.950274438131601, 439933.593796877481509 ], [ 1425893.103510756744072, 439665.441529690113384 ], [ 1425882.445380442310125, 439321.689478373620659 ], [ 1425878.310038333758712, 439197.522656022454612 ], [ 1425876.940931629389524, 439160.749163569067605 ], [ 1425848.456913577625528, 438928.895740008156281 ], [ 1425835.205779225565493, 438442.723281705169939 ], [ 1425834.368351562647149, 438404.844869663647842 ], [ 1425825.227925590472296, 438092.032944186357781 ], [ 1425810.442204750608653, 437574.192409049835987 ], [ 1425668.624057992594317, 432216.38033387507312 ], [ 1425664.493486856808886, 432004.395330508705229 ], [ 1425649.235553208505735, 431213.637162757397164 ], [ 1425639.456838798476383, 430708.441523799905553 ], [ 1425633.156864967662841, 430360.586435322766192 ], [ 1425621.120242420583963, 429715.514459554047789 ], [ 1425594.642236886546016, 428190.756128869543318 ], [ 1425577.522911191685125, 427227.68353095575003 ], [ 1425573.562252007657662, 427186.95926042861538 ], [ 1425573.203655639430508, 427183.323274703521747 ], [ 1425563.570898519363254, 427037.050912362523377 ], [ 1425534.386038845637813, 426597.875845902541187 ], [ 1425530.316800767555833, 426539.663211371051148 ], [ 1425527.811870742822066, 426451.535908226855099 ], [ 1425525.597884938120842, 426326.234269597684033 ], [ 1425517.589685822371393, 425951.452782612293959 ], [ 1425516.816621704725549, 425916.48832317016786 ], [ 1425511.490531231509522, 425826.601468196546193 ], [ 1425504.360044632572681, 425680.273888921248727 ], [ 1425482.158181812381372, 425242.40231157222297 ], [ 1425476.900643905159086, 425143.039807459164876 ], [ 1425475.591752200620249, 425096.426697320595849 ], [ 1425475.065072129480541, 425034.856261492881458 ], [ 1425471.268314565531909, 424850.558370104117785 ], [ 1425470.89787322585471, 424833.804576188907959 ], [ 1425468.287062912713736, 424791.228560530755203 ], [ 1425456.838186246575788, 424525.111930705723353 ], [ 1425422.921964728739113, 423733.676170187536627 ], [ 1425410.98081132187508, 423470.485697918222286 ], [ 1425409.6756040987093, 423436.626221145212185 ], [ 1425405.489910217002034, 423335.418156964355148 ], [ 1425404.027382879285142, 423307.028021764592268 ], [ 1425403.91463307919912, 423301.929045096505433 ], [ 1425401.06635051430203, 423236.037311269144993 ], [ 1425392.815685584209859, 423039.084399498067796 ], [ 1425389.697307078866288, 422973.563037786749192 ], [ 1425388.214893914759159, 422931.690894137718715 ], [ 1425382.655152707127854, 422806.099068877345417 ], [ 1425380.616483958438039, 422764.239229120372329 ], [ 1425379.951781917130575, 422746.763178432593122 ], [ 1425378.227204171940684, 422719.107627867837436 ], [ 1425376.531081382650882, 422680.155340134399012 ], [ 1425363.996655797818676, 422427.909847817441914 ], [ 1425359.633063778048381, 422343.832125426153652 ], [ 1425338.274464074522257, 421919.060726481489837 ], [ 1425273.90999246109277, 420644.389096537430305 ], [ 1425252.279643433634192, 420219.988479357562028 ], [ 1425250.321281985379755, 420181.770822264661547 ], [ 1425244.192187881562859, 420068.216643714113161 ], [ 1425242.298251203959808, 420032.91268600121839 ], [ 1425240.327529134694487, 420006.720180477772374 ], [ 1425233.549178302986547, 419901.561344325658865 ], [ 1425208.043175369501114, 419515.871956569666509 ], [ 1425199.636461826507002, 419387.42820208350895 ], [ 1425198.894867401337251, 419379.063633232959546 ], [ 1425198.326715232105926, 419365.958158018882386 ], [ 1425194.413577407598495, 419302.276451266370714 ], [ 1425192.833717838395387, 419281.176772380247712 ], [ 1425189.815214522881433, 419232.779661976383068 ], [ 1425179.376890541287139, 419087.983313053031452 ], [ 1425177.82923448132351, 419068.340484504122287 ], [ 1425175.531913641374558, 419039.968877629435156 ], [ 1425169.833646338665858, 418933.328650436887983 ], [ 1425152.174275313736871, 418613.056102460075635 ], [ 1425145.927603256423026, 418506.792419222882017 ], [ 1425139.951014278456569, 418400.158378417603672 ], [ 1425124.995184865547344, 418139.221662920434028 ], [ 1425121.750939523102716, 418080.626661351358052 ], [ 1425118.176875525154173, 417981.956078740651719 ], [ 1425117.254705381114036, 417927.682397140597459 ], [ 1425115.508525528945029, 417748.07686345372349 ], [ 1425049.58653706102632, 416089.011562112253159 ], [ 1424999.531332802260295, 415008.975525710266083 ], [ 1424951.326993139460683, 414012.708630663342774 ], [ 1424904.015372301917523, 413887.312290567497257 ], [ 1424937.216070609632879, 413714.586126244917978 ], [ 1424919.009809982730076, 413332.01601537282113 ], [ 1424833.591956769581884, 412692.216866915754508 ], [ 1424828.237604323774576, 412651.523778169532306 ], [ 1424815.903960057534277, 412559.606281364976894 ], [ 1424810.340031065745279, 412509.443723728123587 ], [ 1424784.531343162525445, 412072.748157403199002 ], [ 1424740.447247334290296, 411325.99789444252383 ], [ 1424724.881344132125378, 411062.889326465141494 ], [ 1424703.537856938783079, 410702.252500082482584 ], [ 1424694.697327521396801, 410491.46714242111193 ], [ 1424680.363718998152763, 410045.043995445535984 ], [ 1424670.84035306237638, 409652.44398021599045 ], [ 1424669.243672287324443, 409630.61600867472589 ], [ 1424614.810655673732981, 409120.948125068913214 ], [ 1424615.32804762176238, 409043.686344562331215 ], [ 1424607.622201643884182, 408959.683182003092952 ], [ 1424593.464024141430855, 408835.740113175299484 ], [ 1424599.525934582110494, 408820.301641552767251 ], [ 1424606.068031640257686, 408788.819459151534829 ], [ 1424606.947401099605486, 408778.232736628502607 ], [ 1424604.471654975786805, 408741.848699533729814 ], [ 1424594.322580345440656, 408597.775557995366398 ], [ 1424592.608734954148531, 408583.237958060984965 ], [ 1424583.26105550210923, 408513.117907848092727 ], [ 1424571.961486724903807, 408430.287474289652891 ], [ 1424550.496340300422162, 408202.655531385098584 ], [ 1424525.252562162466347, 407917.533928514341824 ], [ 1424513.598907387116924, 407743.249946576543152 ], [ 1424512.856904299696907, 407734.885443131322972 ], [ 1424469.60560639272444, 406988.482851292646956 ], [ 1424467.073160483967513, 406949.549390117987059 ], [ 1424463.090196715202183, 406794.772652812302113 ], [ 1424437.697932643815875, 406314.342633705644403 ], [ 1424426.628726416500285, 406103.607071386824828 ], [ 1424411.345341288484633, 405815.714596698933747 ], [ 1424410.676478098379448, 405760.342452431912534 ], [ 1424409.048837969079614, 405611.343866177776363 ], [ 1424408.777370127849281, 405397.818633305374533 ], [ 1424368.023050274699926, 404953.074622313142754 ], [ 1424354.320454342989251, 404635.996303707070183 ], [ 1424353.598665313096717, 404615.970962018007413 ], [ 1424352.941379227908328, 404598.85929371137172 ], [ 1424349.146661267383024, 404515.498532582190819 ], [ 1424329.586890011094511, 404185.431996911007445 ], [ 1424253.46476288116537, 404180.922774351958651 ], [ 1424203.864942274987698, 404179.470342548505869 ], [ 1424170.146405936451629, 404153.252339618455153 ], [ 1424149.541765331523493, 404128.201508059981279 ], [ 1424149.465205248212442, 404112.170147886674386 ], [ 1424153.523334198398516, 404094.225283245788887 ], [ 1424165.104572258656844, 404076.478204171115067 ], [ 1424176.613239268073812, 404055.453249669750221 ], [ 1424181.732232332462445, 404047.687751093471888 ], [ 1424187.452691044891253, 403979.056205824250355 ], [ 1424177.763778030406684, 403918.782422459044028 ], [ 1424153.016314670210704, 403870.13813528988976 ], [ 1424126.715629214653745, 403839.383262397663202 ], [ 1424007.837331115268171, 403803.026835455268156 ], [ 1423978.607813229551539, 403790.920763406320475 ], [ 1423899.825911160558462, 403754.405416322173551 ], [ 1423868.010535993613303, 403738.712889002461452 ], [ 1423812.838490141322836, 403674.345624983950984 ], [ 1423793.055905637564138, 403636.158909046615008 ], [ 1423765.100387833314016, 403581.027108804206364 ], [ 1423754.410206899512559, 403551.019842193112709 ], [ 1423730.928018480772153, 403484.128538611752447 ], [ 1423711.378681605681777, 403406.218462398799602 ], [ 1423700.014488568995148, 403358.371162493305746 ], [ 1423700.033935091691092, 403296.424833099474199 ], [ 1423699.142106892541051, 403268.751139324740507 ], [ 1423694.343924754532054, 403115.085910680121742 ], [ 1423700.797079114476219, 403004.169058509694878 ], [ 1423705.963777162134647, 402923.160506965825334 ], [ 1423707.432065590750426, 402914.018276244227309 ], [ 1423720.687326329294592, 402858.701983821752947 ], [ 1423723.583074684021994, 402788.311011669633444 ], [ 1423697.171638805419207, 402740.068429408129305 ], [ 1423155.393802153877914, 402370.56801710370928 ], [ 1423022.026144466362894, 402271.498573256423697 ], [ 1422917.265526718460023, 402219.165301810251549 ], [ 1422875.632342287572101, 402200.4124255393981 ], [ 1422707.985533539904281, 402125.426348448731005 ], [ 1422672.205610528355464, 402106.908239770098589 ], [ 1422639.806357051478699, 402090.137050932564307 ], [ 1422616.32123996107839, 402048.389581673429348 ], [ 1422606.286203988827765, 402010.351711157127284 ], [ 1422598.662675582105294, 401955.498454850399867 ], [ 1422581.840442546410486, 401887.73152361123357 ], [ 1422552.214951560599729, 401845.391702236898709 ], [ 1422515.571833584457636, 401838.189003729727119 ], [ 1422486.000951518770307, 401835.930701340432279 ], [ 1422400.414957107277587, 401832.00165010773344 ], [ 1422313.605422670952976, 401810.609465689747594 ], [ 1422289.89945068070665, 401796.560677787812892 ], [ 1422265.334090721094981, 401781.437844782951288 ], [ 1422243.62514807167463, 401769.531052509788424 ], [ 1422206.39097287831828, 401735.741631404089276 ], [ 1422174.3628465810325, 401673.049923919665162 ], [ 1422164.522630448685959, 401606.221252670395188 ], [ 1422169.275522456737235, 401556.923264735145494 ], [ 1422169.836792570538819, 401506.989658704143949 ], [ 1422131.508006891934201, 401461.564260502462275 ], [ 1422107.018206941196695, 401437.330203357967548 ], [ 1421526.888877546181902, 401098.961381327186245 ], [ 1421494.282081736251712, 401085.475772652367596 ], [ 1421386.237549135927111, 401036.137044751143549 ], [ 1421365.149108892772347, 401027.132302564685233 ], [ 1421321.996516118524596, 401015.339185372286011 ], [ 1421279.497906507225707, 401007.90424172958592 ], [ 1421240.653206006856635, 401026.988356047775596 ], [ 1421219.71606417093426, 401037.292935755976941 ], [ 1421180.033584282500669, 401031.253022620745469 ], [ 1421157.545105043100193, 401021.915239171823487 ], [ 1421127.467649230500683, 401009.466959375655279 ], [ 1421116.043380841612816, 400946.682199456903618 ], [ 1421114.170418201480061, 400937.614202211843804 ], [ 1421128.199330972973257, 400842.196547045721672 ], [ 1421135.382588893175125, 400752.032760535308626 ], [ 1421147.306370581034571, 400662.127820748195518 ], [ 1421151.795340130338445, 400613.564269405207597 ], [ 1421136.833217432489619, 400554.502158413233701 ], [ 1421117.811586166964844, 400488.242685727484059 ], [ 1421104.58445189986378, 400432.057067004381679 ], [ 1421077.892594074364752, 400396.577006066101603 ], [ 1421038.473819195758551, 400377.413459550531115 ], [ 1420961.649616067763418, 400341.956814734905493 ], [ 1420888.830480721546337, 400298.759042776597198 ], [ 1420849.543193367309868, 400235.501911559607834 ], [ 1420833.782505128299817, 400153.13692988245748 ], [ 1420855.359117495361716, 400021.476587249024305 ], [ 1420878.947497444227338, 399942.607719926396385 ], [ 1420884.849368881201372, 399869.963049076672178 ], [ 1420882.919004258001223, 399820.813673607830424 ], [ 1420835.884932871442288, 399759.915449444903061 ], [ 1420763.182479513343424, 399697.038468476792332 ], [ 1420690.401702628005296, 399655.662332556210458 ], [ 1420604.210361497476697, 399649.930911112169269 ], [ 1420581.56378512782976, 399646.062971398234367 ], [ 1420520.62422591727227, 399636.125184785167221 ], [ 1420401.081085087731481, 399646.077804490807466 ], [ 1420193.358756032306701, 399686.05539034557296 ], [ 1420040.011317367432639, 399728.829895022325218 ], [ 1419939.933154160855338, 399774.789354773005471 ], [ 1419876.148799309507012, 399787.144327438727487 ], [ 1419694.029890390811488, 399888.500845201488119 ], [ 1419659.071841594064608, 399919.525488517596386 ], [ 1419618.915991929825395, 399942.28529939771397 ], [ 1419501.950268714921549, 400030.163911596406251 ], [ 1419350.667937734164298, 400140.308551238849759 ], [ 1419160.287407720927149, 400158.408705292386003 ], [ 1419046.612690939800814, 400144.187198611965869 ], [ 1418914.499655880266801, 400127.463293738430366 ], [ 1418807.097063048742712, 400107.272454232268501 ], [ 1418763.515098822070286, 400101.323587987804785 ], [ 1418563.797406109282747, 400075.546116402838379 ], [ 1418454.813621539622545, 400059.400451603694819 ], [ 1418336.882022881181911, 400029.244342094287276 ], [ 1418302.518952874699607, 400024.547536904748995 ], [ 1418161.913482544012368, 400014.212324260326568 ], [ 1418097.665763968834653, 400005.812149382196367 ], [ 1418048.05098339356482, 399979.229441764182411 ], [ 1418033.585546306567267, 399955.1392769489903 ], [ 1417990.459296965971589, 399882.49839506362332 ], [ 1417971.03288444224745, 399848.316466231306549 ], [ 1417950.01060127094388, 399805.060567657230422 ], [ 1417931.002183451550081, 399764.674696889065672 ], [ 1417921.211942374240607, 399737.929172213946003 ], [ 1417898.938332369318232, 399676.117505150672514 ], [ 1417880.831194889731705, 399626.237374742806423 ], [ 1417874.651703550247476, 399599.04660954332212 ], [ 1417861.221997799118981, 399521.732565275626257 ], [ 1417854.766144073568285, 399469.769550830009393 ], [ 1417856.455885268747807, 399433.292816064844374 ], [ 1417860.562431105645373, 399380.364452331734356 ], [ 1417882.040383324492723, 399269.837974719353952 ], [ 1417884.456159226130694, 399265.775592461519409 ], [ 1417918.956233970355242, 399214.352889717032667 ], [ 1417967.16988748149015, 399178.291865819657687 ], [ 1418013.990608414867893, 399154.651347919483669 ], [ 1418067.195799832697958, 399154.917637339618523 ], [ 1418171.828644069144502, 399163.142514272243716 ], [ 1418303.712317080004141, 399156.911194042069837 ], [ 1418365.658730411203578, 399112.162702434347011 ], [ 1418485.055861586239189, 399033.334051035693847 ], [ 1418545.989896707003936, 398968.20291882334277 ], [ 1418594.666807961883023, 398902.981713352433871 ], [ 1418599.817794674774632, 398896.671895173785742 ], [ 1418615.213749072281644, 398875.193002809013706 ], [ 1418649.875022803898901, 398793.523528485442512 ], [ 1418719.212317537749186, 398718.002041866420768 ], [ 1418818.035616587847471, 398640.728333521110471 ], [ 1418856.638103655306622, 398610.714218732609879 ], [ 1418869.78130300110206, 398600.581901434692554 ], [ 1418959.08957574237138, 398533.724376229860354 ], [ 1419110.618113718461245, 398421.750146857113577 ], [ 1419155.870329396566376, 398390.130374422820751 ], [ 1419239.250626357970759, 398332.151679579168558 ], [ 1419271.195878945523873, 398253.458947053586598 ], [ 1419285.507206374313682, 398208.319498768309131 ], [ 1419303.880717121995986, 398157.987885930808261 ], [ 1419326.629197999835014, 398091.525487009668723 ], [ 1419345.179173321695998, 398011.674529442796484 ], [ 1419357.174083266872913, 397962.578603815694805 ], [ 1419343.497069825418293, 397923.894558078143746 ], [ 1419330.212311723036692, 397890.303191997518297 ], [ 1419306.421342920977622, 397860.226004809781443 ], [ 1419282.581502585206181, 397827.963602639909368 ], [ 1419209.59922282025218, 397765.461695244943257 ], [ 1419109.115990625694394, 397731.267999727046117 ], [ 1419023.466111579909921, 397725.16547811467899 ], [ 1418944.690077925799415, 397752.433326705009677 ], [ 1418821.659270242089406, 397818.587178062822204 ], [ 1418699.083040967350826, 397855.216040652361698 ], [ 1418575.175030467100441, 397869.647619567229412 ], [ 1418483.090937615837902, 397849.844142958172597 ], [ 1418134.322969517903402, 397773.839492160244845 ], [ 1418025.002561417175457, 397743.127510696533136 ], [ 1417927.635940570849925, 397723.808755827427376 ], [ 1417843.875262869056314, 397739.895733316836413 ], [ 1417782.967440844746307, 397768.953480528958607 ], [ 1417723.959648499265313, 397795.782486342417542 ], [ 1417614.781867403071374, 397821.184980333899148 ], [ 1417578.80040183942765, 397843.854534114536364 ], [ 1417545.946749412687495, 397869.369160699541681 ], [ 1417496.166725379414856, 397910.203102740459144 ], [ 1417465.950361906783655, 397929.099738939839881 ], [ 1417438.69036956038326, 397943.193096974340733 ], [ 1417392.645884692901745, 397964.266536769515369 ], [ 1417357.542498948983848, 397963.960248261631932 ], [ 1417314.954865050967783, 397965.279349212069064 ], [ 1417212.920211281394586, 397961.372410281968769 ], [ 1417136.213525203056633, 397931.755051294865552 ], [ 1417119.71486119646579, 397916.456329628475942 ], [ 1417098.090539858676493, 397896.171128222369589 ], [ 1417045.090105278883129, 397843.065894167229999 ], [ 1417018.57133260415867, 397778.435096988570876 ], [ 1416985.205364007502794, 397743.837808073614724 ], [ 1416939.918059666873887, 397686.91588600614341 ], [ 1416915.190059548942372, 397664.878521709761117 ], [ 1416839.92485065665096, 397600.2483885413385 ], [ 1416809.866056330036372, 397576.508792402630206 ], [ 1416762.636830900097266, 397532.384371415013447 ], [ 1416738.719742940738797, 397496.846591771522071 ], [ 1416695.896745449630544, 397425.658632281178143 ], [ 1416661.712899157544598, 397342.25200713344384 ], [ 1416623.221855378476903, 397253.111883623758331 ], [ 1416598.625761967152357, 397187.345195113273803 ], [ 1416593.500780524453148, 397157.580344645888545 ], [ 1416597.14603703469038, 397121.424017892510165 ], [ 1416591.743082053260878, 397079.276185417489614 ], [ 1416563.100903657497838, 397031.819799668970518 ], [ 1416543.916122332215309, 396996.175969324540347 ], [ 1416533.788173247361556, 396954.498609616304748 ], [ 1416519.927579902810976, 396870.635939814033918 ], [ 1416511.635249826591462, 396786.648270508565474 ], [ 1416504.342912327963859, 396672.75826924078865 ], [ 1416509.89224283141084, 396510.480650794052053 ], [ 1416516.381960759870708, 396390.086648541560862 ], [ 1416523.141579676885158, 396281.711426950001623 ], [ 1416530.040270824916661, 396179.527700964070391 ], [ 1416546.797478518914431, 396107.002554554841481 ], [ 1416549.642136682057753, 396022.76489836233668 ], [ 1416547.931157585000619, 396008.592145508097019 ], [ 1416533.118688417365775, 395969.206286208471283 ], [ 1416509.724870824022219, 395907.420978365640622 ], [ 1416504.468329453608021, 395884.218106107146014 ], [ 1416494.847738372394815, 395840.343049753806554 ], [ 1416486.587410660227761, 395770.201471540960483 ], [ 1416493.115649208426476, 395725.963878828566521 ], [ 1416498.516471483744681, 395606.687529322633054 ], [ 1416493.858923627762124, 395548.125512044003699 ], [ 1416479.042274192441255, 395384.48324541648617 ], [ 1416470.801187970209867, 395228.345532588486094 ], [ 1416452.12748556653969, 395054.222620417072903 ], [ 1416443.850945159094408, 394970.96344764821697 ], [ 1416443.212301228195429, 394967.333899997232947 ], [ 1416451.823225588770583, 394854.544504094985314 ], [ 1416453.895816441858187, 394835.18537874968024 ], [ 1416454.272809491259977, 394827.160366513126064 ], [ 1416437.398146237712353, 394720.773369138478301 ], [ 1416390.099192262161523, 394624.179197320365347 ], [ 1416200.625095382565632, 394411.622976614569779 ], [ 1416111.779052414698526, 394313.41180072404677 ], [ 1416049.203727244632319, 394256.151009642635472 ], [ 1416030.646747479913756, 394223.772953036299441 ], [ 1415893.808878648793325, 394072.711313153675292 ], [ 1415862.369120173621923, 394049.73260823515011 ], [ 1415845.662371596554294, 394037.718866995186545 ], [ 1415821.871608217945322, 394020.398523496289272 ], [ 1415789.244126471458003, 394006.556320622912608 ], [ 1415753.045892198104411, 393994.98075664206408 ], [ 1415721.155268619768322, 394001.527844860509504 ], [ 1415715.332405933877453, 394002.751907532277983 ], [ 1415710.484075133455917, 394010.148671533330344 ], [ 1415681.615223845466971, 394064.362800848961342 ], [ 1415642.583027018932626, 394162.167726073763333 ], [ 1415625.45026998152025, 394193.161581440304872 ], [ 1415589.350417692912742, 394260.292020258610137 ], [ 1415578.851356528000906, 394288.950420222245157 ], [ 1415555.494723611976951, 394352.879269500030205 ], [ 1415537.977337435819209, 394403.923226808838081 ], [ 1415518.478218337288126, 394478.332649387302808 ], [ 1415497.496998972259462, 394573.545587691420224 ], [ 1415467.671078157378361, 394609.926476864842698 ], [ 1415369.282887836452574, 394620.156031261081807 ], [ 1415309.999370105098933, 394622.582824580254965 ], [ 1415237.546807867474854, 394596.883722851169296 ], [ 1415179.769178853370249, 394542.432271284109447 ], [ 1415165.093258183915168, 394521.627956985379569 ], [ 1415111.843693703180179, 394445.575818064680789 ], [ 1415043.869032780872658, 394371.312766776420176 ], [ 1414943.709080114495009, 394302.875861955864821 ], [ 1414887.184327902039513, 394291.759160871093627 ], [ 1414807.138876377837732, 394275.341970574401785 ], [ 1414724.822201724397019, 394182.818878381804097 ], [ 1414662.381799303228036, 394106.974659225554205 ], [ 1414644.695562028791755, 393977.286124068719801 ], [ 1414672.401296748546883, 393747.825822734972462 ], [ 1414677.232100246241316, 393714.922015962074511 ], [ 1414710.690562090137973, 393567.684135808900464 ], [ 1414729.112471483880654, 393408.395707748131827 ], [ 1414751.902869228040799, 393344.114435272233095 ], [ 1414760.352668280946091, 393273.961496047617402 ], [ 1414728.279705085093156, 393235.32973929255968 ], [ 1414706.788860049331561, 393221.238152999430895 ], [ 1414680.777047196635976, 393204.333291320246644 ], [ 1414651.390891423914582, 393186.046899032429792 ], [ 1414643.176159902941436, 393180.037304810190108 ], [ 1414545.354354029288515, 393153.818378909374587 ], [ 1414443.061121060047299, 393139.361028635525145 ], [ 1414353.996008642483503, 393155.579072524560615 ], [ 1414315.798570724669844, 393166.642753586231265 ], [ 1414275.930417333031073, 393177.744148756086361 ], [ 1414248.486833546543494, 393196.217740872001741 ], [ 1414224.3355287455488, 393212.43082289735321 ], [ 1414182.699571583420038, 393243.978005006851163 ], [ 1414149.614476919872686, 393284.077835397911258 ], [ 1414079.579077924601734, 393365.822339553560596 ], [ 1414021.356512850848958, 393489.56983549206052 ], [ 1413985.274730787146837, 393532.652588444645517 ], [ 1413969.264801013283432, 393551.597462650155649 ], [ 1413879.861464659450576, 393626.855945952236652 ], [ 1413867.577513706870377, 393638.064680342620704 ], [ 1413818.563319435343146, 393663.584309119556565 ], [ 1413755.528913453454152, 393697.436884329188615 ], [ 1413673.29605647502467, 393707.673092691344209 ], [ 1413584.273570396238938, 393713.325732040742878 ], [ 1413479.643365988275036, 393644.631145525490865 ], [ 1413367.857183342101052, 393604.520909789134748 ], [ 1413267.314540445338935, 393556.505125954397954 ], [ 1413121.382225735113025, 393497.125584686000366 ], [ 1413048.84993487666361, 393468.155112160369754 ], [ 1412989.627003424568102, 393448.722701056685764 ], [ 1412934.080587952397764, 393345.397785564651713 ], [ 1412903.984268948901445, 393283.402759676682763 ], [ 1412880.480268762214109, 393217.250533853541128 ], [ 1412831.691340733785182, 393129.441905905317981 ], [ 1412802.254341566935182, 393035.001436879509129 ], [ 1412724.268812925089151, 392888.092923778225668 ], [ 1412691.584391540149227, 392834.901986113749444 ], [ 1412621.471583884675056, 392715.873838048777543 ], [ 1412544.844911056105047, 392579.866836544650141 ], [ 1412497.913797359680757, 392500.397798537276685 ], [ 1412472.648178842151538, 392442.666731762059499 ], [ 1412454.968462040647864, 392400.068522270245012 ], [ 1412420.750509677920491, 392340.717981844267342 ], [ 1412411.050470233196393, 392318.34517593390774 ], [ 1412369.620381640503183, 392223.447620454069693 ], [ 1412343.807075954508036, 392178.48269769520266 ], [ 1412326.856878081103787, 392143.520257075724658 ], [ 1412250.274729188764468, 391997.310218887927476 ], [ 1412214.17243568575941, 391879.335867101734038 ], [ 1412147.325563770253211, 391720.152289548073895 ], [ 1412120.773137115640566, 391667.18774247932015 ], [ 1412056.354140509152785, 391541.473305132065434 ], [ 1412001.1116744261235, 391501.182904470711946 ], [ 1411934.94127758545801, 391507.417403266008478 ], [ 1411847.449024258181453, 391556.403877282340545 ], [ 1411831.348670504288748, 391571.343895424332004 ], [ 1411677.120317294728011, 391724.59956714004511 ], [ 1411581.363903774879873, 391765.393177396908868 ], [ 1411512.688034573337063, 391771.685569747234695 ], [ 1411443.036528212949634, 391771.805629011301789 ], [ 1411368.114652832970023, 391748.359949744015466 ], [ 1411311.3800026003737, 391654.539590561122168 ], [ 1411306.55515216733329, 391650.640619611425791 ], [ 1411261.794544199481606, 391556.549076389113907 ], [ 1411232.357912738574669, 391413.282142106909305 ], [ 1411223.871523622889072, 391407.644207830831874 ], [ 1411210.669381306041032, 391366.038554346654564 ], [ 1411193.54985002358444, 391311.403650271880906 ], [ 1411179.988138165790588, 391180.166289923305158 ], [ 1411173.487411206355318, 391053.141601637937129 ], [ 1411157.375748804537579, 390907.750852365337778 ], [ 1411163.190593575825915, 390856.968910600466188 ], [ 1411172.759684795048088, 390775.12877366959583 ], [ 1411159.897406245814636, 390711.652069052390289 ], [ 1411126.260169525165111, 390678.161755813518539 ], [ 1411079.591746188234538, 390647.517567189526744 ], [ 1411017.103388027055189, 390644.196899640723132 ], [ 1410861.730250915279612, 390636.423285774013493 ], [ 1410380.97222811030224, 390729.316504337126389 ], [ 1410281.979543179040775, 390774.925627507269382 ], [ 1410261.214062076760456, 390805.276944821816869 ], [ 1410240.410361132118851, 390809.393071176484227 ], [ 1410146.943948419764638, 390840.666098494199105 ], [ 1410111.336334161227569, 390867.710620141413528 ], [ 1409996.291795782744884, 390954.861458333500195 ], [ 1409842.08696393086575, 391072.053601437946782 ], [ 1409776.726948992349207, 391150.789124324102886 ], [ 1409742.520871934713796, 391178.166751671407837 ], [ 1409602.421788185136393, 391290.66730134410318 ], [ 1409430.857533398550004, 391477.490810770890675 ], [ 1409424.87178355990909, 391483.821522202109918 ], [ 1409346.559258201159537, 391605.486390997248236 ], [ 1409295.429363497300074, 391684.992907352745533 ], [ 1409141.763244573492557, 391923.519443099561613 ], [ 1409090.364522367017344, 392003.396931804774795 ], [ 1409064.26415357273072, 392044.073623765434604 ], [ 1408881.96680753165856, 392211.832695955701638 ], [ 1408736.143992112250999, 392292.766710663097911 ], [ 1408530.902100324165076, 392345.90328476059949 ], [ 1408369.686000030487776, 392350.303570985270198 ], [ 1408296.475010388530791, 392328.650198032439221 ], [ 1408106.876288938801736, 392322.402660003863275 ], [ 1408001.748409480322152, 392196.168508181464858 ], [ 1407804.776354621862993, 391976.558210435032379 ], [ 1407785.907287436304614, 391955.489359693136066 ], [ 1407670.872345710173249, 391798.144831604324281 ], [ 1407484.937612272566184, 391586.301895773794968 ], [ 1407394.093013588571921, 391475.777614331571385 ], [ 1407370.846620719181374, 391446.063558529305737 ], [ 1407349.470657233847305, 391400.638030701491516 ], [ 1407321.652281870832667, 391341.512668747513089 ], [ 1407287.775431996677071, 390943.64196205715416 ], [ 1407309.223347771447152, 390857.885050774144474 ], [ 1407359.74299232265912, 390654.130954023683444 ], [ 1407389.272126089315861, 390531.750663783517666 ], [ 1407394.709195293486118, 390501.382174293044955 ], [ 1407449.905955137684941, 390343.79925398749765 ], [ 1407516.634374439250678, 390154.251450374897104 ], [ 1407544.830676828278229, 390034.452541742473841 ], [ 1407578.834610750665888, 389888.285091941128485 ], [ 1407593.25528092472814, 389824.187833191477694 ], [ 1407619.465290518244728, 389715.001673625956755 ], [ 1407612.291824171319604, 389669.252043473767117 ], [ 1407590.096526314970106, 389600.159610415052157 ], [ 1407551.536100130295381, 389534.355568108032458 ], [ 1407515.353003683034331, 389475.056390323676169 ], [ 1407465.279066246934235, 389344.289165575988591 ], [ 1407408.662129955599084, 389195.45177204097854 ], [ 1407386.773320073261857, 389139.834976215555798 ], [ 1407374.95582678518258, 389122.613833126146346 ], [ 1407353.544532744912431, 389100.145720211497974 ], [ 1407335.682995939394459, 389086.706399751536082 ], [ 1407305.533997252816334, 389072.089893135009333 ], [ 1407288.420561202103272, 389067.014521811099257 ], [ 1407259.905045859981328, 389062.928126869956031 ], [ 1407243.464957040036097, 389062.938890802790411 ], [ 1407220.694061762653291, 389066.37365492945537 ], [ 1407200.479583960724995, 389071.936442827456631 ], [ 1407187.497921348782256, 389076.969787574314978 ], [ 1407165.770363454939798, 389089.490559646917973 ], [ 1407143.905635682167485, 389108.209124508313835 ], [ 1407129.198917841771618, 389123.120423079526518 ], [ 1407112.488637459930032, 389147.916012575908098 ], [ 1407089.605584994889796, 389183.055455612600781 ], [ 1407068.360362773761153, 389216.699971930705942 ], [ 1407050.760704013053328, 389275.768642276583705 ], [ 1407051.563013398321345, 389323.121129235776607 ], [ 1406987.469781907275319, 389213.080740246688947 ], [ 1406912.343775163404644, 389083.615320076525677 ], [ 1406722.353418345097452, 388756.358505506359506 ], [ 1406711.337531346827745, 388737.661796873610001 ], [ 1406620.25003022630699, 388580.503719639033079 ], [ 1406577.021313654724509, 388505.698014919296838 ], [ 1406562.52162155113183, 388480.886318677919917 ], [ 1406520.289599634706974, 388376.542281482485123 ], [ 1406516.1491004077252, 388366.06955282780109 ], [ 1406510.532818130915985, 388351.986636790155899 ], [ 1406496.652146915905178, 388317.68667237192858 ], [ 1406429.567911861464381, 388150.142264408466872 ], [ 1406310.770537849050015, 387853.692451673734467 ], [ 1406309.294701645383611, 387850.082276358501986 ], [ 1406293.488838764606044, 387816.919597278698348 ], [ 1406145.987691160058603, 387508.372971548989881 ], [ 1406138.970082945656031, 387493.95778414583765 ], [ 1405937.650918499333784, 387074.410493870032951 ], [ 1405803.620179417077452, 386794.709007383091375 ], [ 1405452.140464073978364, 386061.216660205333028 ], [ 1405419.719462363282219, 385886.686819435737561 ], [ 1405369.660370009019971, 385611.260171644506045 ], [ 1405305.938426898559555, 385262.539514544245321 ], [ 1405252.404435005504638, 384969.337535293656401 ], [ 1405155.202758539002389, 384436.637821640761103 ], [ 1405098.479646463645622, 384126.018482198589481 ], [ 1404918.457291403319687, 383141.550395684258547 ], [ 1404810.748113775858656, 382552.247931203513872 ], [ 1404762.270317945163697, 382285.53174487396609 ], [ 1404661.250979189993814, 381818.147472833516076 ], [ 1404652.574130289256573, 381780.0853386290255 ], [ 1404623.956843178719282, 381613.850415368389804 ], [ 1404602.266458462690935, 381494.463119595835451 ], [ 1404571.501203631982207, 381307.507243450672831 ], [ 1404558.56480340147391, 381253.873992697277572 ], [ 1404526.082590084522963, 381077.160462775616907 ], [ 1404498.296553641557693, 380922.931523213919718 ], [ 1404488.744744469877332, 380871.042673755902797 ], [ 1404393.124509091954678, 380347.784054025833029 ], [ 1404341.755685577867553, 380064.737466745369602 ], [ 1404296.19419384514913, 379816.174895330739673 ], [ 1404195.086931535741314, 379260.612187408900354 ], [ 1404102.954999630805105, 378756.22305045905523 ], [ 1404068.065533955581486, 378559.888312889204826 ], [ 1404009.376496141310781, 378249.681124557508156 ], [ 1403958.819159540580586, 377965.88798907637829 ], [ 1403868.247425958514214, 377469.116178017517086 ], [ 1403847.20820047147572, 377354.087327365879901 ], [ 1403825.224239032017067, 377234.343105511041358 ], [ 1403767.780861344421282, 376917.913308716146275 ], [ 1403703.066349435597658, 376564.118378505459987 ], [ 1403680.440267210826278, 376440.745131942327134 ], [ 1403664.518296894151717, 376354.385793889581691 ], [ 1403169.461234437534586, 373639.389059282606468 ], [ 1403004.463671054458246, 372732.205644943343941 ], [ 1402766.558806736255065, 371431.700888119114097 ], [ 1402760.512460529105738, 371387.019960846635513 ], [ 1402757.543694169726223, 371367.046778863237705 ], [ 1402752.534351052716374, 371331.087365015002433 ], [ 1402739.758570788428187, 371236.275380238657817 ], [ 1402671.819826507475227, 370743.360656603530515 ], [ 1402649.7646867306903, 370633.093302830704488 ], [ 1402562.646493948064744, 370203.659202330571134 ], [ 1402514.829565149033442, 369967.541202907566912 ], [ 1402154.965328969527036, 368192.49719575518975 ], [ 1402084.153451089281589, 367842.126500725396909 ], [ 1401981.100063887424767, 367339.090146834787447 ], [ 1401959.779711056267843, 367151.920401717768982 ], [ 1401955.288294661790133, 367138.54137040686328 ], [ 1401937.995942385401577, 366956.744786370079964 ], [ 1401925.666221099207178, 366845.161100360855926 ], [ 1401909.819579689064994, 366701.956516787351575 ], [ 1401875.727822422748432, 366505.242306022089906 ], [ 1401837.257109609432518, 366324.297670363623183 ], [ 1401802.600547504611313, 366163.671080515545327 ], [ 1401724.231397737050429, 365788.332572847197298 ], [ 1401684.350127996411175, 365594.667034672573209 ], [ 1401608.64607025240548, 365226.190926076029427 ], [ 1401578.824617367936298, 365081.850818690960295 ], [ 1401552.193205632967874, 364954.927954862010665 ], [ 1401516.487239694688469, 364785.216209071513731 ], [ 1401462.923519104719162, 364554.698466484784149 ], [ 1401442.839790459023789, 364469.894031176867429 ], [ 1401412.618469106266275, 364332.486723469104618 ], [ 1401404.868683235486969, 364298.777061969740316 ] ] ] } }
]
}
