geoid,geometry,pop_total,statefips,countyfips,tractfips,name,pop_white,pop_black,pop_asian,pop_hispan,hhinc,home_val,tot_housing,occ_housing,vac_housing,occ_by_tenure,owners,renters,Population age 25 and over (education universe),No schooling completed,Nursery school,Kindergarten,1st grade,2nd grade,3rd grade,4th grade,5th grade,6th grade,7th grade,8th grade,9th grade,10th grade,11th grade,"12th grade, no diploma",Regular high school diploma,GED or alternative credential,"Some college, less than 1 year","Some college, 1 or more years, no degree",Associate's degree,Bachelor's degree,Master's degree,Professional school degree,Doctorate degree
42003010301,"POLYGON ((-79.994623 40.435796, -79.991293 40.434877, -79.986771 40.434982, -79.976005 40.436368, -79.97366 40.436575, -79.972874 40.436527, -79.972916 40.436322, -79.973502 40.433877, -79.975827 40.434315, -79.97915 40.433811, -79.98811 40.432601, -79.989141 40.432598, -79.993415 40.432558, -79.996738 40.432801, -79.994623 40.435796))",1855,42,003,010301,"Allegheny County, Pennsylvania",661,1029,9,65,,,0,0,0,0,0,0,1577,0,0,0,0,0,0,0,9,17,17,26,44,171,95,0,478,322,164,138,50,27,19,0,0
42003010302,"POLYGON ((-79.993711 40.438921, -79.986462 40.438607, -79.985057 40.438542, -79.977665 40.438234, -79.977545 40.438229, -79.975887 40.438147, -79.973546 40.437948, -79.972643 40.437695, -79.972874 40.436527, -79.97366 40.436575, -79.976005 40.436368, -79.986771 40.434982, -79.991293 40.434877, -79.994623 40.435796, -79.993711 40.438921))",4754,42,003,010302,"Allegheny County, Pennsylvania",3688,542,186,308,61035,173300,471,329,142,329,117,212,598,0,0,0,0,0,0,0,0,0,0,0,0,0,12,18,114,17,48,24,44,196,106,7,12
42003020100,"POLYGON ((-80.015379 40.443083, -80.009323 40.444303, -80.003344 40.445648, -80.001437 40.446192, -79.99976 40.446679, -79.997924 40.447273, -79.996133 40.448182, -79.99527 40.446885, -79.994767 40.446086, -79.994248 40.445439, -79.99394 40.445253, -79.990009 40.445941, -79.990045 40.445433, -79.990365 40.444593, -79.992141 40.44202, -79.992275 40.441727, -79.993711 40.438921, -79.994623 40.435796, -79.996738 40.432801, -79.998071 40.433063, -80.001985 40.435067, -80.0102 40.438628, -80.014217 40.4407, -80.01629 40.443207, -80.015379 40.443083))",4600,42,003,020100,"Allegheny County, Pennsylvania",2899,493,597,404,82409,605100,3546,2484,1062,2484,211,2273,2771,0,0,0,0,0,0,0,0,0,0,0,0,0,0,0,305,0,74,142,245,841,690,354,120
42003020300,"POLYGON ((-79.996133 40.448182, -79.992395 40.450413, -79.990791 40.451588, -79.980621 40.45904, -79.979634 40.460081, -79.976016 40.463091, -79.973908 40.46587, -79.968074 40.461012, -79.974947 40.456294, -79.972905 40.455613, -79.973667 40.452843, -79.973946 40.452705, -79.97685 40.450965, -79.977676 40.45021, -79.979146 40.450402, -79.980942 40.449915, -79.983899 40.44852, -79.987036 40.446593, -79.990365 40.444593, -79.990045 40.445433, -79.990009 40.445941, -79.99394 40.445253, -79.994248 40.445439, -79.994767 40.446086, -79.99527 40.446885, -79.996133 40.448182))",1928,42,003,020300,"Allegheny County, Pennsylvania",1526,51,256,87,118375,,1925,1486,439,1486,132,1354,1815,0,0,0,0,0,0,0,0,0,0,0,0,0,2,2,72,0,91,22,39,642,633,218,94
42003030500,"POLYGON ((-79.992275 40.441727, -79.992141 40.44202, -79.990365 40.444593, -79.987036 40.446593, -79.983899 40.44852, -79.983652 40.447642, -79.982429 40.446493, -79.980342 40.443632, -79.979672 40.442698, -79.978997 40.4416, -79.978958 40.441232, -79.978655 40.440843, -79.978351 40.440666, -79.978669 40.440312, -79.977878 40.439348, -79.977636 40.439383, -79.975373 40.439202, -79.977545 40.438229, -79.977665 40.438234, -79.985057 40.438542, -79.986462 40.438607, -79.993711 40.438921, -79.992275 40.441727))",2978,42,003,030500,"Allegheny County, Pennsylvania",670,1782,243,151,36365,232300,1972,1583,389,1583,352,1231,2171,25,0,0,0,0,0,0,0,0,0,0,21,0,25,13,372,126,84,369,190,460,286,58,142
42003040200,"POLYGON ((-79.977545 40.438229, -79.975373 40.439202, -79.97302 40.43978, -79.973209 40.44012, -79.972516 40.440321, -79.968713 40.438771, -79.967549 40.4397, -79.968016 40.442903, -79.966108 40.44336, -79.965757 40.442819, -79.963252 40.444663, -79.962881 40.44326, -79.959333 40.443555, -79.957438 40.442514, -79.957816 40.442238, -79.959169 40.441266, -79.960275 40.44046, -79.962071 40.439131, -79.963932 40.437842, -79.965336 40.437663, -79.966209 40.436616, -79.966991 40.436453, -79.968796 40.436452, -79.972643 40.437695, -79.973546 40.437948, -79.975887 40.438147, -79.977545 40.438229))",2102,42,003,040200,"Allegheny County, Pennsylvania",1155,611,220,88,31042,122300,686,451,235,451,113,338,527,4,0,0,0,0,0,0,0,0,0,0,0,7,0,4,111,80,17,86,36,83,77,15,7
42003040400,"POLYGON ((-79.952724 40.448358, -79.951846 40.448988, -79.950738 40.4498, -79.948751 40.450392, -79.947691 40.447976, -79.947361 40.447106, -79.946584 40.444911, -79.946903 40.444514, -79.950366 40.445158, -79.950588 40.4468, -79.951911 40.446476, -79.952724 40.448358))",1603,42,003,040400,"Allegheny County, Pennsylvania",1059,51,378,88,60192,270200,1255,956,299,956,658,298,1080,0,0,0,0,0,0,0,0,0,0,0,0,0,0,0,91,0,34,67,22,180,369,243,74
42003040500,"POLYGON ((-79.962071 40.439131, -79.960275 40.44046, -79.959169 40.441266, -79.957816 40.442238, -79.957438 40.442514, -79.956438 40.441949, -79.953545 40.443175, -79.949244 40.441345, -79.950563 40.439279, -79.952335 40.439672, -79.954532 40.437525, -79.954969 40.4371, -79.956176 40.43595, -79.956408 40.435124, -79.958171 40.435819, -79.96124 40.438465, -79.962071 40.439131))",3081,42,003,040500,"Allegheny County, Pennsylvania",2442,157,174,300,16721,215800,1265,924,341,924,85,839,328,58,0,0,0,0,0,0,0,0,0,0,0,0,0,28,130,0,8,45,16,0,24,0,19
42003040600,"POLYGON ((-79.956176 40.43595, -79.954969 40.4371, -79.954532 40.437525, -79.952335 40.439672, -79.950563 40.439279, -79.949244 40.441345, -79.948953 40.44118, -79.949788 40.440008, -79.949587 40.436342, -79.94986 40.43443, -79.952213 40.434245, -79.953191 40.434383, -79.954729 40.434612, -79.955938 40.434967, -79.956408 40.435124, -79.956176 40.43595))",2337,42,003,040600,"Allegheny County, Pennsylvania",2138,16,96,27,30392,,1068,767,301,767,34,733,220,41,0,0,0,0,0,0,0,0,0,0,0,0,0,19,0,0,18,0,0,103,16,0,23
42003040900,"POLYGON ((-79.972874 40.436527, -79.972643 40.437695, -79.968796 40.436452, -79.966991 40.436453, -79.966209 40.436616, -79.965336 40.437663, -79.963932 40.437842, -79.962071 40.439131, -79.96124 40.438465, -79.958171 40.435819, -79.956408 40.435124, -79.955938 40.434967, -79.954729 40.434612, -79.953191 40.434383, -79.952213 40.434245, -79.94986 40.43443, -79.949884 40.433609, -79.94966 40.429301, -79.949658 40.429191, -79.950431 40.427598, -79.952371 40.427393, -79.954571 40.42791, -79.956272 40.429113, -79.956927 40.429835, -79.959935 40.432218, -79.967187 40.435337, -79.972916 40.436322, -79.972874 40.436527))",3280,42,003,040900,"Allegheny County, Pennsylvania",2069,612,413,29,26866,217400,1810,1449,361,1449,426,1023,1331,27,0,0,0,0,0,0,0,0,0,0,27,11,0,34,403,42,21,70,78,334,207,7,70
42003050100,"POLYGON ((-79.982429 40.446493, -79.979106 40.447898, -79.976662 40.448936, -79.97555 40.449409, -79.972998 40.450493, -79.972523 40.44962, -79.968921 40.451149, -79.966665 40.453175, -79.964925 40.452883, -79.964377 40.452271, -79.965372 40.450155, -79.96487 40.448777, -79.969054 40.446039, -79.971864 40.444993, -79.973393 40.444364, -79.975045 40.44366, -79.975616 40.444438, -79.977812 40.443499, -79.978512 40.443199, -79.979672 40.442698, -79.980342 40.443632, -79.982429 40.446493))",1746,42,003,050100,"Allegheny County, Pennsylvania",62,1608,0,1,30436,112500,1100,887,213,887,187,700,1161,46,0,0,6,0,0,0,0,0,0,0,15,42,0,14,407,180,87,124,136,67,30,7,0
42003050600,"POLYGON ((-79.966005 40.455191, -79.96042 40.45698, -79.957979 40.458508, -79.957828 40.458489, -79.95722 40.458654, -79.956179 40.458302, -79.95407 40.453172, -79.954904 40.450976, -79.958474 40.448449, -79.95925 40.448314, -79.96487 40.448777, -79.965372 40.450155, -79.964377 40.452271, -79.964925 40.452883, -79.965676 40.453665, -79.966005 40.455191))",1550,42,003,050600,"Allegheny County, Pennsylvania",439,911,81,0,39976,170000,1095,777,318,777,420,357,1138,0,0,0,0,0,0,0,0,0,0,0,0,10,0,1,252,33,96,63,96,140,309,60,78
42003050900,"POLYGON ((-79.983899 40.44852, -79.980942 40.449915, -79.979146 40.450402, -79.977676 40.45021, -79.97685 40.450965, -79.973946 40.452705, -79.973667 40.452843, -79.968302 40.454997, -79.96601 40.45566, -79.966005 40.455191, -79.965676 40.453665, -79.964925 40.452883, -79.966665 40.453175, -79.968921 40.451149, -79.972523 40.44962, -79.972998 40.450493, -79.97555 40.449409, -79.976662 40.448936, -79.979106 40.447898, -79.982429 40.446493, -79.983652 40.447642, -79.983899 40.44852))",1545,42,003,050900,"Allegheny County, Pennsylvania",67,1431,0,60,11986,,813,766,47,766,32,734,855,16,0,0,0,0,0,0,0,0,0,6,0,38,106,0,288,85,55,113,77,48,0,0,23
42003051000,"POLYGON ((-79.975045 40.44366, -79.973393 40.444364, -79.971864 40.444993, -79.969054 40.446039, -79.96487 40.448777, -79.95925 40.448314, -79.958474 40.448449, -79.960888 40.445473, -79.963252 40.444663, -79.965757 40.442819, -79.966108 40.44336, -79.968016 40.442903, -79.967549 40.4397, -79.968713 40.438771, -79.972516 40.440321, -79.973209 40.44012, -79.973948 40.440854, -79.974498 40.442898, -79.975045 40.44366))",2382,42,003,051000,"Allegheny County, Pennsylvania",887,1050,314,75,19446,,913,752,161,752,32,720,917,5,0,0,0,0,0,0,0,0,0,11,59,37,40,12,129,112,26,241,68,71,33,24,49
42003051100,"POLYGON ((-79.979672 40.442698, -79.978512 40.443199, -79.977812 40.443499, -79.975616 40.444438, -79.975045 40.44366, -79.974498 40.442898, -79.973948 40.440854, -79.973209 40.44012, -79.97302 40.43978, -79.975373 40.439202, -79.977636 40.439383, -79.977878 40.439348, -79.978669 40.440312, -79.978351 40.440666, -79.978655 40.440843, -79.978958 40.441232, -79.978997 40.4416, -79.979672 40.442698))",807,42,003,051100,"Allegheny County, Pennsylvania",174,480,0,0,8889,,270,260,10,260,0,260,332,0,0,0,0,0,0,0,0,0,0,0,0,7,0,0,168,18,29,50,28,7,25,0,0
42003060300,"POLYGON ((-79.97156 40.468988, -79.970767 40.470658, -79.970036 40.471108, -79.968685 40.47275, -79.963846 40.469936, -79.96229 40.468707, -79.95922 40.466235, -79.957961 40.465182, -79.957166 40.462428, -79.954572 40.462807, -79.953635 40.462757, -79.954185 40.462184, -79.955936 40.460303, -79.956933 40.460727, -79.957695 40.460843, -79.966079 40.459437, -79.96664 40.460607, -79.968074 40.461012, -79.973908 40.46587, -79.97156 40.468988))",2724,42,003,060300,"Allegheny County, Pennsylvania",2186,107,220,109,105128,341200,2008,1681,327,1681,611,1070,2206,0,0,0,0,0,0,0,0,0,0,0,13,10,0,9,141,37,33,138,37,929,417,291,151
42003060500,"POLYGON ((-79.974947 40.456294, -79.968074 40.461012, -79.96664 40.460607, -79.966079 40.459437, -79.957695 40.460843, -79.956933 40.460727, -79.955936 40.460303, -79.957202 40.458821, -79.95722 40.458654, -79.957828 40.458489, -79.957979 40.458508, -79.96042 40.45698, -79.966005 40.455191, -79.96601 40.45566, -79.968302 40.454997, -79.973667 40.452843, -79.972905 40.455613, -79.974947 40.456294))",1115,42,003,060500,"Allegheny County, Pennsylvania",1017,35,5,0,54926,278400,880,665,215,665,311,354,1015,0,0,0,0,0,0,0,0,0,0,0,0,6,13,35,211,25,53,72,78,311,133,20,58
42003070300,"POLYGON ((-79.940948 40.451316, -79.936727 40.452745, -79.935964 40.453107, -79.932568 40.454746, -79.931776 40.453413, -79.930979 40.452062, -79.929646 40.449827, -79.934205 40.4484, -79.935802 40.447911, -79.937291 40.447792, -79.938838 40.447686, -79.940948 40.451316))",2077,42,003,070300,"Allegheny County, Pennsylvania",1343,175,329,178,90625,629400,1282,1018,264,1018,387,631,1535,0,0,0,0,0,0,8,0,0,0,0,0,8,0,0,124,13,38,68,36,587,376,102,175
42003070500,"POLYGON ((-79.934057 40.457262, -79.92898 40.458758, -79.925043 40.459954, -79.925198 40.457378, -79.925209 40.457124, -79.925325 40.454991, -79.925341 40.454161, -79.928821 40.452752, -79.930979 40.452062, -79.931776 40.453413, -79.932568 40.454746, -79.934057 40.457262))",2989,42,003,070500,"Allegheny County, Pennsylvania",2176,122,429,390,73526,468200,1933,1712,221,1712,400,1312,2120,22,0,0,0,0,0,0,0,0,0,0,0,0,0,23,135,2,18,81,29,927,495,90,298
42003070600,"POLYGON ((-79.930979 40.452062, -79.928821 40.452752, -79.925341 40.454161, -79.925325 40.454991, -79.925209 40.457124, -79.925198 40.457378, -79.922454 40.456791, -79.922546 40.455862, -79.920712 40.452894, -79.922075 40.452686, -79.923971 40.451932, -79.928437 40.450212, -79.929646 40.449827, -79.930979 40.452062))",2090,42,003,070600,"Allegheny County, Pennsylvania",1840,22,91,120,76865,530700,1412,1239,173,1239,484,755,1623,0,0,0,0,0,0,0,0,0,0,11,0,0,0,0,67,0,53,85,76,387,321,463,160
42003070800,"POLYGON ((-79.925043 40.459954, -79.922723 40.460656, -79.921229 40.460045, -79.917797 40.457735, -79.917412 40.457481, -79.912424 40.454037, -79.915354 40.453614, -79.920712 40.452894, -79.922546 40.455862, -79.922454 40.456791, -79.925198 40.457378, -79.925043 40.459954))",2618,42,003,070800,"Allegheny County, Pennsylvania",1643,50,601,231,103920,646300,1904,1635,269,1635,314,1321,2062,0,0,0,0,0,0,0,0,0,0,0,0,0,0,0,56,17,0,2,29,647,619,356,336
42003070900,"POLYGON ((-79.949688 40.452585, -79.94639 40.453579, -79.943082 40.454566, -79.944272 40.45525, -79.941493 40.45504, -79.938591 40.45591, -79.93649 40.456565, -79.934057 40.457262, -79.932568 40.454746, -79.935964 40.453107, -79.936727 40.452745, -79.940948 40.451316, -79.938838 40.447686, -79.947361 40.447106, -79.947691 40.447976, -79.948751 40.450392, -79.949688 40.452585))",4444,42,003,070900,"Allegheny County, Pennsylvania",2337,285,1643,82,47519,441800,2736,2335,401,2335,693,1642,2859,55,0,0,0,0,0,0,0,0,0,47,10,17,10,0,189,27,79,109,93,1006,775,107,335
42003080200,"POLYGON ((-79.954185 40.462184, -79.953635 40.462757, -79.952782 40.463611, -79.949866 40.462087, -79.947093 40.460615, -79.948236 40.458457, -79.947515 40.456873, -79.95148 40.457344, -79.9533 40.457766, -79.955936 40.460303, -79.954185 40.462184))",1637,42,003,080200,"Allegheny County, Pennsylvania",1492,36,26,99,68708,236400,1076,939,137,939,422,517,1389,38,0,0,0,0,0,0,0,0,0,0,0,0,16,0,271,36,42,164,73,459,227,17,46
42003080400,"POLYGON ((-79.95148 40.457344, -79.947515 40.456873, -79.948236 40.458457, -79.947093 40.460615, -79.943729 40.458812, -79.938591 40.45591, -79.941493 40.45504, -79.944272 40.45525, -79.943082 40.454566, -79.94639 40.453579, -79.949688 40.452585, -79.949775 40.453114, -79.95148 40.457344))",1568,42,003,080400,"Allegheny County, Pennsylvania",1024,50,339,75,65116,190900,1046,921,125,921,236,685,1307,0,0,0,0,0,0,0,0,0,0,0,0,0,8,0,126,15,27,93,144,387,265,145,97
42003080600,"POLYGON ((-79.943535 40.460022, -79.943218 40.462342, -79.941596 40.462204, -79.941347 40.464099, -79.936074 40.462976, -79.936302 40.461763, -79.936736 40.459446, -79.937058 40.457675, -79.93649 40.456565, -79.938591 40.45591, -79.943729 40.458812, -79.943535 40.460022))",2054,42,003,080600,"Allegheny County, Pennsylvania",1715,51,125,66,61135,371600,1250,1053,197,1053,330,723,1578,9,0,0,0,0,0,0,0,0,0,0,31,26,0,2,86,0,37,106,84,703,316,55,123
42003080700,"POLYGON ((-79.936736 40.459446, -79.936302 40.461763, -79.936074 40.462976, -79.935108 40.464734, -79.934518 40.464772, -79.932489 40.464125, -79.930673 40.463493, -79.932399 40.460678, -79.934256 40.457577, -79.934057 40.457262, -79.93649 40.456565, -79.937058 40.457675, -79.936736 40.459446))",1935,42,003,080700,"Allegheny County, Pennsylvania",1264,126,355,86,58750,466700,1376,1235,141,1235,150,1085,1521,5,0,0,0,0,0,0,0,0,0,9,0,0,16,0,134,10,26,73,117,517,269,239,106
42003080900,"POLYGON ((-79.949861 40.462183, -79.948068 40.465698, -79.946446 40.465466, -79.945231 40.465297, -79.941135 40.464745, -79.939382 40.464533, -79.936441 40.464676, -79.935108 40.464734, -79.936074 40.462976, -79.941347 40.464099, -79.941596 40.462204, -79.943218 40.462342, -79.943535 40.460022, -79.943729 40.458812, -79.947093 40.460615, -79.949866 40.462087, -79.949861 40.462183))",1877,42,003,080900,"Allegheny County, Pennsylvania",1375,120,135,149,62317,274600,1204,1120,84,1120,340,780,1639,75,0,0,0,0,0,0,0,0,0,0,0,46,0,0,227,11,139,137,107,573,229,23,72
42003090100,"POLYGON ((-79.964756 40.477917, -79.963175 40.479766, -79.96069 40.482055, -79.955699 40.478347, -79.957619 40.476127, -79.958046 40.473859, -79.958808 40.472818, -79.959795 40.471461, -79.96091 40.469796, -79.96229 40.468707, -79.963846 40.469936, -79.968685 40.47275, -79.964756 40.477917))",2019,42,003,090100,"Allegheny County, Pennsylvania",1534,193,103,98,112885,452700,1388,1260,128,1260,515,745,1884,11,0,0,0,0,0,0,0,0,0,65,22,21,0,0,239,19,66,22,11,624,336,253,195
42003090200,"POLYGON ((-79.96091 40.469796, -79.959795 40.471461, -79.958808 40.472818, -79.958046 40.473859, -79.954153 40.471294, -79.955031 40.469052, -79.951802 40.467364, -79.95193 40.46617, -79.952307 40.466142, -79.954351 40.465798, -79.957961 40.465182, -79.95922 40.466235, -79.96229 40.468707, -79.96091 40.469796))",2635,42,003,090200,"Allegheny County, Pennsylvania",2349,73,13,127,88534,382900,1548,1322,226,1322,642,680,2299,0,0,0,0,0,0,0,3,0,3,2,37,82,3,9,356,17,135,126,127,556,448,168,227
42003090300,"POLYGON ((-79.957961 40.465182, -79.954351 40.465798, -79.952307 40.466142, -79.95193 40.46617, -79.948068 40.465698, -79.949861 40.462183, -79.949866 40.462087, -79.952782 40.463611, -79.953635 40.462757, -79.954572 40.462807, -79.957166 40.462428, -79.957961 40.465182))",1384,42,003,090300,"Allegheny County, Pennsylvania",1311,15,55,31,77050,223600,986,791,195,791,359,432,1173,9,0,0,0,0,0,0,0,8,0,0,0,24,7,81,176,27,41,67,48,385,215,35,50
42003100500,"POLYGON ((-79.943079 40.479954, -79.940601 40.482014, -79.937742 40.48135, -79.93716 40.4812, -79.934436 40.48048, -79.933208 40.479855, -79.933039 40.479641, -79.931916 40.475217, -79.931463 40.473909, -79.931716 40.472041, -79.932787 40.470637, -79.934571 40.472166, -79.935453 40.472562, -79.936529 40.474268, -79.938207 40.474095, -79.944414 40.478645, -79.943079 40.479954))",2016,42,003,100500,"Allegheny County, Pennsylvania",760,1085,33,72,72043,209900,932,919,13,919,654,265,1503,13,0,0,0,0,0,0,0,10,1,0,0,8,13,9,336,40,49,132,273,302,223,17,77
42003101100,"POLYGON ((-79.96069 40.482055, -79.955351 40.485907, -79.95127 40.487586, -79.947617 40.488758, -79.938355 40.490983, -79.938012 40.491067, -79.937156 40.488429, -79.946298 40.485158, -79.94317 40.48318, -79.947546 40.480077, -79.946973 40.478102, -79.948944 40.478173, -79.949207 40.478161, -79.951311 40.477456, -79.95439 40.477466, -79.954861 40.477795, -79.955699 40.478347, -79.96069 40.482055))",2549,42,003,101100,"Allegheny County, Pennsylvania",2334,74,96,68,101375,317300,1492,1143,349,1143,723,420,2319,20,0,0,0,0,0,0,0,24,0,0,7,14,34,0,321,66,26,184,139,725,488,122,149
42003101400,"POLYGON ((-79.938012 40.491067, -79.935572 40.491491, -79.93218 40.491689, -79.927922 40.491538, -79.923567 40.490717, -79.915182 40.488835, -79.912483 40.488273, -79.913254 40.486614, -79.919368 40.488201, -79.924079 40.483427, -79.924815 40.481899, -79.92734 40.480846, -79.927628 40.477905, -79.928123 40.476601, -79.928583 40.475332, -79.928349 40.472318, -79.931194 40.473437, -79.931463 40.473909, -79.931916 40.475217, -79.931716 40.476482, -79.93202 40.478584, -79.931678 40.479716, -79.930684 40.482795, -79.929832 40.485388, -79.929257 40.485872, -79.927958 40.486923, -79.925978 40.487617, -79.925532 40.488308, -79.929744 40.489115, -79.935087 40.489142, -79.937156 40.488429, -79.938012 40.491067))",3222,42,003,101400,"Allegheny County, Pennsylvania",2536,296,74,121,87813,282600,1665,1460,205,1460,993,467,2547,56,0,0,0,0,0,0,0,0,9,11,0,21,1,0,537,9,43,360,76,866,409,87,62
42003101800,"POLYGON ((-79.948944 40.478173, -79.946973 40.478102, -79.947546 40.480077, -79.94317 40.48318, -79.946298 40.485158, -79.937156 40.488429, -79.935087 40.489142, -79.929744 40.489115, -79.925532 40.488308, -79.925978 40.487617, -79.927958 40.486923, -79.929257 40.485872, -79.929832 40.485388, -79.930684 40.482795, -79.931678 40.479716, -79.93202 40.478584, -79.931716 40.476482, -79.931916 40.475217, -79.933039 40.479641, -79.933208 40.479855, -79.934436 40.48048, -79.93716 40.4812, -79.937742 40.48135, -79.940601 40.482014, -79.943079 40.479954, -79.944414 40.478645, -79.946254 40.477696, -79.947058 40.477612, -79.948944 40.478173))",2573,42,003,101800,"Allegheny County, Pennsylvania",2047,264,101,32,85724,243200,1335,1324,11,1324,1186,138,2063,11,0,0,0,0,0,0,10,10,0,0,12,12,0,0,282,41,115,201,185,782,286,65,51
42003101900,"POLYGON ((-79.947382 40.468447, -79.944495 40.471634, -79.939082 40.473081, -79.935453 40.472562, -79.934571 40.472166, -79.932787 40.470637, -79.934617 40.467687, -79.936441 40.464676, -79.939382 40.464533, -79.941135 40.464745, -79.945231 40.465297, -79.946446 40.465466, -79.946116 40.466964, -79.946808 40.46751, -79.947382 40.468447))",2803,42,003,101900,"Allegheny County, Pennsylvania",687,1791,77,235,60625,218100,1331,1133,198,1133,472,661,1940,53,0,0,0,0,0,8,0,0,0,10,0,6,16,89,203,61,62,285,203,546,301,55,42
42003110200,"POLYGON ((-79.928583 40.475332, -79.928123 40.476601, -79.927628 40.477905, -79.92734 40.480846, -79.924608 40.479805, -79.922382 40.479474, -79.919706 40.479735, -79.916175 40.47848, -79.917873 40.475913, -79.918786 40.474502, -79.919192 40.473667, -79.919739 40.472489, -79.921025 40.46969, -79.926277 40.471522, -79.928349 40.472318, -79.928583 40.475332))",4241,42,003,110200,"Allegheny County, Pennsylvania",3050,546,173,152,98906,487500,2364,2144,220,2144,962,1182,3220,60,0,0,0,0,0,0,0,0,0,21,0,0,7,0,279,0,91,246,149,1209,659,224,275
42003110600,"POLYGON ((-79.919739 40.472489, -79.919192 40.473667, -79.918786 40.474502, -79.917873 40.475913, -79.916175 40.47848, -79.913341 40.478718, -79.914305 40.475281, -79.910815 40.475132, -79.911634 40.470136, -79.914839 40.468832, -79.914605 40.46741, -79.916161 40.466991, -79.916948 40.468581, -79.921025 40.46969, -79.919739 40.472489))",2364,42,003,110600,"Allegheny County, Pennsylvania",1939,198,70,73,109444,442000,1135,1062,73,1062,811,251,1764,0,0,0,0,0,0,0,0,0,0,9,0,0,0,0,162,0,15,96,29,479,626,123,225
42003111300,"POLYGON ((-79.932787 40.470637, -79.931716 40.472041, -79.931463 40.473909, -79.931194 40.473437, -79.928349 40.472318, -79.926277 40.471522, -79.921025 40.46969, -79.916948 40.468581, -79.916161 40.466991, -79.919229 40.465988, -79.919904 40.46507, -79.921635 40.465681, -79.922763 40.465943, -79.924257 40.466297, -79.928123 40.467723, -79.927517 40.46875, -79.93181 40.470271, -79.932787 40.470637))",2927,42,003,111300,"Allegheny County, Pennsylvania",1770,682,63,174,76929,385700,1561,1204,357,1204,440,764,2167,0,0,0,0,0,0,0,0,0,0,6,0,11,51,44,303,54,126,364,176,458,298,108,168
42003111400,"POLYGON ((-79.936441 40.464676, -79.934617 40.467687, -79.932787 40.470637, -79.93181 40.470271, -79.927517 40.46875, -79.928123 40.467723, -79.929401 40.465611, -79.930673 40.463493, -79.932489 40.464125, -79.934518 40.464772, -79.935108 40.464734, -79.936441 40.464676))",1235,42,003,111400,"Allegheny County, Pennsylvania",490,667,9,38,59605,264000,772,660,112,660,257,403,914,0,0,0,0,0,0,0,0,0,0,9,0,0,12,30,182,0,59,161,86,132,144,34,65
42003111500,"POLYGON ((-79.934256 40.457577, -79.932399 40.460678, -79.930673 40.463493, -79.929401 40.465611, -79.928123 40.467723, -79.924257 40.466297, -79.922763 40.465943, -79.921635 40.465681, -79.919904 40.46507, -79.916376 40.462265, -79.915681 40.460106, -79.917412 40.457481, -79.917797 40.457735, -79.921229 40.460045, -79.922723 40.460656, -79.925043 40.459954, -79.92898 40.458758, -79.934057 40.457262, -79.934256 40.457577))",3718,42,003,111500,"Allegheny County, Pennsylvania",990,2029,377,20,57176,210900,2679,2146,533,2146,207,1939,2994,24,0,0,0,0,0,0,0,0,0,0,0,0,25,0,438,66,323,262,190,662,450,137,417
42003120300,"POLYGON ((-79.908622 40.470281, -79.908275 40.474216, -79.904563 40.474025, -79.899177 40.476061, -79.898424 40.475723, -79.898082 40.473547, -79.899249 40.472722, -79.897111 40.470072, -79.896047 40.468749, -79.896602 40.468385, -79.898976 40.464668, -79.90063 40.464239, -79.903324 40.463534, -79.904188 40.463314, -79.905617 40.462596, -79.908728 40.467348, -79.908622 40.470281))",1507,42,003,120300,"Allegheny County, Pennsylvania",31,1350,0,100,32188,85400,794,609,185,609,258,351,943,0,0,0,0,0,0,0,0,0,0,0,0,31,1,21,150,58,148,157,44,228,59,22,24
42003120900,"POLYGON ((-79.919229 40.465988, -79.916161 40.466991, -79.914605 40.46741, -79.909546 40.470181, -79.908622 40.470281, -79.908728 40.467348, -79.905617 40.462596, -79.905791 40.461785, -79.909547 40.456691, -79.912424 40.454037, -79.917412 40.457481, -79.915681 40.460106, -79.916376 40.462265, -79.919904 40.46507, -79.919229 40.465988))",1473,42,003,120900,"Allegheny County, Pennsylvania",304,1075,0,35,25727,65300,861,597,264,597,203,394,1101,33,0,0,0,0,0,18,9,0,0,5,0,5,96,11,356,72,61,150,120,87,59,0,19
42003130200,"POLYGON ((-79.897553 40.460394, -79.897556 40.462082, -79.892663 40.460974, -79.892687 40.46063, -79.890448 40.460111, -79.891072 40.458522, -79.888374 40.45791, -79.887726 40.45651, -79.888093 40.455527, -79.891902 40.456393, -79.894145 40.4569, -79.898528 40.457906, -79.897553 40.460394))",1073,42,003,130200,"Allegheny County, Pennsylvania",74,875,0,94,50605,82900,627,389,238,389,257,132,803,0,0,0,0,0,0,0,0,0,0,0,0,37,11,33,343,31,22,147,94,61,17,0,7
42003130600,"POLYGON ((-79.885944 40.455074, -79.884086 40.455485, -79.879931 40.455244, -79.877686 40.457094, -79.879241 40.459152, -79.875531 40.461549, -79.875607 40.460686, -79.874504 40.459263, -79.870573 40.46119, -79.869102 40.460973, -79.871695 40.460565, -79.872608 40.45753, -79.868278 40.456351, -79.865843 40.455745, -79.866477 40.452766, -79.867561 40.449389, -79.872685 40.449367, -79.877128 40.449803, -79.879255 40.449756, -79.884087 40.449144, -79.884822 40.45198, -79.885258 40.452696, -79.885372 40.453168, -79.885944 40.455074))",3994,42,003,130600,"Allegheny County, Pennsylvania",160,3735,53,107,32083,109100,1497,1232,265,1232,438,794,1977,34,0,0,0,0,0,0,0,0,0,11,25,60,60,0,801,42,36,476,166,171,79,0,16
42003130700,"POLYGON ((-79.909547 40.456691, -79.905791 40.461785, -79.905617 40.462596, -79.904188 40.463314, -79.903324 40.463534, -79.90063 40.464239, -79.898976 40.464668, -79.898732 40.464611, -79.896197 40.464035, -79.894453 40.462543, -79.889992 40.461829, -79.888502 40.46143, -79.879241 40.459152, -79.877686 40.457094, -79.879931 40.455244, -79.884086 40.455485, -79.885944 40.455074, -79.888093 40.455527, -79.887726 40.45651, -79.888374 40.45791, -79.891072 40.458522, -79.890448 40.460111, -79.892687 40.46063, -79.892663 40.460974, -79.897556 40.462082, -79.897553 40.460394, -79.898528 40.457906, -79.901115 40.45849, -79.9013 40.458015, -79.902271 40.455599, -79.902842 40.454879, -79.903148 40.454981, -79.90531 40.455482, -79.907886 40.456061, -79.909547 40.456691))",2334,42,003,130700,"Allegheny County, Pennsylvania",151,1928,0,48,31799,58000,1355,1064,291,1064,424,640,1514,12,0,0,0,0,0,0,0,0,0,5,18,5,2,56,703,58,60,208,127,175,69,16,0
42003130800,"POLYGON ((-79.903148 40.454981, -79.902842 40.454879, -79.902271 40.455599, -79.9013 40.458015, -79.901115 40.45849, -79.898528 40.457906, -79.894145 40.4569, -79.891902 40.456393, -79.888093 40.455527, -79.885944 40.455074, -79.885372 40.453168, -79.885258 40.452696, -79.884822 40.45198, -79.884087 40.449144, -79.88593 40.446907, -79.888184 40.447659, -79.890444 40.449459, -79.892423 40.450266, -79.892784 40.450302, -79.898758 40.452813, -79.900853 40.453617, -79.903128 40.454524, -79.90531 40.455482, -79.903148 40.454981))",2186,42,003,130800,"Allegheny County, Pennsylvania",221,1652,0,53,27177,92200,1530,938,592,938,315,623,1214,0,0,0,0,0,0,0,0,0,0,0,3,0,13,79,469,103,115,111,57,196,68,0,0
42003140100,"POLYGON ((-79.949244 40.441345, -79.947565 40.443406, -79.946903 40.444514, -79.946584 40.444911, -79.947361 40.447106, -79.938838 40.447686, -79.937291 40.447792, -79.934012 40.44685, -79.930237 40.445197, -79.927925 40.444121, -79.927784 40.440901, -79.927714 40.438039, -79.933088 40.437703, -79.934033 40.437707, -79.936216 40.437623, -79.940846 40.438967, -79.942176 40.440444, -79.947009 40.441483, -79.948409 40.44086, -79.948953 40.44118, -79.949244 40.441345))",6246,42,003,140100,"Allegheny County, Pennsylvania",3961,307,1458,439,222778,776700,1145,1048,97,1048,797,251,1603,0,0,0,0,0,0,0,0,0,0,0,0,0,0,0,66,0,31,90,64,370,488,267,227
42003140200,"POLYGON ((-79.935802 40.447911, -79.934205 40.4484, -79.929646 40.449827, -79.928437 40.450212, -79.923971 40.451932, -79.922075 40.452686, -79.920712 40.452894, -79.92023 40.451218, -79.921576 40.44767, -79.920513 40.443851, -79.92539 40.444005, -79.927925 40.444121, -79.930237 40.445197, -79.934012 40.44685, -79.937291 40.447792, -79.935802 40.447911))",2537,42,003,140200,"Allegheny County, Pennsylvania",1778,67,484,137,65378,777500,974,853,121,853,351,502,1090,0,0,0,0,0,0,0,0,0,14,0,0,0,0,0,37,0,25,35,26,256,409,205,83
42003140300,"POLYGON ((-79.927925 40.444121, -79.92539 40.444005, -79.920513 40.443851, -79.917776 40.444326, -79.915668 40.444778, -79.914125 40.446357, -79.91165 40.446696, -79.912246 40.443125, -79.912579 40.441114, -79.913083 40.438028, -79.916145 40.438036, -79.919359 40.438041, -79.922984 40.438056, -79.926946 40.438073, -79.927714 40.438039, -79.927784 40.440901, -79.927925 40.444121))",3400,42,003,140300,"Allegheny County, Pennsylvania",2538,102,345,155,129464,621700,1540,1335,205,1335,708,627,2577,0,0,1,0,0,0,0,0,0,1,0,0,1,1,26,122,71,22,101,27,883,563,351,407
42003140400,"POLYGON ((-79.921576 40.44767, -79.92023 40.451218, -79.920712 40.452894, -79.915354 40.453614, -79.912424 40.454037, -79.909447 40.452039, -79.908192 40.451487, -79.910158 40.448761, -79.911435 40.446978, -79.91165 40.446696, -79.914125 40.446357, -79.915668 40.444778, -79.917776 40.444326, -79.920513 40.443851, -79.921576 40.44767))",2200,42,003,140400,"Allegheny County, Pennsylvania",1844,8,142,111,194688,688300,971,876,95,876,754,122,1604,6,0,0,0,0,0,0,0,0,0,0,0,0,0,0,77,6,16,63,32,543,412,236,213
42003140500,"POLYGON ((-79.909547 40.456691, -79.907886 40.456061, -79.90531 40.455482, -79.903128 40.454524, -79.900853 40.453617, -79.898758 40.452813, -79.892784 40.450302, -79.892423 40.450266, -79.893225 40.446494, -79.901316 40.449181, -79.903761 40.449998, -79.908192 40.451487, -79.909447 40.452039, -79.912424 40.454037, -79.909547 40.456691))",2338,42,003,140500,"Allegheny County, Pennsylvania",1411,321,161,110,95523,288700,1229,1133,96,1133,485,648,1793,31,0,0,0,0,0,0,0,0,0,0,0,0,3,6,87,10,87,129,71,725,423,98,123
42003140800,"POLYGON ((-79.923142 40.432354, -79.922833 40.434754, -79.922984 40.438056, -79.919359 40.438041, -79.916145 40.438036, -79.913083 40.438028, -79.911475 40.438013, -79.909082 40.437051, -79.909072 40.433968, -79.915105 40.431393, -79.915334 40.429887, -79.907464 40.426485, -79.912489 40.426473, -79.91423 40.427884, -79.914853 40.428018, -79.915556 40.427877, -79.921199 40.429171, -79.923485 40.429738, -79.923142 40.432354))",4731,42,003,140800,"Allegheny County, Pennsylvania",3493,249,617,123,87538,600200,2017,1873,144,1873,895,978,3245,1,0,0,0,0,0,0,0,0,0,0,0,0,1,0,96,17,64,248,90,998,909,322,499
42003141100,"POLYGON ((-79.916669 40.415984, -79.914042 40.419199, -79.912044 40.419856, -79.908284 40.424032, -79.907228 40.424094, -79.906117 40.426076, -79.904095 40.426118, -79.901368 40.42723, -79.897009 40.426492, -79.893595 40.426631, -79.89218 40.427888, -79.891006 40.427197, -79.894194 40.425554, -79.896712 40.42646, -79.897203 40.42606, -79.898872 40.41885, -79.899623 40.41545, -79.901512 40.415879, -79.905972 40.415707, -79.911464 40.414838, -79.915436 40.414933, -79.916669 40.415984))",1369,42,003,141100,"Allegheny County, Pennsylvania",1237,53,21,22,103750,252700,626,611,15,611,520,91,1069,2,0,0,0,0,0,0,0,1,0,0,0,0,0,0,195,24,43,117,79,211,302,65,30
42003141200,"POLYGON ((-79.910158 40.448761, -79.908192 40.451487, -79.903761 40.449998, -79.901316 40.449181, -79.893225 40.446494, -79.893751 40.443837, -79.894363 40.441175, -79.895038 40.437668, -79.895142 40.437192, -79.895568 40.434962, -79.897083 40.427785, -79.895096 40.428166, -79.893762 40.426922, -79.89218 40.427888, -79.893595 40.426631, -79.897009 40.426492, -79.901368 40.42723, -79.898672 40.435568, -79.899013 40.437626, -79.900267 40.439516, -79.899485 40.439557, -79.899681 40.440056, -79.898771 40.443838, -79.90136 40.445835, -79.903112 40.446407, -79.905877 40.44436, -79.90873 40.444495, -79.908191 40.44557, -79.911435 40.446978, -79.910158 40.448761))",4197,42,003,141200,"Allegheny County, Pennsylvania",3408,240,168,166,126470,437700,1959,1833,126,1833,1350,483,3308,0,0,0,0,0,0,0,0,0,0,10,0,0,1,0,293,23,57,196,81,1028,832,289,498
42003141300,"POLYGON ((-79.933045 40.433435, -79.934033 40.437707, -79.933088 40.437703, -79.927714 40.438039, -79.926946 40.438073, -79.922984 40.438056, -79.922833 40.434754, -79.923142 40.432354, -79.923485 40.429738, -79.92676 40.428152, -79.930494 40.428912, -79.933223 40.428931, -79.932663 40.432019, -79.934571 40.43225, -79.933045 40.433435))",4717,42,003,141300,"Allegheny County, Pennsylvania",3153,163,1086,157,61354,372900,2459,2299,160,2299,701,1598,3165,100,0,0,0,0,0,0,0,7,0,0,4,26,13,0,366,15,10,233,85,852,706,240,508
42003141400,"POLYGON ((-79.928158 40.427518, -79.92676 40.428152, -79.923485 40.429738, -79.921199 40.429171, -79.915556 40.427877, -79.914853 40.428018, -79.91423 40.427884, -79.912489 40.426473, -79.907464 40.426485, -79.906009 40.427762, -79.906117 40.426076, -79.907228 40.424094, -79.908284 40.424032, -79.912044 40.419856, -79.914042 40.419199, -79.916669 40.415984, -79.915436 40.414933, -79.911464 40.414838, -79.915403 40.413226, -79.918572 40.410757, -79.92027 40.412026, -79.922774 40.411804, -79.922594 40.412737, -79.924971 40.415048, -79.926774 40.418911, -79.926096 40.419542, -79.926263 40.423085, -79.926277 40.423589, -79.925732 40.425423, -79.927097 40.426764, -79.928158 40.427518))",5362,42,003,141400,"Allegheny County, Pennsylvania",3631,242,431,410,113472,462000,2935,2582,353,2582,1400,1182,4017,0,0,0,0,0,0,0,0,0,0,47,0,0,19,0,235,38,96,184,263,945,1011,582,597
42003151600,"POLYGON ((-79.952282 40.425172, -79.952236 40.425429, -79.952109 40.425763, -79.951956 40.426016, -79.951704 40.426309, -79.951234 40.426785, -79.950431 40.427598, -79.949658 40.429191, -79.949393 40.428886, -79.946842 40.428474, -79.941856 40.430103, -79.940047 40.429812, -79.939722 40.429304, -79.939767 40.427972, -79.939788 40.426187, -79.939835 40.418952, -79.941039 40.418871, -79.944267 40.420412, -79.947627 40.422058, -79.949835 40.425665, -79.952036 40.424917, -79.952288 40.424898, -79.952282 40.425172))",2413,42,003,151600,"Allegheny County, Pennsylvania",1938,133,145,149,70069,219300,1415,1253,162,1253,922,331,1968,20,0,0,0,0,0,0,0,0,0,40,0,20,26,0,318,149,85,98,100,655,364,55,38
42003151700,"POLYGON ((-79.939788 40.426187, -79.939767 40.427972, -79.939722 40.429304, -79.939045 40.42885, -79.933223 40.428931, -79.930494 40.428912, -79.92676 40.428152, -79.928158 40.427518, -79.927097 40.426764, -79.925732 40.425423, -79.926277 40.423589, -79.926263 40.423085, -79.926096 40.419542, -79.926774 40.418911, -79.928168 40.419683, -79.929215 40.419753, -79.929157 40.418943, -79.933107 40.419798, -79.93369 40.419732, -79.93383 40.419788, -79.93801 40.419116, -79.939835 40.418952, -79.939788 40.426187))",4169,42,003,151700,"Allegheny County, Pennsylvania",3543,122,116,372,67456,268200,2582,2330,252,2330,1369,961,3432,0,0,0,0,0,0,0,0,0,0,205,0,0,0,0,435,126,71,178,281,1054,715,130,237
42003160800,"POLYGON ((-79.97987 40.421365, -79.977693 40.423827, -79.97664 40.423537, -79.976607 40.425126, -79.972102 40.42488, -79.965522 40.423924, -79.961288 40.421257, -79.961618 40.42124, -79.965472 40.417374, -79.966745 40.417179, -79.967292 40.417202, -79.970376 40.417633, -79.970942 40.417646, -79.972908 40.417424, -79.976025 40.417165, -79.978869 40.417957, -79.979172 40.421132, -79.97987 40.421365))",2384,42,003,160800,"Allegheny County, Pennsylvania",1995,125,9,167,55761,201000,1513,1258,255,1258,626,632,1885,42,0,0,0,0,0,0,0,36,0,8,0,0,12,0,318,91,68,409,187,393,230,46,45
42003160900,"POLYGON ((-79.976265 40.428506, -79.975817 40.431756, -79.973779 40.431175, -79.973502 40.433877, -79.960197 40.428542, -79.955973 40.424569, -79.954573 40.420769, -79.952955 40.410659, -79.955098 40.410546, -79.955252 40.411062, -79.955836 40.410947, -79.955754 40.414277, -79.957386 40.418443, -79.961288 40.421257, -79.965522 40.423924, -79.972102 40.42488, -79.976607 40.425126, -79.976265 40.428506))",3603,42,003,160900,"Allegheny County, Pennsylvania",3142,174,120,111,72953,233100,2261,2023,238,2023,419,1604,2114,0,0,0,0,0,0,0,0,0,0,0,20,100,0,0,307,60,37,98,163,990,230,53,56
42003161000,"POLYGON ((-79.982259 40.417667, -79.980602 40.41772, -79.978869 40.417957, -79.976025 40.417165, -79.972908 40.417424, -79.970942 40.417646, -79.970376 40.417633, -79.967292 40.417202, -79.966745 40.417179, -79.965472 40.417374, -79.961618 40.42124, -79.961288 40.421257, -79.957386 40.418443, -79.955754 40.414277, -79.955836 40.410947, -79.955252 40.411062, -79.955098 40.410546, -79.956366 40.410631, -79.96283 40.409671, -79.969312 40.405479, -79.976555 40.40392, -79.975892 40.404375, -79.981091 40.40784, -79.980801 40.409485, -79.981571 40.410415, -79.981795 40.414111, -79.982259 40.417667))",3200,42,003,161000,"Allegheny County, Pennsylvania",1263,1562,37,83,57372,69700,1390,1146,244,1146,702,444,2025,9,0,0,0,0,0,0,0,0,0,0,10,0,0,11,610,122,256,317,305,181,95,41,68
42003170200,"POLYGON ((-79.996738 40.432801, -79.993415 40.432558, -79.989141 40.432598, -79.98811 40.432601, -79.97915 40.433811, -79.975827 40.434315, -79.973502 40.433877, -79.973779 40.431175, -79.975817 40.431756, -79.976265 40.428506, -79.976607 40.425126, -79.982379 40.425463, -79.985846 40.42571, -79.987497 40.426007, -79.98861 40.426359, -79.998803 40.429749, -79.996738 40.432801))",3732,42,003,170200,"Allegheny County, Pennsylvania",2866,708,74,9,67348,283300,2505,2138,367,2138,974,1164,2594,82,0,0,0,0,0,0,0,0,0,64,0,0,0,30,430,0,68,317,102,756,382,215,148
42003170600,"POLYGON ((-79.998803 40.429749, -79.98861 40.426359, -79.987497 40.426007, -79.985846 40.42571, -79.982379 40.425463, -79.976607 40.425126, -79.97664 40.423537, -79.977693 40.423827, -79.97987 40.421365, -79.979172 40.421132, -79.978869 40.417957, -79.980602 40.41772, -79.982259 40.417667, -79.986362 40.417556, -79.988183 40.41851, -79.988159 40.420084, -79.988247 40.421889, -79.988691 40.422843, -79.987728 40.424866, -79.990353 40.425053, -79.996786 40.428194, -79.99806 40.428916, -79.999268 40.429147, -79.998803 40.429749))",1701,42,003,170600,"Allegheny County, Pennsylvania",1365,191,29,95,59301,184700,1146,897,249,897,411,486,1383,14,10,0,0,0,0,0,0,0,0,0,20,9,18,6,289,73,45,155,125,405,171,26,17
42003180300,"POLYGON ((-80.002214 40.428554, -80.001629 40.428863, -79.99956 40.428114, -79.996786 40.428194, -79.990353 40.425053, -79.987728 40.424866, -79.988691 40.422843, -79.988247 40.421889, -79.988159 40.420084, -79.988183 40.41851, -79.997281 40.418261, -79.997342 40.41992, -79.997401 40.421648, -79.997482 40.423719, -79.997527 40.425723, -79.997574 40.426714, -80.003838 40.42783, -80.002214 40.428554))",1837,42,003,180300,"Allegheny County, Pennsylvania",987,718,0,107,43125,89700,1246,984,262,984,476,508,1497,0,0,0,0,0,0,0,0,0,0,27,9,10,42,35,393,120,186,187,113,203,111,0,61
42003180700,"POLYGON ((-80.005611 40.42701, -80.003838 40.42783, -79.997574 40.426714, -79.997527 40.425723, -79.997482 40.423719, -79.997401 40.421648, -79.998253 40.421441, -80.002467 40.421774, -80.002745 40.422266, -80.004945 40.422199, -80.004955 40.422441, -80.005021 40.423845, -80.005096 40.425498, -80.005611 40.42701))",2396,42,003,180700,"Allegheny County, Pennsylvania",1666,435,23,178,68889,152100,1152,1092,60,1092,362,730,1770,2,0,0,0,0,0,0,0,0,0,0,0,14,33,5,379,160,25,153,136,465,298,53,47
42003190300,"POLYGON ((-80.020617 40.426182, -80.018695 40.43247, -80.017975 40.434803, -80.019173 40.434982, -80.018729 40.438353, -80.017728 40.439736, -80.016393 40.438128, -80.013822 40.437589, -80.011607 40.435756, -80.00447 40.431251, -80.00271 40.430533, -80.004097 40.430116, -80.004928 40.430507, -80.009903 40.43334, -80.010249 40.432254, -80.010716 40.430895, -80.013613 40.43027, -80.017029 40.427081, -80.019931 40.425819, -80.020617 40.426182))",2030,42,003,190300,"Allegheny County, Pennsylvania",1814,107,0,127,95885,249300,1275,1231,44,1231,753,478,1678,10,11,0,0,0,0,0,0,0,0,21,0,0,0,10,175,72,96,209,108,609,146,115,96
42003191100,"POLYGON ((-80.032845 40.439201, -80.0285 40.443943, -80.028394 40.443892, -80.017728 40.439736, -80.018729 40.438353, -80.019173 40.434982, -80.017975 40.434803, -80.018695 40.43247, -80.020617 40.426182, -80.021122 40.425184, -80.024518 40.426479, -80.028034 40.430076, -80.026688 40.431307, -80.028581 40.433379, -80.032487 40.435638, -80.032845 40.439201))",2346,42,003,191100,"Allegheny County, Pennsylvania",2076,26,137,48,104286,239800,1493,1352,141,1352,922,430,2112,0,0,0,0,0,0,0,0,15,0,0,0,16,0,20,302,62,60,212,103,684,296,189,153
42003191400,"POLYGON ((-80.021122 40.425184, -80.020617 40.426182, -80.019931 40.425819, -80.017029 40.427081, -80.013613 40.43027, -80.010716 40.430895, -80.010249 40.432254, -80.009903 40.43334, -80.004928 40.430507, -80.004097 40.430116, -80.00271 40.430533, -80.0013 40.429896, -79.999268 40.429147, -79.99806 40.428916, -79.996786 40.428194, -79.99956 40.428114, -80.001629 40.428863, -80.002214 40.428554, -80.003838 40.42783, -80.005611 40.42701, -80.007807 40.426201, -80.009118 40.42426, -80.010018 40.4245, -80.010268 40.42457, -80.011679 40.423053, -80.012341 40.422445, -80.016307 40.421965, -80.019594 40.423984, -80.021033 40.423429, -80.021122 40.425184))",2486,42,003,191400,"Allegheny County, Pennsylvania",2127,77,55,59,66250,221300,1850,1548,302,1548,396,1152,1935,15,0,0,0,0,0,0,0,0,0,0,10,14,16,0,187,27,50,159,192,843,239,141,42
42003191500,"POLYGON ((-80.019594 40.423984, -80.016307 40.421965, -80.012341 40.422445, -80.011679 40.423053, -80.010268 40.42457, -80.010018 40.4245, -80.009118 40.42426, -80.007807 40.426201, -80.005611 40.42701, -80.005096 40.425498, -80.005021 40.423845, -80.004955 40.422441, -80.004945 40.422199, -80.002745 40.422266, -80.002467 40.421774, -80.002368 40.421097, -80.004903 40.420781, -80.007677 40.420088, -80.008632 40.419517, -80.0106 40.417898, -80.011361 40.415068, -80.009563 40.414023, -80.00997 40.413079, -80.014764 40.414925, -80.015679 40.416963, -80.016142 40.418053, -80.016182 40.420318, -80.016397 40.42085, -80.017414 40.421966, -80.019594 40.423984))",1799,42,003,191500,"Allegheny County, Pennsylvania",1687,94,0,88,75463,158800,1096,908,188,908,447,461,1433,30,0,0,0,0,0,0,0,0,0,0,0,0,0,17,218,125,111,168,167,421,125,33,18
42003191600,"POLYGON ((-80.031654 40.409884, -80.030526 40.413088, -80.030107 40.414286, -80.029883 40.415917, -80.029588 40.42243, -80.029945 40.423933, -80.030916 40.424915, -80.030484 40.427897, -80.028034 40.430076, -80.024518 40.426479, -80.021122 40.425184, -80.021033 40.423429, -80.019594 40.423984, -80.017414 40.421966, -80.016397 40.42085, -80.016182 40.420318, -80.016142 40.418053, -80.015679 40.416963, -80.014764 40.414925, -80.00997 40.413079, -80.011489 40.41168, -80.015537 40.41043, -80.01778 40.408449, -80.019733 40.409205, -80.021757 40.410568, -80.02284 40.410633, -80.024673 40.410568, -80.02477 40.408702, -80.026979 40.407116, -80.027338 40.408575, -80.029804 40.409008, -80.03097 40.409388, -80.03195 40.409356, -80.031654 40.409884))",3600,42,003,191600,"Allegheny County, Pennsylvania",2681,498,26,279,70436,148300,1970,1779,191,1779,1130,649,2804,102,0,0,0,0,0,0,2,0,0,21,14,24,0,71,911,29,97,212,578,432,192,82,37
42003191700,"POLYGON ((-80.022092 40.401787, -80.020648 40.40295, -80.019178 40.404308, -80.018484 40.406419, -80.018046 40.407993, -80.01778 40.408449, -80.015537 40.41043, -80.011489 40.41168, -80.00997 40.413079, -80.008954 40.412498, -80.00823 40.411637, -80.005655 40.408718, -80.005572 40.406496, -80.002656 40.404134, -80.001674 40.401902, -80.008783 40.399525, -80.013389 40.396684, -80.013978 40.396069, -80.01502 40.392952, -80.016385 40.392661, -80.015666 40.396517, -80.016062 40.396623, -80.017966 40.398, -80.0187 40.397411, -80.021173 40.399211, -80.020354 40.400017, -80.023814 40.400124, -80.022092 40.401787))",3193,42,003,191700,"Allegheny County, Pennsylvania",2677,76,248,159,61625,175300,1664,1475,189,1475,997,478,2402,32,0,0,0,0,0,0,0,0,0,18,0,0,33,32,720,84,55,354,115,461,349,14,135
42003191800,"POLYGON ((-80.030698 40.395351, -80.027524 40.394225, -80.026355 40.394269, -80.02431 40.395315, -80.023662 40.39623, -80.021546 40.394849, -80.017738 40.392116, -80.01671 40.391809, -80.015267 40.391899, -80.013137 40.392156, -80.009358 40.392361, -80.008721 40.392161, -80.00847 40.390104, -80.007424 40.388836, -80.007685 40.387224, -80.005966 40.383612, -80.006326 40.383472, -80.007356 40.380898, -80.007632 40.381122, -80.012579 40.380889, -80.013819 40.386562, -80.016418 40.385129, -80.017108 40.386314, -80.018159 40.38645, -80.021313 40.388118, -80.026478 40.39085, -80.027778 40.39155, -80.028696 40.391296, -80.030767 40.395007, -80.030698 40.395351))",5737,42,003,191800,"Allegheny County, Pennsylvania",5089,284,138,122,77689,176200,2704,2634,70,2634,1692,942,4537,1,0,0,17,0,0,0,0,0,0,0,112,121,147,75,1253,106,243,507,450,1092,316,59,38
42003191900,"POLYGON ((-80.031144 40.396613, -80.02939 40.397205, -80.026234 40.39831, -80.025044 40.399175, -80.023814 40.400124, -80.020354 40.400017, -80.021173 40.399211, -80.0187 40.397411, -80.017966 40.398, -80.016062 40.396623, -80.015666 40.396517, -80.016385 40.392661, -80.01502 40.392952, -80.015267 40.391899, -80.01671 40.391809, -80.017738 40.392116, -80.021546 40.394849, -80.023662 40.39623, -80.02431 40.395315, -80.026355 40.394269, -80.027524 40.394225, -80.030698 40.395351, -80.031144 40.396613))",2320,42,003,191900,"Allegheny County, Pennsylvania",2124,55,16,88,72466,189900,1119,1085,34,1085,704,381,1793,33,0,0,0,0,0,0,2,0,0,29,0,0,0,22,319,26,71,192,230,504,326,39,0
42003192000,"POLYGON ((-80.035622 40.401698, -80.035583 40.40429, -80.036343 40.404261, -80.036293 40.405286, -80.033775 40.406172, -80.033289 40.407503, -80.032603 40.4082, -80.03195 40.409356, -80.03097 40.409388, -80.029804 40.409008, -80.027338 40.408575, -80.026979 40.407116, -80.02477 40.408702, -80.024673 40.410568, -80.02284 40.410633, -80.021757 40.410568, -80.019733 40.409205, -80.01778 40.408449, -80.018046 40.407993, -80.018484 40.406419, -80.019178 40.404308, -80.020648 40.40295, -80.022092 40.401787, -80.023814 40.400124, -80.025044 40.399175, -80.026234 40.39831, -80.02939 40.397205, -80.031757 40.400089, -80.031976 40.401043, -80.032482 40.401729, -80.036579 40.400809, -80.035622 40.401698))",3212,42,003,192000,"Allegheny County, Pennsylvania",2277,431,135,79,70000,147300,1739,1456,283,1456,898,558,2664,23,0,0,0,0,0,0,0,0,0,0,11,39,10,0,682,119,228,254,318,593,232,144,11
42003202200,"POLYGON ((-80.072157 40.453276, -80.066913 40.456323, -80.066901 40.457342, -80.067217 40.457757, -80.066966 40.459779, -80.062821 40.461189, -80.061892 40.457943, -80.062073 40.456351, -80.05838 40.454294, -80.056308 40.45395, -80.054579 40.453285, -80.054523 40.452605, -80.059958 40.450677, -80.06284 40.448545, -80.065401 40.450256, -80.069439 40.451569, -80.072157 40.453276))",2527,42,003,202200,"Allegheny County, Pennsylvania",1568,515,81,174,56551,115700,1360,1195,165,1195,789,406,2026,0,0,0,0,0,0,0,0,0,0,0,0,48,75,36,566,221,179,164,143,348,246,0,0
42003202300,"POLYGON ((-80.047599 40.40778, -80.043725 40.414052, -80.039617 40.42067, -80.03397 40.42005, -80.031872 40.420788, -80.030761 40.422107, -80.030916 40.424915, -80.029945 40.423933, -80.029588 40.42243, -80.029883 40.415917, -80.030107 40.414286, -80.030526 40.413088, -80.031654 40.409884, -80.03195 40.409356, -80.032603 40.4082, -80.033289 40.407503, -80.033775 40.406172, -80.036293 40.405286, -80.036343 40.404261, -80.039818 40.401279, -80.041853 40.399433, -80.044625 40.399088, -80.044882 40.39906, -80.051202 40.401943, -80.047599 40.40778))",3750,42,003,202300,"Allegheny County, Pennsylvania",2963,570,65,3,75808,218500,2073,1902,171,1902,1061,841,2874,1,0,0,0,0,0,0,0,0,0,3,7,0,36,14,828,21,38,297,249,1050,248,43,39
42003241300,"POLYGON ((-79.993186 40.461223, -79.988339 40.462102, -79.986682 40.466428, -79.987973 40.470023, -79.992274 40.473556, -79.993414 40.476661, -79.995023 40.477361, -79.988092 40.476763, -79.987879 40.476303, -79.987519 40.475543, -79.983868 40.466322, -79.98296 40.467263, -79.981813 40.469343, -79.980313 40.47039, -79.978815 40.471527, -79.977193 40.470848, -79.974678 40.469436, -79.970767 40.470658, -79.97156 40.468988, -79.973908 40.46587, -79.976016 40.463091, -79.979634 40.460081, -79.980621 40.45904, -79.990791 40.451588, -79.993442 40.453819, -79.992281 40.454771, -79.994293 40.454935, -79.994669 40.455404, -79.991304 40.456734, -79.992892 40.457448, -79.995477 40.458101, -79.993186 40.461223))",3766,42,003,241300,"Allegheny County, Pennsylvania",2810,557,86,131,75338,117600,2299,1888,411,1888,822,1066,3071,47,0,0,0,0,0,0,0,0,0,0,62,26,0,2,730,119,227,484,270,569,356,165,14
42003250900,"POLYGON ((-80.010043 40.4651, -80.003842 40.465727, -80.005778 40.467135, -80.002209 40.468444, -80.000295 40.465701, -79.99997 40.46473, -79.999804 40.462632, -79.999766 40.460648, -79.99973 40.459878, -80.000976 40.45942, -80.002238 40.458682, -80.007653 40.458907, -80.008736 40.461217, -80.008835 40.462328, -80.009534 40.463442, -80.010043 40.4651))",1255,42,003,250900,"Allegheny County, Pennsylvania",510,504,116,62,49500,198900,671,608,63,608,261,347,837,0,0,0,0,0,0,0,0,0,0,0,21,7,28,0,305,12,34,106,101,144,53,18,8
42003260200,"POLYGON ((-80.027795 40.496124, -80.025898 40.4968, -80.025426 40.495332, -80.022906 40.495292, -80.021983 40.493839, -80.02014 40.49594, -80.020079 40.497709, -80.01783 40.497353, -80.017593 40.497337, -80.01408 40.496493, -80.012505 40.496706, -80.010698 40.490547, -80.009745 40.486341, -80.010925 40.487597, -80.014749 40.488017, -80.018348 40.489509, -80.016416 40.488018, -80.015269 40.484605, -80.013934 40.4843, -80.017757 40.482337, -80.016444 40.486092, -80.018875 40.486726, -80.020324 40.488292, -80.019214 40.490002, -80.021369 40.490418, -80.02036 40.491238, -80.021554 40.491328, -80.023144 40.487179, -80.02514 40.486855, -80.024785 40.485825, -80.025118 40.485248, -80.025048 40.485739, -80.027784 40.4911, -80.027795 40.496124))",2117,42,003,260200,"Allegheny County, Pennsylvania",1585,328,0,81,82981,179200,1018,905,113,905,589,316,1590,0,0,0,0,0,0,0,0,0,0,0,0,27,12,6,237,93,123,220,180,395,258,26,13
42003260700,"POLYGON ((-80.018348 40.489509, -80.014749 40.488017, -80.010925 40.487597, -80.009745 40.486341, -80.00898 40.483482, -80.007846 40.483127, -80.007554 40.481681, -80.007759 40.476707, -80.010625 40.476346, -80.011696 40.474906, -80.013521 40.474867, -80.01443 40.47477, -80.01587 40.47672, -80.014216 40.477444, -80.012855 40.478148, -80.012793 40.478352, -80.012736 40.478352, -80.012662 40.478733, -80.01196 40.478689, -80.011751 40.479718, -80.013786 40.481963, -80.013647 40.484236, -80.013934 40.4843, -80.015269 40.484605, -80.016416 40.488018, -80.018348 40.489509))",1674,42,003,260700,"Allegheny County, Pennsylvania",966,464,18,41,90149,201900,816,639,177,639,444,195,1242,0,0,0,0,0,0,0,0,0,0,0,0,0,0,12,345,59,38,216,185,203,141,35,8
42003261300,"POLYGON ((-80.01783 40.497353, -80.016984 40.499834, -80.013033 40.498731, -80.012258 40.498879, -80.01102 40.50089, -80.010681 40.499096, -80.003932 40.496285, -80.00322 40.482939, -80.001767 40.482428, -80.001683 40.480082, -79.996517 40.479186, -79.995346 40.477361, -79.995833 40.474536, -79.997611 40.474591, -80.0005 40.474176, -80.004997 40.472209, -80.007463 40.47589, -80.007759 40.476707, -80.007554 40.481681, -80.007846 40.483127, -80.00898 40.483482, -80.009745 40.486341, -80.010698 40.490547, -80.012505 40.496706, -80.01408 40.496493, -80.017593 40.497337, -80.01783 40.497353))",2815,42,003,261300,"Allegheny County, Pennsylvania",918,1761,0,47,58427,175300,1114,991,123,991,470,521,1656,68,0,0,0,0,0,0,0,0,0,61,0,0,2,0,660,20,205,139,72,278,114,10,27
42003261400,"POLYGON ((-80.020615 40.465299, -80.015749 40.467955, -80.014578 40.469197, -80.013965 40.469848, -80.0127 40.470214, -80.008598 40.471006, -80.007261 40.471274, -80.004997 40.472209, -80.002209 40.468444, -80.005778 40.467135, -80.003842 40.465727, -80.010043 40.4651, -80.009534 40.463442, -80.008835 40.462328, -80.008736 40.461217, -80.010324 40.459887, -80.015449 40.459736, -80.01642 40.459273, -80.018297 40.460393, -80.018962 40.461512, -80.020566 40.462972, -80.020615 40.465299))",1870,42,003,261400,"Allegheny County, Pennsylvania",679,1020,49,46,35766,109400,1276,986,290,986,605,381,1453,15,0,0,0,0,0,5,0,0,4,0,0,122,22,49,290,149,167,83,80,281,64,0,122
42003261500,"POLYGON ((-80.025828 40.470612, -80.022622 40.472168, -80.017176 40.472311, -80.017251 40.474133, -80.017371 40.477294, -80.014216 40.477444, -80.01587 40.47672, -80.01443 40.47477, -80.013521 40.474867, -80.011696 40.474906, -80.010625 40.476346, -80.007759 40.476707, -80.007463 40.47589, -80.004997 40.472209, -80.007261 40.471274, -80.008598 40.471006, -80.0127 40.470214, -80.013965 40.469848, -80.014578 40.469197, -80.015749 40.467955, -80.020615 40.465299, -80.020566 40.462972, -80.022035 40.46338, -80.022707 40.463783, -80.024774 40.465586, -80.025147 40.467804, -80.025399 40.469285, -80.025828 40.470612))",1682,42,003,261500,"Allegheny County, Pennsylvania",509,931,28,15,48571,99700,782,674,108,674,299,375,1065,12,0,0,0,0,0,0,0,0,0,24,14,51,5,35,369,45,60,101,36,207,35,12,59
42003262000,"POLYGON ((-80.004997 40.472209, -80.0005 40.474176, -79.997611 40.474591, -79.997545 40.472982, -79.99186 40.473134, -79.992274 40.473556, -79.987973 40.470023, -79.986682 40.466428, -79.988339 40.462102, -79.993186 40.461223, -79.996469 40.459303, -79.998393 40.458797, -79.999002 40.458713, -79.99973 40.459878, -79.999766 40.460648, -79.999804 40.462632, -79.99997 40.46473, -80.000295 40.465701, -80.002209 40.468444, -80.004997 40.472209))",2643,42,003,262000,"Allegheny County, Pennsylvania",1557,768,10,67,38561,153600,1314,1200,114,1200,643,557,1832,0,0,0,0,0,0,9,0,0,24,0,0,91,11,10,639,105,131,99,171,344,197,0,1
42003270100,"POLYGON ((-80.053179 40.48217, -80.0511 40.483782, -80.049903 40.485523, -80.046444 40.487163, -80.045594 40.487804, -80.043251 40.489569, -80.040949 40.487647, -80.036836 40.486647, -80.03582 40.484311, -80.035155 40.482407, -80.033961 40.481707, -80.036016 40.481279, -80.03931 40.48049, -80.041079 40.480067, -80.04282 40.47967, -80.043033 40.47893, -80.043951 40.478524, -80.048394 40.477106, -80.051722 40.481287, -80.053179 40.48217))",2419,42,003,270100,"Allegheny County, Pennsylvania",2000,345,0,20,75990,223100,1281,1181,100,1181,842,339,1984,35,0,0,0,0,0,0,0,0,0,9,6,39,0,23,494,79,92,320,103,498,221,25,40
42003270300,"POLYGON ((-80.04282 40.47967, -80.041079 40.480067, -80.03931 40.48049, -80.036016 40.481279, -80.033961 40.481707, -80.030846 40.479039, -80.031718 40.476489, -80.03288 40.476338, -80.034026 40.475876, -80.035117 40.475091, -80.034854 40.474188, -80.036495 40.47262, -80.036528 40.474903, -80.037863 40.47286, -80.037709 40.47177, -80.038192 40.472698, -80.043033 40.47893, -80.04282 40.47967))",2107,42,003,270300,"Allegheny County, Pennsylvania",866,967,0,10,58315,166800,1026,945,81,945,412,533,1586,55,0,0,0,0,0,0,0,0,0,13,47,39,31,44,320,79,351,164,89,211,130,0,13
42003270800,"POLYGON ((-80.043251 40.489569, -80.040712 40.491455, -80.03749 40.490065, -80.035447 40.490931, -80.027784 40.4911, -80.025048 40.485739, -80.025118 40.485248, -80.025677 40.482748, -80.025632 40.481742, -80.025582 40.480738, -80.02994 40.476994, -80.031718 40.476489, -80.030846 40.479039, -80.033961 40.481707, -80.035155 40.482407, -80.03582 40.484311, -80.036836 40.486647, -80.040949 40.487647, -80.043251 40.489569))",2497,42,003,270800,"Allegheny County, Pennsylvania",1880,458,37,91,96383,202300,1417,1281,136,1281,1140,141,2034,12,0,0,0,0,0,0,0,0,0,0,0,31,10,33,389,106,53,257,310,524,235,74,0
42003271600,"POLYGON ((-80.037863 40.47286, -80.036528 40.474903, -80.036495 40.47262, -80.034854 40.474188, -80.035117 40.475091, -80.034026 40.475876, -80.03288 40.476338, -80.031718 40.476489, -80.02994 40.476994, -80.025582 40.480738, -80.025632 40.481742, -80.025677 40.482748, -80.023509 40.479397, -80.026001 40.479369, -80.027297 40.476728, -80.022932 40.476569, -80.019715 40.476589, -80.017371 40.477294, -80.017251 40.474133, -80.017176 40.472311, -80.022622 40.472168, -80.025828 40.470612, -80.025399 40.469285, -80.025147 40.467804, -80.024774 40.465586, -80.022707 40.463783, -80.029415 40.463079, -80.030776 40.462125, -80.033619 40.465449, -80.035414 40.467504, -80.037709 40.47177, -80.037863 40.47286))",4472,42,003,271600,"Allegheny County, Pennsylvania",1622,2162,0,228,40632,93900,2353,2152,201,2152,1175,977,2923,33,0,0,0,0,0,0,0,160,0,10,23,36,22,50,690,204,243,461,441,479,61,0,10
42003281400,"POLYGON ((-80.06284 40.448545, -80.059958 40.450677, -80.054523 40.452605, -80.052648 40.452134, -80.051274 40.451536, -80.045281 40.450422, -80.044002 40.447758, -80.044106 40.447259, -80.043451 40.445738, -80.041611 40.44497, -80.042782 40.443994, -80.04357 40.444054, -80.045783 40.442333, -80.045306 40.441949, -80.046724 40.441101, -80.054592 40.443711, -80.055371 40.443936, -80.058497 40.444588, -80.060935 40.446707, -80.061901 40.447807, -80.06284 40.448545))",2542,42,003,281400,"Allegheny County, Pennsylvania",1273,1052,0,0,37750,157400,1183,1092,91,1092,693,399,1669,6,0,0,0,0,0,0,0,0,0,0,14,21,43,83,271,211,240,115,265,320,45,27,8
42003281500,"POLYGON ((-80.060664 40.442081, -80.055371 40.443936, -80.054592 40.443711, -80.046724 40.441101, -80.045306 40.441949, -80.04738 40.439581, -80.047295 40.438153, -80.048915 40.438149, -80.050944 40.437504, -80.053215 40.437911, -80.055858 40.437767, -80.057596 40.437534, -80.061216 40.440632, -80.060664 40.442081))",1552,42,003,281500,"Allegheny County, Pennsylvania",867,491,0,15,60476,126100,676,590,86,590,353,237,1025,0,0,0,0,0,0,0,0,4,0,10,0,41,17,0,342,58,62,126,116,187,56,2,4
42003290100,"POLYGON ((-80.000617 40.402077, -79.999526 40.402181, -79.998976 40.401602, -79.996486 40.401705, -79.996749 40.408165, -79.992054 40.407134, -79.991908 40.407172, -79.991942 40.407126, -79.992332 40.406587, -79.990554 40.404809, -79.989245 40.401105, -79.989121 40.400153, -79.988985 40.399178, -79.987666 40.39669, -79.987383 40.396224, -79.986487 40.394622, -79.986505 40.393219, -79.986596 40.392475, -79.986606 40.391331, -79.990031 40.391241, -79.991254 40.393453, -79.993059 40.393206, -79.994381 40.392533, -79.99533 40.393151, -79.995765 40.394514, -79.996966 40.395539, -79.997398 40.395378, -79.998147 40.396279, -79.999848 40.398382, -80.000131 40.399021, -80.000371 40.400825, -80.000617 40.402077))",1764,42,003,290100,"Allegheny County, Pennsylvania",1223,392,4,156,47143,96000,979,770,209,770,444,326,1245,7,0,0,0,0,0,2,0,0,0,45,0,17,14,33,294,151,122,182,123,174,57,6,18
42003290200,"POLYGON ((-79.991942 40.407126, -79.987322 40.406036, -79.985357 40.405995, -79.981452 40.405855, -79.981091 40.40784, -79.975892 40.404375, -79.976555 40.40392, -79.979577 40.401637, -79.979994 40.400695, -79.979739 40.399462, -79.978109 40.39697, -79.978684 40.396966, -79.978648 40.39663, -79.980045 40.393337, -79.983108 40.389469, -79.984572 40.388002, -79.985397 40.38927, -79.985871 40.390162, -79.986606 40.391331, -79.986596 40.392475, -79.986505 40.393219, -79.986487 40.394622, -79.987383 40.396224, -79.987666 40.39669, -79.988985 40.399178, -79.989121 40.400153, -79.989245 40.401105, -79.990554 40.404809, -79.992332 40.406587, -79.991942 40.407126))",3840,42,003,290200,"Allegheny County, Pennsylvania",2411,712,93,298,47904,95700,2170,1865,305,1865,1007,858,2882,34,0,0,0,0,0,0,0,0,0,77,6,33,48,31,1256,151,152,329,186,396,183,0,0
42003290400,"POLYGON ((-79.993059 40.393206, -79.991254 40.393453, -79.990031 40.391241, -79.986606 40.391331, -79.985871 40.390162, -79.985397 40.38927, -79.984572 40.388002, -79.983108 40.389469, -79.980045 40.393337, -79.978648 40.39663, -79.978684 40.396966, -79.978109 40.39697, -79.975788 40.393122, -79.973226 40.392778, -79.973083 40.388717, -79.975756 40.387212, -79.974081 40.384792, -79.976472 40.385386, -79.97765 40.384143, -79.976845 40.382844, -79.976142 40.381301, -79.977645 40.381743, -79.981947 40.380642, -79.983342 40.381516, -79.984828 40.37955, -79.985454 40.3806, -79.984226 40.38157, -79.986084 40.381729, -79.986556 40.38183, -79.98691 40.38373, -79.987205 40.384443, -79.988334 40.384307, -79.992883 40.383789, -79.993549 40.383909, -79.992892 40.384482, -79.990544 40.384982, -79.991835 40.387534, -79.991135 40.387777, -79.99126 40.38835, -79.991144 40.389111, -79.991289 40.389383, -79.99218 40.390347, -79.992289 40.390284, -79.994381 40.392533, -79.993059 40.393206))",3552,42,003,290400,"Allegheny County, Pennsylvania",2550,672,6,209,70478,126600,2254,1841,413,1841,1153,688,2809,0,0,0,0,0,0,0,0,20,0,0,0,0,0,76,699,257,184,322,350,740,117,25,19
42003300100,"POLYGON ((-79.997281 40.418261, -79.988183 40.41851, -79.988107 40.415913, -79.988039 40.414434, -79.98922 40.412691, -79.989608 40.412054, -79.990762 40.409508, -79.991635 40.407611, -79.991908 40.407172, -79.992054 40.407134, -79.996749 40.408165, -79.996829 40.410138, -79.996797 40.411394, -79.996893 40.411945, -79.997058 40.413718, -79.997047 40.413788, -79.997164 40.41558, -79.997188 40.416037, -79.997249 40.41751, -79.997281 40.418261))",3513,42,003,300100,"Allegheny County, Pennsylvania",1012,1391,85,688,52099,73200,1748,1177,571,1177,651,526,2065,180,0,0,0,0,18,0,0,0,0,16,46,9,50,27,690,101,117,216,167,186,149,0,93
42003310200,"POLYGON ((-79.926817 40.376513, -79.925507 40.379607, -79.919951 40.378088, -79.916241 40.380079, -79.915668 40.380277, -79.911689 40.380541, -79.910679 40.378715, -79.908347 40.378153, -79.908844 40.376692, -79.911818 40.372805, -79.908604 40.370523, -79.903438 40.371889, -79.900295 40.365255, -79.90083 40.364996, -79.907181 40.361514, -79.907438 40.362028, -79.908208 40.363572, -79.910821 40.362849, -79.911898 40.365008, -79.91373 40.365514, -79.920665 40.365361, -79.92235 40.369707, -79.924682 40.373062, -79.924982 40.375091, -79.926577 40.374999, -79.926817 40.376513))",3249,42,003,310200,"Allegheny County, Pennsylvania",2896,205,65,27,83500,130400,1584,1402,182,1402,1271,131,2514,2,0,0,0,0,0,0,0,0,0,0,11,30,0,38,709,107,135,549,286,536,104,7,0
42003320400,"POLYGON ((-79.997398 40.395378, -79.996966 40.395539, -79.995765 40.394514, -79.99533 40.393151, -79.994381 40.392533, -79.992289 40.390284, -79.99218 40.390347, -79.991289 40.389383, -79.991144 40.389111, -79.99126 40.38835, -79.991135 40.387777, -79.991835 40.387534, -79.990544 40.384982, -79.992892 40.384482, -79.993549 40.383909, -79.992883 40.383789, -79.988334 40.384307, -79.987205 40.384443, -79.98691 40.38373, -79.986556 40.38183, -79.986084 40.381729, -79.984226 40.38157, -79.985454 40.3806, -79.984828 40.37955, -79.986032 40.377822, -79.991127 40.378924, -79.992796 40.378609, -79.993577 40.379101, -79.995977 40.38242, -79.995784 40.383601, -79.995049 40.384681, -79.994893 40.386119, -79.996415 40.387958, -79.997306 40.392991, -79.99722 40.394784, -79.997398 40.395378))",1843,42,003,320400,"Allegheny County, Pennsylvania",1575,84,98,42,61563,153500,966,895,71,895,773,122,1465,32,0,0,0,0,0,0,0,14,0,0,0,0,13,76,452,54,60,188,158,286,120,12,0
42003320600,"POLYGON ((-80.01502 40.392952, -80.013978 40.396069, -80.013389 40.396684, -80.008783 40.399525, -80.001674 40.401902, -80.000617 40.402077, -80.000371 40.400825, -80.000131 40.399021, -79.999848 40.398382, -79.998147 40.396279, -79.997398 40.395378, -79.99722 40.394784, -79.997306 40.392991, -79.997838 40.389746, -80.002164 40.388193, -80.00588 40.388374, -80.005907 40.388809, -80.007424 40.388836, -80.00847 40.390104, -80.008721 40.392161, -80.009358 40.392361, -80.013137 40.392156, -80.015267 40.391899, -80.01502 40.392952))",2263,42,003,320600,"Allegheny County, Pennsylvania",2018,160,0,42,82537,205800,1091,1019,72,1019,862,157,1649,0,0,0,0,0,0,0,0,0,0,0,0,6,28,3,465,24,75,268,158,454,138,21,9
42003320700,"POLYGON ((-80.007424 40.388836, -80.005907 40.388809, -80.00588 40.388374, -80.002164 40.388193, -79.997838 40.389746, -79.997306 40.392991, -79.996415 40.387958, -79.994893 40.386119, -79.995049 40.384681, -79.995784 40.383601, -79.995977 40.38242, -79.993577 40.379101, -79.992796 40.378609, -79.993508 40.378343, -79.993999 40.375839, -79.998051 40.376472, -79.999123 40.377344, -80.001586 40.374841, -80.00457 40.374218, -80.006708 40.374861, -80.005361 40.377133, -80.001728 40.379699, -80.005121 40.383883, -80.006326 40.383472, -80.005966 40.383612, -80.007685 40.387224, -80.007424 40.388836))",1754,42,003,320700,"Allegheny County, Pennsylvania",1488,31,0,7,77891,153500,824,701,123,701,585,116,1238,22,0,0,0,0,0,0,0,0,0,21,0,0,7,7,388,14,124,125,190,181,135,24,0
42003401100,"POLYGON ((-79.735185 40.634517, -79.732341 40.638856, -79.724698 40.655567, -79.720378 40.663732, -79.719752 40.669594, -79.714599 40.669704, -79.707546 40.669851, -79.698705 40.669726, -79.692878 40.669611, -79.692904 40.66825, -79.695463 40.665765, -79.69582 40.664794, -79.695822 40.661505, -79.694192 40.657506, -79.691082 40.652468, -79.689208 40.647852, -79.688975 40.645435, -79.690278 40.640873, -79.694353 40.635127, -79.703334 40.625695, -79.712073 40.619131, -79.712477 40.620076, -79.715525 40.621952, -79.716437 40.621374, -79.714713 40.623372, -79.715166 40.624249, -79.721358 40.626701, -79.722027 40.627204, -79.722112 40.629457, -79.726627 40.629338, -79.728243 40.629516, -79.730794 40.630901, -79.732025 40.631506, -79.734078 40.632658, -79.735185 40.634517))",4488,42,003,401100,"Allegheny County, Pennsylvania",4181,61,132,77,69436,183900,2295,2157,138,2157,1733,424,3853,38,0,0,0,0,0,0,21,0,0,1,31,10,17,18,1426,95,197,286,478,703,434,44,54
42003401200,"POLYGON ((-79.738711 40.61558, -79.732862 40.617919, -79.732177 40.618303, -79.731144 40.618966, -79.728534 40.621061, -79.723833 40.624276, -79.721358 40.626701, -79.715166 40.624249, -79.714713 40.623372, -79.716437 40.621374, -79.715525 40.621952, -79.712477 40.620076, -79.712073 40.619131, -79.714576 40.61701, -79.717702 40.613295, -79.719992 40.60949, -79.721339 40.608157, -79.723154 40.606989, -79.733169 40.603135, -79.733717 40.604654, -79.734495 40.606354, -79.733566 40.608628, -79.735312 40.608053, -79.735392 40.608283, -79.735625 40.609046, -79.735783 40.611885, -79.736003 40.61301, -79.738711 40.61558))",2573,42,003,401200,"Allegheny County, Pennsylvania",2279,215,41,13,60259,97500,1774,1263,511,1263,827,436,1927,14,0,0,0,0,0,0,0,0,0,21,16,0,11,11,588,176,142,251,263,351,71,12,0
42003401300,"POLYGON ((-79.75657 40.611835, -79.742398 40.626813, -79.735185 40.634517, -79.734078 40.632658, -79.732025 40.631506, -79.730794 40.630901, -79.728243 40.629516, -79.726627 40.629338, -79.722112 40.629457, -79.722027 40.627204, -79.721358 40.626701, -79.723833 40.624276, -79.728534 40.621061, -79.731144 40.618966, -79.732177 40.618303, -79.732862 40.617919, -79.738711 40.61558, -79.743432 40.613567, -79.743542 40.613439, -79.74715 40.611041, -79.747987 40.611534, -79.749592 40.611304, -79.749217 40.609941, -79.751053 40.608855, -79.754163 40.609877, -79.755857 40.60903, -79.75699 40.611024, -79.75657 40.611835))",2888,42,003,401300,"Allegheny County, Pennsylvania",2742,50,24,2,67895,161100,1247,1174,73,1174,1006,168,2149,9,0,0,0,0,0,0,0,0,0,0,2,0,13,0,625,215,134,312,285,458,58,28,10
42003402000,"POLYGON ((-79.749217 40.609941, -79.749592 40.611304, -79.747987 40.611534, -79.74715 40.611041, -79.743542 40.613439, -79.743432 40.613567, -79.738711 40.61558, -79.736003 40.61301, -79.735783 40.611885, -79.735625 40.609046, -79.735392 40.608283, -79.735312 40.608053, -79.733566 40.608628, -79.734495 40.606354, -79.733717 40.604654, -79.733169 40.603135, -79.736087 40.602043, -79.741275 40.600758, -79.746161 40.604925, -79.749202 40.607371, -79.751053 40.608855, -79.749217 40.609941))",3167,42,003,402000,"Allegheny County, Pennsylvania",2777,287,0,73,50197,94800,1701,1533,168,1533,1026,507,2362,25,0,0,0,0,0,0,0,0,0,0,0,29,38,57,1025,71,48,305,420,244,89,0,11
42003403500,"POLYGON ((-79.770852 40.606185, -79.770949 40.609185, -79.766747 40.609262, -79.766883 40.614217, -79.764177 40.614241, -79.765914 40.616491, -79.76262 40.616077, -79.760791 40.615303, -79.761375 40.614643, -79.759222 40.614326, -79.75657 40.611835, -79.75699 40.611024, -79.755857 40.60903, -79.754163 40.609877, -79.751053 40.608855, -79.749202 40.607371, -79.746161 40.604925, -79.741275 40.600758, -79.749192 40.598919, -79.749437 40.598867, -79.757578 40.596254, -79.761999 40.594336, -79.764043 40.59287, -79.765534 40.596701, -79.767543 40.598518, -79.769876 40.599709, -79.77992 40.60607, -79.770852 40.606185))",4249,42,003,403500,"Allegheny County, Pennsylvania",3713,351,9,83,45167,84300,2261,2020,241,2020,1452,568,3167,29,0,0,0,0,0,0,0,0,0,0,22,0,0,15,1293,191,189,304,277,643,100,0,104
42003404000,"POLYGON ((-79.796437 40.590122, -79.788472 40.59014, -79.789116 40.605965, -79.77992 40.60607, -79.769876 40.599709, -79.767543 40.598518, -79.765534 40.596701, -79.764043 40.59287, -79.76807 40.589544, -79.77079 40.586698, -79.771623 40.585629, -79.773361 40.582087, -79.774493 40.576738, -79.774802 40.572804, -79.774455 40.569742, -79.774131 40.568376, -79.772052 40.562955, -79.775699 40.562828, -79.78018 40.571933, -79.787611 40.571831, -79.787915 40.575139, -79.788122 40.583363, -79.793205 40.582866, -79.796102 40.583532, -79.796437 40.590122))",1389,42,003,404000,"Allegheny County, Pennsylvania",1282,37,11,23,65625,106900,776,639,137,639,459,180,1023,7,0,0,0,0,0,0,0,0,0,0,0,11,27,6,295,85,60,142,113,222,38,0,17
42003405000,"POLYGON ((-79.816444 40.644096, -79.785724 40.643829, -79.772334 40.618761, -79.77097 40.61836, -79.766657 40.618643, -79.765914 40.616491, -79.764177 40.614241, -79.766883 40.614217, -79.766747 40.609262, -79.770949 40.609185, -79.770852 40.606185, -79.77992 40.60607, -79.789116 40.605965, -79.788472 40.59014, -79.796437 40.590122, -79.796102 40.583532, -79.793205 40.582866, -79.788122 40.583363, -79.787915 40.575139, -79.787611 40.571831, -79.78018 40.571933, -79.775699 40.562828, -79.798196 40.56229, -79.806299 40.562061, -79.811297 40.561932, -79.811443 40.566534, -79.81214 40.584516, -79.812067 40.58728, -79.812579 40.599113, -79.813013 40.604984, -79.813023 40.612103, -79.813127 40.613593, -79.81612 40.635135, -79.816444 40.644096))",1040,42,003,405000,"Allegheny County, Pennsylvania",1010,0,9,7,77625,186300,523,475,48,475,409,66,817,10,0,0,0,0,0,0,0,0,0,0,0,4,6,0,392,13,12,83,106,132,37,15,7
42003406000,"POLYGON ((-79.816996 40.671699, -79.786363 40.671302, -79.780651 40.671228, -79.764107 40.670427, -79.745536 40.669738, -79.729102 40.669255, -79.719752 40.669594, -79.720378 40.663732, -79.724698 40.655567, -79.732341 40.638856, -79.735185 40.634517, -79.742398 40.626813, -79.75657 40.611835, -79.759222 40.614326, -79.761375 40.614643, -79.760791 40.615303, -79.76262 40.616077, -79.765914 40.616491, -79.766657 40.618643, -79.77097 40.61836, -79.772334 40.618761, -79.785724 40.643829, -79.816444 40.644096, -79.816996 40.671699))",2197,42,003,406000,"Allegheny County, Pennsylvania",2066,0,37,0,87674,221200,1017,928,89,928,837,91,1669,2,0,0,0,0,0,0,0,0,0,0,0,32,45,14,535,35,93,88,270,287,213,31,24
42003407001,"POLYGON ((-79.924182 40.673021, -79.914626 40.673286, -79.888727 40.672773, -79.877128 40.672435, -79.866032 40.672383, -79.842248 40.67199, -79.829433 40.671142, -79.825372 40.67129, -79.818729 40.671708, -79.816996 40.671699, -79.816444 40.644096, -79.81612 40.635135, -79.813127 40.613593, -79.813023 40.612103, -79.814632 40.612, -79.820969 40.609284, -79.821979 40.611215, -79.826181 40.613003, -79.827765 40.615714, -79.831354 40.617321, -79.833749 40.617333, -79.833733 40.617158, -79.836643 40.619526, -79.838774 40.62242, -79.838266 40.622847, -79.841332 40.624849, -79.844656 40.625869, -79.853532 40.631057, -79.854127 40.632497, -79.855958 40.629944, -79.85592 40.628533, -79.857241 40.626415, -79.860602 40.625469, -79.86082 40.626117, -79.866482 40.631408, -79.866689 40.631657, -79.867348 40.632366, -79.870774 40.633737, -79.875479 40.633713, -79.881076 40.631155, -79.884838 40.631067, -79.890422 40.628924, -79.892125 40.627674, -79.895012 40.627136, -79.897169 40.62617, -79.89811 40.625, -79.899776 40.623978, -79.903612 40.618068, -79.911635 40.619447, -79.918551 40.621078, -79.917569 40.620016, -79.919179 40.619718, -79.9209 40.618198, -79.921346 40.622365, -79.922618 40.63948, -79.922931 40.64331, -79.923997 40.667957, -79.924182 40.673021))",5647,42,003,407001,"Allegheny County, Pennsylvania",5400,4,4,21,96853,242500,2671,2487,184,2487,2251,236,4590,61,0,0,0,0,0,0,0,0,0,0,0,35,0,21,1580,163,179,531,675,855,204,206,80
42003407002,"POLYGON ((-79.9209 40.618198, -79.919179 40.619718, -79.917569 40.620016, -79.918551 40.621078, -79.911635 40.619447, -79.903612 40.618068, -79.899776 40.623978, -79.89811 40.625, -79.897169 40.62617, -79.895012 40.627136, -79.892125 40.627674, -79.890422 40.628924, -79.884838 40.631067, -79.881076 40.631155, -79.875479 40.633713, -79.870774 40.633737, -79.867348 40.632366, -79.866689 40.631657, -79.866482 40.631408, -79.86082 40.626117, -79.860602 40.625469, -79.857241 40.626415, -79.85592 40.628533, -79.855958 40.629944, -79.854127 40.632497, -79.853532 40.631057, -79.844656 40.625869, -79.841332 40.624849, -79.838266 40.622847, -79.838774 40.62242, -79.836643 40.619526, -79.833733 40.617158, -79.833749 40.617333, -79.831354 40.617321, -79.827765 40.615714, -79.826181 40.613003, -79.821979 40.611215, -79.820969 40.609284, -79.814632 40.612, -79.813023 40.612103, -79.813013 40.604984, -79.812579 40.599113, -79.826493 40.598898, -79.848141 40.598253, -79.869275 40.597759, -79.871628 40.597687, -79.889089 40.597133, -79.915946 40.596367, -79.916524 40.596356, -79.919748 40.596318, -79.919788 40.597933, -79.92061 40.61607, -79.9209 40.618198))",6581,42,003,407002,"Allegheny County, Pennsylvania",6297,7,6,14,89667,244800,2869,2844,25,2844,2393,451,5228,28,0,0,0,0,0,0,0,0,0,0,0,8,0,20,1048,135,401,698,626,1207,911,127,19
42003408001,"POLYGON ((-79.994174 40.673571, -79.987842 40.673587, -79.977251 40.673116, -79.964595 40.672514, -79.959939 40.67228, -79.924182 40.673021, -79.923997 40.667957, -79.922931 40.64331, -79.922618 40.63948, -79.928034 40.63601, -79.931125 40.63478, -79.932588 40.632371, -79.935388 40.633157, -79.937276 40.632599, -79.937771 40.63288, -79.939786 40.63477, -79.941296 40.63531, -79.94894 40.634878, -79.95041 40.634331, -79.952298 40.63323, -79.953454 40.633169, -79.956426 40.633509, -79.961685 40.631068, -79.966279 40.631131, -79.968658 40.629939, -79.971505 40.630203, -79.975226 40.631381, -79.97781 40.630694, -79.980472 40.630987, -79.983689 40.629851, -79.985308 40.630113, -79.988404 40.631488, -79.991969 40.631494, -79.99225 40.637064, -79.994174 40.673571))",5564,42,003,408001,"Allegheny County, Pennsylvania",5050,50,170,40,136053,413100,2400,2117,283,2117,1699,418,3981,0,0,0,0,0,0,0,10,0,1,0,0,0,16,0,738,34,213,146,359,1209,993,147,115
42003408002,"POLYGON ((-79.991969 40.631494, -79.988404 40.631488, -79.985308 40.630113, -79.983689 40.629851, -79.980472 40.630987, -79.97781 40.630694, -79.975226 40.631381, -79.971505 40.630203, -79.968658 40.629939, -79.966279 40.631131, -79.961685 40.631068, -79.956426 40.633509, -79.953454 40.633169, -79.952298 40.63323, -79.95041 40.634331, -79.94894 40.634878, -79.941296 40.63531, -79.939786 40.63477, -79.937771 40.63288, -79.937276 40.632599, -79.935388 40.633157, -79.932588 40.632371, -79.931125 40.63478, -79.928034 40.63601, -79.922618 40.63948, -79.921346 40.622365, -79.9209 40.618198, -79.92061 40.61607, -79.936499 40.615738, -79.946785 40.615455, -79.950741 40.61534, -79.968222 40.614786, -79.974352 40.614549, -79.99114 40.614313, -79.991969 40.631494))",6280,42,003,408002,"Allegheny County, Pennsylvania",5865,0,149,97,109875,348700,2711,2621,90,2621,2517,104,4643,0,0,0,0,0,0,0,0,0,0,0,0,0,0,0,878,45,256,792,446,1417,637,114,58
42003409001,"POLYGON ((-80.070397 40.655154, -80.060992 40.652698, -80.054412 40.652469, -80.045437 40.652377, -80.04301 40.652002, -80.040708 40.651235, -80.039001 40.650319, -80.030913 40.643883, -80.028434 40.643091, -80.02607 40.643153, -80.020991 40.64418, -80.017555 40.644227, -80.015322 40.643475, -80.010857 40.641088, -80.007917 40.640036, -80.005661 40.639951, -79.999338 40.640476, -79.996861 40.640222, -79.994364 40.638867, -79.99225 40.637064, -79.991969 40.631494, -79.99114 40.614313, -80.01978 40.613611, -80.036309 40.613215, -80.040808 40.613118, -80.042287 40.61308, -80.048774 40.612949, -80.054521 40.612826, -80.068057 40.612536, -80.068301 40.616286, -80.069356 40.632872, -80.069778 40.642567, -80.069839 40.644724, -80.070397 40.655154))",9530,42,003,409001,"Allegheny County, Pennsylvania",7630,543,833,164,182551,491700,3516,3317,199,3317,2686,631,6623,22,0,0,0,0,0,6,0,0,0,0,0,0,0,10,448,21,272,597,178,2940,1481,431,217
42003409002,"POLYGON ((-80.071393 40.674174, -80.068355 40.674167, -80.067531 40.674165, -80.060124 40.674143, -80.03623 40.67409, -79.996979 40.673624, -79.995523 40.673597, -79.994174 40.673571, -79.99225 40.637064, -79.994364 40.638867, -79.996861 40.640222, -79.999338 40.640476, -80.005661 40.639951, -80.007917 40.640036, -80.010857 40.641088, -80.015322 40.643475, -80.017555 40.644227, -80.020991 40.64418, -80.02607 40.643153, -80.028434 40.643091, -80.030913 40.643883, -80.039001 40.650319, -80.040708 40.651235, -80.04301 40.652002, -80.045437 40.652377, -80.054412 40.652469, -80.060992 40.652698, -80.070397 40.655154, -80.071393 40.674174))",5694,42,003,409002,"Allegheny County, Pennsylvania",5095,14,318,47,200625,694200,1787,1787,0,1787,1759,28,3496,0,0,0,0,0,0,0,0,0,0,9,0,0,0,5,408,39,91,188,93,1445,584,255,379
42003410000,"POLYGON ((-80.096522 40.638332, -80.08885 40.638616, -80.088889 40.639973, -80.08757 40.642009, -80.082349 40.642157, -80.083166 40.646011, -80.079649 40.645061, -80.079582 40.642329, -80.069778 40.642567, -80.069356 40.632872, -80.07893 40.632606, -80.078735 40.629645, -80.088412 40.629308, -80.088739 40.635803, -80.096047 40.635506, -80.096522 40.638332))",1194,42,003,410000,"Allegheny County, Pennsylvania",1080,11,2,32,153125,508300,498,483,15,483,462,21,850,0,0,0,0,0,0,0,0,0,0,10,11,0,3,0,68,5,13,45,76,309,210,68,32
42003411001,"POLYGON ((-80.148497 40.673769, -80.127791 40.673604, -80.126111 40.673645, -80.095724 40.674179, -80.094427 40.670992, -80.092521 40.663588, -80.092107 40.659598, -80.092676 40.656257, -80.097228 40.643083, -80.097554 40.64173, -80.098093 40.638077, -80.098122 40.635427, -80.095701 40.615772, -80.145188 40.614749, -80.146708 40.642093, -80.147786 40.661158, -80.148379 40.670284, -80.148497 40.673769))",4133,42,003,411001,"Allegheny County, Pennsylvania",3532,0,428,138,242188,660900,1429,1429,0,1429,1367,62,2717,0,0,0,0,0,0,0,0,0,0,0,0,0,0,20,183,0,52,100,34,1208,636,385,99
42003411002,"POLYGON ((-80.098093 40.638077, -80.097554 40.64173, -80.097228 40.643083, -80.092676 40.656257, -80.092107 40.659598, -80.092521 40.663588, -80.094427 40.670992, -80.095724 40.674179, -80.071434 40.674935, -80.071393 40.674174, -80.070397 40.655154, -80.069839 40.644724, -80.069778 40.642567, -80.079582 40.642329, -80.079649 40.645061, -80.083166 40.646011, -80.082349 40.642157, -80.08757 40.642009, -80.088889 40.639973, -80.08885 40.638616, -80.096522 40.638332, -80.096047 40.635506, -80.088739 40.635803, -80.088412 40.629308, -80.078735 40.629645, -80.07893 40.632606, -80.069356 40.632872, -80.068301 40.616286, -80.093162 40.615822, -80.095701 40.615772, -80.098122 40.635427, -80.098093 40.638077))",6093,42,003,411002,"Allegheny County, Pennsylvania",4158,10,1654,118,132313,463700,2557,2388,169,2388,1918,470,4382,19,0,0,0,0,0,0,0,0,0,0,0,0,0,64,478,30,88,147,254,1441,1181,394,286
42003412002,"POLYGON ((-80.1 40.585859, -80.098839 40.589189, -80.094794 40.586462, -80.090634 40.586087, -80.086533 40.582134, -80.085131 40.581395, -80.08193 40.581536, -80.07937 40.580311, -80.079428 40.584041, -80.078559 40.584847, -80.069208 40.585588, -80.066701 40.584012, -80.06655 40.581427, -80.065605 40.566567, -80.064723 40.552712, -80.064048 40.542246, -80.081221 40.553516, -80.084993 40.556124, -80.084671 40.558052, -80.086137 40.561397, -80.089133 40.564347, -80.089849 40.565487, -80.090569 40.570736, -80.091302 40.57217, -80.098902 40.583114, -80.1 40.585859))",4959,42,003,412002,"Allegheny County, Pennsylvania",3852,11,690,212,186429,499500,1813,1782,31,1782,1719,63,3521,11,0,0,0,0,0,0,0,0,0,11,0,0,0,35,266,20,83,157,120,1483,755,426,154
42003412003,"POLYGON ((-80.098839 40.589189, -80.094539 40.59555, -80.093692 40.598314, -80.0937 40.600293, -80.095701 40.615772, -80.093162 40.615822, -80.068301 40.616286, -80.068057 40.612536, -80.067424 40.59585, -80.067395 40.595126, -80.066701 40.584012, -80.069208 40.585588, -80.078559 40.584847, -80.079428 40.584041, -80.07937 40.580311, -80.08193 40.581536, -80.085131 40.581395, -80.086533 40.582134, -80.090634 40.586087, -80.094794 40.586462, -80.098839 40.589189))",6251,42,003,412003,"Allegheny County, Pennsylvania",5242,215,496,192,180583,482400,2221,2132,89,2132,1943,189,4140,30,0,0,0,0,0,0,0,0,0,0,0,0,0,0,162,0,44,160,462,1753,1065,286,178
42003412004,"POLYGON ((-80.158691 40.609232, -80.155013 40.608013, -80.152062 40.609399, -80.150872 40.611615, -80.14511 40.613447, -80.145144 40.614028, -80.145188 40.614749, -80.095701 40.615772, -80.0937 40.600293, -80.093692 40.598314, -80.094539 40.59555, -80.098839 40.589189, -80.1 40.585859, -80.098902 40.583114, -80.091302 40.57217, -80.090569 40.570736, -80.089849 40.565487, -80.089133 40.564347, -80.086137 40.561397, -80.084671 40.558052, -80.084993 40.556124, -80.086184 40.556911, -80.113907 40.57546, -80.124085 40.582201, -80.129174 40.585352, -80.134502 40.588227, -80.133763 40.588242, -80.158645 40.605241, -80.158691 40.609232))",4025,42,003,412004,"Allegheny County, Pennsylvania",2961,25,920,11,159950,463800,1627,1485,142,1485,1277,208,2896,22,0,0,0,0,0,0,0,0,0,0,0,17,0,7,229,13,87,173,305,1132,547,123,241
42003413100,"POLYGON ((-80.068057 40.612536, -80.054521 40.612826, -80.048774 40.612949, -80.042287 40.61308, -80.040808 40.613118, -80.036309 40.613215, -80.01978 40.613611, -79.99114 40.614313, -79.990579 40.594705, -79.993266 40.596952, -79.994879 40.596155, -79.997871 40.597515, -79.998466 40.594959, -80.003197 40.592957, -80.005705 40.594117, -80.005912 40.595874, -80.010343 40.595349, -80.012073 40.594372, -80.01327 40.592775, -80.014556 40.592426, -80.017391 40.592002, -80.017845 40.591578, -80.017953 40.591096, -80.021426 40.589478, -80.022487 40.587161, -80.025499 40.58513, -80.027638 40.584895, -80.030872 40.585, -80.037261 40.586199, -80.037479 40.585838, -80.041093 40.586381, -80.04448 40.585878, -80.048713 40.588732, -80.051248 40.590726, -80.055094 40.593587, -80.058033 40.593379, -80.066599 40.595263, -80.067424 40.59585, -80.068057 40.612536))",6862,42,003,413100,"Allegheny County, Pennsylvania",5513,145,387,622,125524,453100,2823,2671,152,2671,1786,885,4906,96,0,1,0,0,0,0,0,0,88,41,98,0,0,15,725,12,83,308,359,1644,820,362,254
42003413201,"POLYGON ((-80.056551 40.581506, -80.05511 40.581503, -80.043634 40.583196, -80.041707 40.582488, -80.038136 40.582053, -80.039416 40.583382, -80.04448 40.585878, -80.041093 40.586381, -80.037479 40.585838, -80.033352 40.584907, -80.031742 40.58418, -80.030169 40.582809, -80.024179 40.573955, -80.023515 40.572129, -80.036953 40.571939, -80.039408 40.561063, -80.04364 40.566496, -80.044356 40.566765, -80.048572 40.567227, -80.049522 40.567971, -80.049577 40.571121, -80.054484 40.57655, -80.055889 40.57686, -80.056551 40.581506))",3858,42,003,413201,"Allegheny County, Pennsylvania",3383,23,303,132,112857,327800,1623,1550,73,1550,1245,305,2753,16,6,0,11,0,0,8,0,0,0,0,2,17,132,0,456,24,147,178,172,937,577,39,31
42003413202,"POLYGON ((-80.067424 40.59585, -80.066599 40.595263, -80.058033 40.593379, -80.055094 40.593587, -80.051248 40.590726, -80.048713 40.588732, -80.04448 40.585878, -80.039416 40.583382, -80.038136 40.582053, -80.041707 40.582488, -80.043634 40.583196, -80.05511 40.581503, -80.056551 40.581506, -80.055889 40.57686, -80.054484 40.57655, -80.049577 40.571121, -80.049522 40.567971, -80.052609 40.565857, -80.054406 40.566157, -80.056998 40.568667, -80.05989 40.567459, -80.059566 40.564132, -80.06054 40.56307, -80.061249 40.564738, -80.065605 40.566567, -80.06655 40.581427, -80.066701 40.584012, -80.067395 40.595126, -80.067424 40.59585))",2686,42,003,413202,"Allegheny County, Pennsylvania",2399,34,31,96,98942,351700,1311,1240,71,1240,1068,172,2071,0,0,0,0,0,0,0,0,0,0,0,0,0,0,5,263,103,108,118,128,821,372,114,39
42003413300,"POLYGON ((-80.065605 40.566567, -80.061249 40.564738, -80.06054 40.56307, -80.059566 40.564132, -80.05989 40.567459, -80.056998 40.568667, -80.054406 40.566157, -80.052609 40.565857, -80.049522 40.567971, -80.048572 40.567227, -80.044356 40.566765, -80.04364 40.566496, -80.039408 40.561063, -80.036953 40.571939, -80.023515 40.572129, -80.023383 40.570362, -80.024473 40.566171, -80.025168 40.563605, -80.025189 40.562101, -80.024818 40.560839, -80.020866 40.553871, -80.034923 40.55362, -80.038216 40.553495, -80.057187 40.552922, -80.064723 40.552712, -80.065605 40.566567))",4491,42,003,413300,"Allegheny County, Pennsylvania",4155,32,100,152,116813,316400,1902,1826,76,1826,1624,202,3503,9,0,0,0,0,0,0,0,0,0,0,0,9,0,14,743,59,147,249,390,1166,531,72,114
42003413400,"POLYGON ((-80.025168 40.563605, -80.024473 40.566171, -80.023256 40.56618, -80.019151 40.56414, -80.016488 40.567167, -80.006942 40.567384, -80.000291 40.565775, -79.999474 40.565877, -79.998118 40.566949, -79.995083 40.571562, -79.993561 40.571892, -79.989674 40.570331, -79.98952 40.567223, -79.988921 40.553938, -79.991226 40.553997, -79.999588 40.553986, -80.001855 40.553976, -80.007453 40.554036, -80.020866 40.553871, -80.024818 40.560839, -80.025189 40.562101, -80.025168 40.563605))",4486,42,003,413400,"Allegheny County, Pennsylvania",3800,33,243,268,135313,363400,1800,1677,123,1677,1500,177,3201,0,0,0,0,0,0,0,0,0,0,0,0,0,0,0,355,6,163,165,170,1171,898,165,108
42003413500,"POLYGON ((-80.037261 40.586199, -80.030872 40.585, -80.027638 40.584895, -80.025499 40.58513, -80.022487 40.587161, -80.021426 40.589478, -80.017953 40.591096, -80.017845 40.591578, -80.017391 40.592002, -80.014556 40.592426, -80.01327 40.592775, -80.012073 40.594372, -80.010343 40.595349, -80.005912 40.595874, -80.005705 40.594117, -80.003197 40.592957, -79.998466 40.594959, -79.997871 40.597515, -79.994879 40.596155, -79.993266 40.596952, -79.990579 40.594705, -79.990189 40.583341, -79.989674 40.570331, -79.993561 40.571892, -79.995083 40.571562, -79.998118 40.566949, -79.999474 40.565877, -80.000291 40.565775, -80.006942 40.567384, -80.016488 40.567167, -80.019151 40.56414, -80.023256 40.56618, -80.024473 40.566171, -80.023383 40.570362, -80.023515 40.572129, -80.024179 40.573955, -80.030169 40.582809, -80.031742 40.58418, -80.033352 40.584907, -80.037479 40.585838, -80.037261 40.586199))",6717,42,003,413500,"Allegheny County, Pennsylvania",5686,93,776,49,80227,298700,3415,3222,193,3222,1521,1701,4716,0,0,0,0,0,0,0,0,0,0,0,5,20,10,38,1039,29,266,207,225,1958,695,97,127
42003414101,"POLYGON ((-79.953779 40.578013, -79.951782 40.581107, -79.950327 40.586663, -79.948381 40.590296, -79.948035 40.591446, -79.947139 40.605117, -79.947164 40.605517, -79.947409 40.609085, -79.947311 40.614099, -79.946785 40.615455, -79.936499 40.615738, -79.92061 40.61607, -79.919788 40.597933, -79.919748 40.596318, -79.916524 40.596356, -79.915946 40.596367, -79.915526 40.584894, -79.919032 40.583189, -79.920302 40.581897, -79.922152 40.581661, -79.929578 40.581464, -79.932433 40.581747, -79.938346 40.581305, -79.949352 40.58096, -79.952663 40.579116, -79.953779 40.578013))",5517,42,003,414101,"Allegheny County, Pennsylvania",5337,30,78,0,139694,394200,2057,2033,24,2033,1889,144,4037,2,0,0,0,0,0,0,0,0,0,0,0,4,0,0,548,39,138,312,337,1778,731,108,40
42003414102,"POLYGON ((-79.99114 40.614313, -79.974352 40.614549, -79.968222 40.614786, -79.950741 40.61534, -79.946785 40.615455, -79.947311 40.614099, -79.947409 40.609085, -79.947164 40.605517, -79.947139 40.605117, -79.948035 40.591446, -79.948381 40.590296, -79.950327 40.586663, -79.951782 40.581107, -79.953779 40.578013, -79.954692 40.57551, -79.954762 40.57202, -79.954167 40.569589, -79.954243 40.568656, -79.954867 40.566982, -79.955647 40.567023, -79.95798 40.569431, -79.961423 40.570883, -79.961914 40.569107, -79.964475 40.567867, -79.966918 40.568131, -79.964517 40.565613, -79.966387 40.563061, -79.968697 40.563213, -79.976171 40.566065, -79.979711 40.56608, -79.983246 40.567581, -79.989674 40.570331, -79.990189 40.583341, -79.990579 40.594705, -79.99114 40.614313))",6775,42,003,414102,"Allegheny County, Pennsylvania",6142,0,318,136,114375,350400,2923,2738,185,2738,2202,536,4866,38,0,0,0,0,0,0,0,0,0,0,0,0,31,69,584,80,197,305,264,2072,932,166,128
42003414200,"POLYGON ((-79.989674 40.570331, -79.983246 40.567581, -79.979711 40.56608, -79.976171 40.566065, -79.968697 40.563213, -79.966387 40.563061, -79.964517 40.565613, -79.966918 40.568131, -79.964475 40.567867, -79.961914 40.569107, -79.961423 40.570883, -79.95798 40.569431, -79.955647 40.567023, -79.954867 40.566982, -79.954243 40.568656, -79.954167 40.569589, -79.954762 40.57202, -79.954692 40.57551, -79.953779 40.578013, -79.952663 40.579116, -79.949352 40.58096, -79.938346 40.581305, -79.932433 40.581747, -79.929578 40.581464, -79.922152 40.581661, -79.920302 40.581897, -79.919032 40.583189, -79.915526 40.584894, -79.915506 40.583743, -79.915332 40.573081, -79.915083 40.554947, -79.918509 40.554788, -79.936049 40.554114, -79.93868 40.554047, -79.950217 40.554543, -79.958231 40.554264, -79.958424 40.554263, -79.967338 40.55406, -79.971224 40.55414, -79.979285 40.553796, -79.979023 40.555067, -79.982712 40.555142, -79.982685 40.553955, -79.988921 40.553938, -79.98952 40.567223, -79.989674 40.570331))",5893,42,003,414200,"Allegheny County, Pennsylvania",5372,17,45,273,147672,383200,2310,2038,272,2038,1924,114,4091,33,0,0,0,0,0,0,0,0,0,0,11,0,33,15,563,217,141,205,338,1473,679,304,79
42003415001,"POLYGON ((-79.915083 40.554947, -79.915332 40.573081, -79.915506 40.583743, -79.915526 40.584894, -79.915946 40.596367, -79.889089 40.597133, -79.871628 40.597687, -79.869275 40.597759, -79.848141 40.598253, -79.826493 40.598898, -79.812579 40.599113, -79.812067 40.58728, -79.81214 40.584516, -79.811443 40.566534, -79.822175 40.566339, -79.822431 40.564674, -79.823641 40.56297, -79.823584 40.561673, -79.850137 40.560761, -79.853758 40.560695, -79.856811 40.561942, -79.858496 40.56345, -79.859419 40.56617, -79.86329 40.567131, -79.866544 40.565934, -79.868114 40.566668, -79.869241 40.568161, -79.872166 40.568203, -79.875255 40.570885, -79.881767 40.570955, -79.886085 40.570056, -79.888148 40.568447, -79.890774 40.568281, -79.893791 40.569366, -79.892128 40.57164, -79.893286 40.571841, -79.896413 40.569703, -79.899944 40.569275, -79.902192 40.567542, -79.902523 40.565486, -79.905104 40.563072, -79.905127 40.560912, -79.906817 40.559604, -79.90784 40.555299, -79.910523 40.554665, -79.913527 40.551913, -79.91412 40.549591, -79.914748 40.551702, -79.918509 40.554788, -79.915083 40.554947))",4834,42,003,415001,"Allegheny County, Pennsylvania",4191,155,297,41,130915,404600,1777,1654,123,1654,1377,277,3422,13,0,0,0,0,0,0,0,17,12,0,3,10,6,36,620,117,93,264,183,1160,465,250,173
42003415002,"POLYGON ((-79.93868 40.554047, -79.936049 40.554114, -79.918509 40.554788, -79.914748 40.551702, -79.91412 40.549591, -79.913527 40.551913, -79.910523 40.554665, -79.90784 40.555299, -79.906817 40.559604, -79.905127 40.560912, -79.905104 40.563072, -79.902523 40.565486, -79.902192 40.567542, -79.899944 40.569275, -79.896413 40.569703, -79.893286 40.571841, -79.892128 40.57164, -79.893791 40.569366, -79.890774 40.568281, -79.888148 40.568447, -79.886085 40.570056, -79.881767 40.570955, -79.875255 40.570885, -79.872166 40.568203, -79.869241 40.568161, -79.868114 40.566668, -79.866544 40.565934, -79.86329 40.567131, -79.859419 40.56617, -79.858496 40.56345, -79.856811 40.561942, -79.853758 40.560695, -79.868996 40.560352, -79.86846 40.55227, -79.868343 40.546903, -79.874529 40.54678, -79.874547 40.552101, -79.884422 40.550965, -79.886008 40.548939, -79.889059 40.549321, -79.890809 40.55102, -79.892365 40.550982, -79.89232 40.549515, -79.8971 40.549187, -79.896066 40.548684, -79.896615 40.546119, -79.898477 40.542623, -79.900752 40.543672, -79.902994 40.539581, -79.901775 40.539516, -79.902139 40.537838, -79.904028 40.539515, -79.904348 40.546092, -79.906002 40.546374, -79.910194 40.5483, -79.910199 40.546985, -79.91296 40.546863, -79.912708 40.540866, -79.913654 40.540848, -79.911096 40.537733, -79.913097 40.536165, -79.927146 40.535857, -79.927121 40.534271, -79.937654 40.534152, -79.937714 40.53461, -79.937937 40.539596, -79.93853 40.549855, -79.93868 40.554047))",2475,42,003,415002,"Allegheny County, Pennsylvania",2097,21,115,93,101316,348900,1138,1058,80,1058,880,178,1921,16,0,0,0,0,0,0,0,0,0,0,0,47,6,23,324,66,114,163,151,393,403,170,45
42003416000,"POLYGON ((-79.811297 40.561932, -79.806299 40.562061, -79.798196 40.56229, -79.775699 40.562828, -79.772052 40.562955, -79.770807 40.560257, -79.768543 40.554996, -79.766119 40.55083, -79.76509 40.549238, -79.763698 40.546025, -79.764172 40.544264, -79.771137 40.544153, -79.774548 40.544024, -79.779535 40.54676, -79.781492 40.548465, -79.783985 40.548415, -79.788866 40.548323, -79.788757 40.545565, -79.795052 40.545378, -79.795248 40.547225, -79.798976 40.549119, -79.807903 40.548899, -79.808051 40.553994, -79.811163 40.553967, -79.81118 40.555577, -79.811297 40.561932))",1436,42,003,416000,"Allegheny County, Pennsylvania",1353,0,19,24,62024,150800,805,724,81,724,623,101,1231,0,0,0,0,0,0,0,0,0,0,4,0,0,26,25,379,43,119,109,195,247,74,3,7
42003417100,"POLYGON ((-79.795052 40.545378, -79.788757 40.545565, -79.788866 40.548323, -79.783985 40.548415, -79.781492 40.548465, -79.779535 40.54676, -79.774548 40.544024, -79.771137 40.544153, -79.771576 40.543612, -79.774257 40.542065, -79.778239 40.541381, -79.781222 40.541135, -79.78772 40.541239, -79.790626 40.541137, -79.794835 40.540934, -79.795052 40.545378))",2125,42,003,417100,"Allegheny County, Pennsylvania",2055,0,0,44,69432,163600,1106,1075,31,1075,857,218,1772,24,0,0,0,0,0,0,0,0,0,0,0,25,0,8,479,114,94,226,207,413,105,52,25
42003417200,"POLYGON ((-79.794835 40.540934, -79.790626 40.541137, -79.78772 40.541239, -79.781222 40.541135, -79.778239 40.541381, -79.774257 40.542065, -79.771576 40.543612, -79.771137 40.544153, -79.764172 40.544264, -79.766091 40.540713, -79.768478 40.538779, -79.772762 40.536327, -79.776618 40.534934, -79.778908 40.534488, -79.783753 40.534108, -79.788162 40.534623, -79.794789 40.535785, -79.794835 40.540934))",1194,42,003,417200,"Allegheny County, Pennsylvania",1161,12,1,8,53750,126500,697,580,117,580,289,291,887,0,0,0,0,0,0,0,0,0,0,0,12,8,17,8,409,16,17,65,157,137,40,0,1
42003418000,"POLYGON ((-79.807903 40.548899, -79.798976 40.549119, -79.795248 40.547225, -79.795052 40.545378, -79.794835 40.540934, -79.794789 40.535785, -79.805012 40.537455, -79.807566 40.537284, -79.807567 40.540802, -79.807903 40.548899))",1661,42,003,418000,"Allegheny County, Pennsylvania",1516,3,0,43,75000,196200,879,780,99,780,624,156,1358,4,0,0,0,0,0,0,0,0,0,0,1,0,0,0,350,41,69,103,216,431,108,7,28
42003419000,"POLYGON ((-79.868996 40.560352, -79.853758 40.560695, -79.850137 40.560761, -79.823584 40.561673, -79.823641 40.56297, -79.822431 40.564674, -79.822175 40.566339, -79.811443 40.566534, -79.811297 40.561932, -79.81118 40.555577, -79.811163 40.553967, -79.808051 40.553994, -79.807903 40.548899, -79.807567 40.540802, -79.807566 40.537284, -79.813647 40.536624, -79.820606 40.536364, -79.828537 40.535004, -79.835272 40.532634, -79.842302 40.529804, -79.846321 40.527073, -79.848426 40.525126, -79.849434 40.523553, -79.850196 40.521716, -79.850494 40.520508, -79.851748 40.520645, -79.854883 40.520873, -79.85527 40.528789, -79.855506 40.536414, -79.8677 40.535942, -79.868343 40.546903, -79.86846 40.55227, -79.868996 40.560352))",3075,42,003,419000,"Allegheny County, Pennsylvania",2937,74,28,2,65075,206200,1663,1597,66,1597,1205,392,2555,22,0,0,0,0,0,0,6,0,6,0,0,0,0,34,654,43,163,261,188,694,361,64,59
42003420000,"POLYGON ((-79.865864 40.495565, -79.862811 40.49765, -79.859216 40.497693, -79.859175 40.496435, -79.856864 40.498169, -79.851113 40.493601, -79.856537 40.488976, -79.859541 40.487052, -79.861166 40.486352, -79.865498 40.485069, -79.865786 40.491525, -79.865864 40.495565))",1439,42,003,420000,"Allegheny County, Pennsylvania",1219,4,157,0,60333,173000,985,910,75,910,374,536,1223,7,0,0,0,0,0,0,0,0,0,0,5,14,0,0,222,45,50,115,143,337,186,64,35
42003421100,"POLYGON ((-79.891153 40.497034, -79.887353 40.498669, -79.883633 40.499245, -79.879079 40.499454, -79.878623 40.503694, -79.872672 40.503888, -79.87278 40.50971, -79.871618 40.509748, -79.871923 40.517053, -79.872237 40.527164, -79.867259 40.522247, -79.867579 40.528512, -79.85527 40.528789, -79.854883 40.520873, -79.851748 40.520645, -79.850494 40.520508, -79.850969 40.515864, -79.849451 40.507425, -79.849326 40.506821, -79.848853 40.503658, -79.84968 40.497589, -79.850339 40.49594, -79.851113 40.493601, -79.856864 40.498169, -79.859175 40.496435, -79.859216 40.497693, -79.862811 40.49765, -79.865864 40.495565, -79.865786 40.491525, -79.865498 40.485069, -79.877252 40.48317, -79.883807 40.483212, -79.8882 40.483948, -79.888175 40.48644, -79.884592 40.487329, -79.884484 40.488949, -79.884604 40.490922, -79.889832 40.491527, -79.890443 40.494777, -79.891153 40.497034))",4978,42,003,421100,"Allegheny County, Pennsylvania",4253,135,399,91,122321,449300,2250,2123,127,2123,1679,444,3681,0,0,0,0,0,0,0,0,0,0,0,0,81,20,8,305,43,74,120,160,1415,863,331,261
42003421200,"MULTIPOLYGON (((-79.902145 40.499766, -79.90105 40.500391, -79.899394 40.497146, -79.900016 40.496101, -79.897867 40.495135, -79.896813 40.493005, -79.897649 40.492996, -79.901712 40.493658, -79.902145 40.499766)), ((-79.937654 40.534152, -79.927121 40.534271, -79.927146 40.535857, -79.913097 40.536165, -79.914476 40.531035, -79.911375 40.531123, -79.913098 40.530358, -79.91152 40.527906, -79.911809 40.527092, -79.915015 40.526998, -79.914676 40.519693, -79.914079 40.508597, -79.912902 40.507761, -79.911289 40.508672, -79.908577 40.508737, -79.908318 40.503806, -79.902356 40.503978, -79.902229 40.50024, -79.908065 40.500071, -79.907835 40.495377, -79.908777 40.495579, -79.908771 40.495104, -79.911757 40.495756, -79.917628 40.49662, -79.925416 40.497292, -79.925417 40.497396, -79.925491 40.49905, -79.927363 40.497671, -79.935572 40.497218, -79.936068 40.497203, -79.93664 40.512128, -79.937654 40.534152)))",4131,42,003,421200,"Allegheny County, Pennsylvania",3592,55,205,45,114143,364100,1798,1644,154,1644,1609,35,2980,1,0,0,0,0,0,0,7,0,0,48,8,19,40,38,428,59,103,122,172,1066,498,225,146
42003422000,"POLYGON ((-79.915015 40.526998, -79.911809 40.527092, -79.91152 40.527906, -79.913098 40.530358, -79.911375 40.531123, -79.914476 40.531035, -79.913097 40.536165, -79.911096 40.537733, -79.913654 40.540848, -79.912708 40.540866, -79.91296 40.546863, -79.910199 40.546985, -79.910194 40.5483, -79.906002 40.546374, -79.904348 40.546092, -79.904028 40.539515, -79.902139 40.537838, -79.901775 40.539516, -79.902994 40.539581, -79.900752 40.543672, -79.898477 40.542623, -79.896615 40.546119, -79.896066 40.548684, -79.8971 40.549187, -79.89232 40.549515, -79.892365 40.550982, -79.890809 40.55102, -79.889059 40.549321, -79.886008 40.548939, -79.884422 40.550965, -79.874547 40.552101, -79.874529 40.54678, -79.868343 40.546903, -79.8677 40.535942, -79.855506 40.536414, -79.85527 40.528789, -79.867579 40.528512, -79.867259 40.522247, -79.872237 40.527164, -79.871923 40.517053, -79.871618 40.509748, -79.87278 40.50971, -79.872672 40.503888, -79.878623 40.503694, -79.879079 40.499454, -79.883633 40.499245, -79.887353 40.498669, -79.891153 40.497034, -79.890443 40.494777, -79.889832 40.491527, -79.896912 40.492614, -79.896813 40.493005, -79.897867 40.495135, -79.900016 40.496101, -79.899394 40.497146, -79.90105 40.500391, -79.902145 40.499766, -79.902229 40.50024, -79.902356 40.503978, -79.908318 40.503806, -79.908577 40.508737, -79.911289 40.508672, -79.912902 40.507761, -79.914079 40.508597, -79.914676 40.519693, -79.915015 40.526998))",5246,42,003,422000,"Allegheny County, Pennsylvania",4666,23,262,189,243625,900600,1804,1725,79,1725,1571,154,3451,2,0,0,0,42,0,0,0,0,0,0,0,12,0,0,82,2,63,155,129,1321,783,508,352
42003423000,"POLYGON ((-79.908771 40.495104, -79.908777 40.495579, -79.907835 40.495377, -79.908065 40.500071, -79.902229 40.50024, -79.902145 40.499766, -79.901712 40.493658, -79.897649 40.492996, -79.896813 40.493005, -79.896912 40.492614, -79.897604 40.487879, -79.901626 40.488985, -79.901424 40.486189, -79.905354 40.486726, -79.907352 40.4872, -79.907698 40.492292, -79.907757 40.492376, -79.909324 40.493376, -79.908771 40.495104))",2843,42,003,423000,"Allegheny County, Pennsylvania",2444,30,350,6,107000,378800,1374,1192,182,1192,741,451,1893,10,0,0,0,0,0,0,0,0,0,0,0,11,8,0,126,9,46,118,134,517,537,188,189
42003424000,"POLYGON ((-79.940458 40.496389, -79.936068 40.497203, -79.935572 40.497218, -79.927363 40.497671, -79.925491 40.49905, -79.925417 40.497396, -79.925416 40.497292, -79.917628 40.49662, -79.911757 40.495756, -79.908771 40.495104, -79.909324 40.493376, -79.907757 40.492376, -79.907698 40.492292, -79.907352 40.4872, -79.912483 40.488273, -79.915182 40.488835, -79.923567 40.490717, -79.927922 40.491538, -79.93218 40.491689, -79.935572 40.491491, -79.938012 40.491067, -79.938355 40.490983, -79.938882 40.492639, -79.938609 40.495172, -79.940017 40.495792, -79.940458 40.496389))",3119,42,003,424000,"Allegheny County, Pennsylvania",2546,250,0,135,59228,141400,1803,1612,191,1612,767,845,2321,45,0,0,0,0,0,0,0,0,0,30,4,14,53,67,637,69,79,242,303,514,220,23,21
42003425000,"POLYGON ((-79.958274 40.503868, -79.955388 40.503968, -79.9562 40.505376, -79.950757 40.505525, -79.951888 40.508252, -79.948618 40.508666, -79.947496 40.507477, -79.946139 40.507604, -79.943228 40.507316, -79.944624 40.505729, -79.944151 40.503333, -79.942488 40.501479, -79.940547 40.501483, -79.940458 40.496389, -79.940017 40.495792, -79.938609 40.495172, -79.938882 40.492639, -79.938355 40.490983, -79.947617 40.488758, -79.95127 40.487586, -79.955713 40.491748, -79.956559 40.493337, -79.954714 40.493946, -79.950321 40.496952, -79.948121 40.498264, -79.949413 40.500594, -79.950675 40.502113, -79.954247 40.502, -79.958202 40.501407, -79.958274 40.503868))",3364,42,003,425000,"Allegheny County, Pennsylvania",3028,61,16,115,53654,135800,1754,1628,126,1628,777,851,2618,39,0,0,0,0,0,0,0,0,0,0,36,99,0,12,715,174,236,377,243,469,186,13,19
42003426300,"POLYGON ((-79.988921 40.553938, -79.982685 40.553955, -79.982712 40.555142, -79.979023 40.555067, -79.979285 40.553796, -79.971224 40.55414, -79.967338 40.55406, -79.958424 40.554263, -79.959541 40.549759, -79.960757 40.547539, -79.964395 40.543823, -79.964656 40.54226, -79.962682 40.538353, -79.963886 40.536379, -79.959918 40.532843, -79.960196 40.53187, -79.96044 40.53279, -79.963308 40.531841, -79.966442 40.533194, -79.967752 40.535065, -79.970548 40.535682, -79.968022 40.532519, -79.971023 40.531801, -79.973373 40.530801, -79.972392 40.529049, -79.972514 40.528726, -79.974766 40.530695, -79.977314 40.530678, -79.978092 40.532456, -79.983758 40.53514, -79.984163 40.536919, -79.986192 40.537039, -79.988318 40.539457, -79.988456 40.543637, -79.988921 40.553938))",6068,42,003,426300,"Allegheny County, Pennsylvania",5559,142,78,0,99457,240900,2449,2449,0,2449,2289,160,4713,5,0,0,0,0,0,0,0,60,26,34,1,0,27,0,1086,164,211,353,507,1329,643,138,129
42003426400,"POLYGON ((-79.973373 40.530801, -79.971023 40.531801, -79.968022 40.532519, -79.970548 40.535682, -79.967752 40.535065, -79.966442 40.533194, -79.963308 40.531841, -79.96044 40.53279, -79.960196 40.53187, -79.959918 40.532843, -79.963886 40.536379, -79.962682 40.538353, -79.962226 40.535839, -79.958966 40.532428, -79.957591 40.530936, -79.953734 40.530003, -79.95187 40.528958, -79.950571 40.527204, -79.949887 40.526258, -79.948946 40.524713, -79.949052 40.523471, -79.95293 40.520786, -79.953834 40.519394, -79.955027 40.516251, -79.952726 40.513118, -79.948228 40.510135, -79.947496 40.507477, -79.948618 40.508666, -79.951888 40.508252, -79.950757 40.505525, -79.9562 40.505376, -79.956465 40.506054, -79.957573 40.507646, -79.96025 40.508925, -79.961349 40.511649, -79.960595 40.512298, -79.961837 40.513875, -79.962144 40.51692, -79.963466 40.51929, -79.963462 40.520817, -79.967666 40.520274, -79.968595 40.522284, -79.970588 40.522778, -79.970956 40.52493, -79.973087 40.526533, -79.972514 40.528726, -79.972392 40.529049, -79.973373 40.530801))",4189,42,003,426400,"Allegheny County, Pennsylvania",3839,77,0,22,76094,230100,2120,2034,86,2034,1587,447,3279,5,0,0,0,0,0,0,0,0,0,0,0,0,24,7,847,120,213,486,285,914,256,49,73
42003426700,"POLYGON ((-79.953834 40.519394, -79.95293 40.520786, -79.949052 40.523471, -79.948946 40.524713, -79.949887 40.526258, -79.950571 40.527204, -79.946913 40.52858, -79.947499 40.529935, -79.945556 40.531822, -79.942469 40.531183, -79.939558 40.531635, -79.937714 40.53461, -79.937654 40.534152, -79.93664 40.512128, -79.936068 40.497203, -79.940458 40.496389, -79.940547 40.501483, -79.942488 40.501479, -79.944151 40.503333, -79.944624 40.505729, -79.943228 40.507316, -79.946139 40.507604, -79.947496 40.507477, -79.948228 40.510135, -79.952726 40.513118, -79.955027 40.516251, -79.953834 40.519394))",2252,42,003,426700,"Allegheny County, Pennsylvania",2051,44,31,40,70393,235700,1231,1133,98,1133,771,362,1779,14,0,0,0,0,0,0,0,18,0,0,0,9,0,17,450,100,74,126,285,446,223,9,8
42003426800,"POLYGON ((-79.964395 40.543823, -79.960757 40.547539, -79.959541 40.549759, -79.958424 40.554263, -79.958231 40.554264, -79.950217 40.554543, -79.93868 40.554047, -79.93853 40.549855, -79.937937 40.539596, -79.937714 40.53461, -79.939558 40.531635, -79.942469 40.531183, -79.945556 40.531822, -79.947499 40.529935, -79.946913 40.52858, -79.950571 40.527204, -79.95187 40.528958, -79.953734 40.530003, -79.957591 40.530936, -79.958966 40.532428, -79.962226 40.535839, -79.962682 40.538353, -79.964656 40.54226, -79.964395 40.543823))",5042,42,003,426800,"Allegheny County, Pennsylvania",4811,92,7,102,125559,283500,2097,2050,47,2050,2018,32,3824,1,0,0,0,0,0,0,11,0,0,0,0,11,13,14,938,24,367,350,520,1023,497,35,20
42003427000,"POLYGON ((-79.982652 40.483063, -79.975164 40.483371, -79.976006 40.493691, -79.976154 40.495311, -79.971102 40.495438, -79.970464 40.492889, -79.970127 40.488234, -79.969854 40.483642, -79.971809 40.483574, -79.972722 40.481629, -79.970655 40.480751, -79.967418 40.478986, -79.964756 40.477917, -79.968685 40.47275, -79.970036 40.471108, -79.970767 40.470658, -79.974678 40.469436, -79.977193 40.470848, -79.97457 40.472203, -79.972115 40.475502, -79.974032 40.477231, -79.978608 40.478817, -79.979565 40.477086, -79.982531 40.477281, -79.982563 40.481569, -79.982652 40.483063))",3299,42,003,427000,"Allegheny County, Pennsylvania",2917,280,54,61,72778,124100,2146,1646,500,1646,688,958,2597,40,0,0,0,0,0,0,0,0,0,0,28,38,20,20,758,139,123,295,424,484,176,39,13
42003427100,"POLYGON ((-79.988318 40.539457, -79.986192 40.537039, -79.984163 40.536919, -79.983758 40.53514, -79.978092 40.532456, -79.977314 40.530678, -79.974766 40.530695, -79.972514 40.528726, -79.973087 40.526533, -79.970956 40.52493, -79.970588 40.522778, -79.968595 40.522284, -79.967666 40.520274, -79.963462 40.520817, -79.963466 40.51929, -79.962144 40.51692, -79.961837 40.513875, -79.960595 40.512298, -79.961349 40.511649, -79.96025 40.508925, -79.957573 40.507646, -79.963426 40.507552, -79.96611 40.504504, -79.969367 40.504806, -79.972175 40.502393, -79.975844 40.501274, -79.977776 40.499, -79.980159 40.499738, -79.981296 40.501368, -79.984122 40.501745, -79.985678 40.502435, -79.98647 40.503249, -79.986629 40.506272, -79.986983 40.514483, -79.987591 40.51936, -79.988204 40.524112, -79.988242 40.52696, -79.988318 40.539457))",5213,42,003,427100,"Allegheny County, Pennsylvania",5061,30,59,66,117705,253500,2339,2234,105,2234,2105,129,4055,4,0,0,0,0,0,0,0,0,0,0,24,0,32,33,1186,70,142,335,441,1230,408,110,40
42003427200,"POLYGON ((-79.985678 40.502435, -79.984122 40.501745, -79.981296 40.501368, -79.980159 40.499738, -79.977776 40.499, -79.975844 40.501274, -79.972175 40.502393, -79.969367 40.504806, -79.96611 40.504504, -79.963426 40.507552, -79.957573 40.507646, -79.956465 40.506054, -79.9562 40.505376, -79.955388 40.503968, -79.958274 40.503868, -79.958202 40.501407, -79.954247 40.502, -79.950675 40.502113, -79.949413 40.500594, -79.948121 40.498264, -79.950321 40.496952, -79.954714 40.493946, -79.956559 40.493337, -79.955713 40.491748, -79.95127 40.487586, -79.955351 40.485907, -79.96069 40.482055, -79.963175 40.479766, -79.964756 40.477917, -79.967418 40.478986, -79.970655 40.480751, -79.972722 40.481629, -79.971809 40.483574, -79.969854 40.483642, -79.970127 40.488234, -79.970464 40.492889, -79.971102 40.495438, -79.976154 40.495311, -79.976006 40.493691, -79.984077 40.493458, -79.98528 40.493619, -79.985646 40.501953, -79.985678 40.502435))",4774,42,003,427200,"Allegheny County, Pennsylvania",4463,73,0,214,75179,212800,2493,2414,79,2414,1940,474,3792,29,0,0,0,0,0,0,0,0,0,0,0,91,15,54,1255,108,115,183,587,987,198,120,50
42003428100,"POLYGON ((-79.987879 40.476303, -79.986174 40.477836, -79.986194 40.478317, -79.982934 40.478086, -79.982531 40.477281, -79.979565 40.477086, -79.978608 40.478817, -79.974032 40.477231, -79.972115 40.475502, -79.97457 40.472203, -79.977193 40.470848, -79.978815 40.471527, -79.980313 40.47039, -79.981813 40.469343, -79.98296 40.467263, -79.983868 40.466322, -79.987519 40.475543, -79.987879 40.476303))",1105,42,003,428100,"Allegheny County, Pennsylvania",1043,8,9,27,78920,205800,598,575,23,575,509,66,889,0,0,0,0,0,0,0,0,0,0,0,0,8,51,5,309,5,39,104,98,177,73,14,6
42003428200,"POLYGON ((-80.003932 40.496285, -79.997967 40.495326, -79.995581 40.494478, -79.995203 40.494018, -79.994142 40.494043, -79.994255 40.497076, -79.989625 40.497214, -79.989709 40.500658, -79.985646 40.501953, -79.98528 40.493619, -79.984077 40.493458, -79.976006 40.493691, -79.975164 40.483371, -79.982652 40.483063, -79.982563 40.481569, -79.982531 40.477281, -79.982934 40.478086, -79.986194 40.478317, -79.986174 40.477836, -79.987879 40.476303, -79.988092 40.476763, -79.995023 40.477361, -79.993414 40.476661, -79.992274 40.473556, -79.99186 40.473134, -79.997545 40.472982, -79.997611 40.474591, -79.995833 40.474536, -79.995346 40.477361, -79.996517 40.479186, -80.001683 40.480082, -80.001767 40.482428, -80.00322 40.482939, -80.003932 40.496285))",2075,42,003,428200,"Allegheny County, Pennsylvania",1819,160,33,27,83938,212600,993,959,34,959,839,120,1628,13,0,0,0,0,0,0,0,0,0,0,0,4,4,6,464,57,133,201,157,393,129,19,48
42003429100,"POLYGON ((-80.030629 40.511367, -80.028258 40.509542, -80.026654 40.509035, -80.023883 40.509766, -80.021481 40.511569, -80.017765 40.514417, -80.02303 40.520775, -80.014981 40.519745, -80.013592 40.519081, -80.012279 40.517385, -80.008305 40.514951, -80.006474 40.514373, -80.004195 40.514038, -79.999269 40.513249, -79.993986 40.510927, -79.991583 40.509741, -79.989252 40.506989, -79.989867 40.505293, -79.986629 40.506272, -79.98647 40.503249, -79.985678 40.502435, -79.985646 40.501953, -79.989709 40.500658, -79.989625 40.497214, -79.994255 40.497076, -79.994142 40.494043, -79.995203 40.494018, -79.995581 40.494478, -79.997967 40.495326, -80.003932 40.496285, -80.010681 40.499096, -80.01102 40.50089, -80.012258 40.498879, -80.013033 40.498731, -80.016984 40.499834, -80.01783 40.497353, -80.020079 40.497709, -80.024367 40.502785, -80.029382 40.506071, -80.029444 40.509634, -80.030629 40.511367))",2485,42,003,429100,"Allegheny County, Pennsylvania",2242,105,6,120,83594,233000,1192,1120,72,1120,739,381,1918,0,0,0,0,0,0,0,0,0,0,0,33,0,4,16,529,57,90,163,163,570,203,46,44
42003429201,"POLYGON ((-80.020866 40.553871, -80.007453 40.554036, -80.001855 40.553976, -79.999588 40.553986, -79.991226 40.553997, -79.988921 40.553938, -79.988456 40.543637, -79.988921 40.543551, -79.99292 40.543387, -79.994326 40.543817, -79.993877 40.539332, -79.993543 40.538691, -79.995213 40.538141, -79.999001 40.535145, -80.000464 40.531751, -80.003766 40.532293, -80.003853 40.530328, -80.007412 40.52991, -80.009939 40.530571, -80.010782 40.532212, -80.011038 40.533096, -80.010987 40.536332, -80.012451 40.540863, -80.014484 40.543825, -80.016929 40.54592, -80.017486 40.546845, -80.019269 40.550622, -80.020866 40.553871))",4801,42,003,429201,"Allegheny County, Pennsylvania",3794,191,652,111,109813,325600,2219,2042,177,2042,1291,751,3666,8,0,0,0,0,0,0,0,0,0,18,8,42,24,79,411,168,185,305,156,1300,687,172,103
42003429202,"POLYGON ((-80.007412 40.52991, -80.003853 40.530328, -80.003766 40.532293, -80.000464 40.531751, -79.999001 40.535145, -79.995213 40.538141, -79.993543 40.538691, -79.993877 40.539332, -79.994326 40.543817, -79.99292 40.543387, -79.988921 40.543551, -79.988456 40.543637, -79.988318 40.539457, -79.988242 40.52696, -79.988204 40.524112, -79.987591 40.51936, -79.986983 40.514483, -79.986629 40.506272, -79.989867 40.505293, -79.989252 40.506989, -79.991583 40.509741, -79.993986 40.510927, -79.999269 40.513249, -80.004195 40.514038, -80.005483 40.522821, -80.005631 40.526023, -80.006152 40.527191, -80.007028 40.52818, -80.009939 40.530571, -80.007412 40.52991))",4385,42,003,429202,"Allegheny County, Pennsylvania",4193,12,53,79,115592,297900,1887,1801,86,1801,1565,236,3285,0,0,0,0,0,0,0,0,0,0,0,21,0,0,8,423,46,119,375,360,1166,593,110,64
42003429300,"POLYGON ((-80.064723 40.552712, -80.057187 40.552922, -80.038216 40.553495, -80.035969 40.545242, -80.03591 40.542743, -80.036341 40.538997, -80.03577 40.531965, -80.035069 40.529853, -80.035406 40.528237, -80.035597 40.525748, -80.036996 40.527426, -80.039644 40.527433, -80.040904 40.52851, -80.042243 40.527051, -80.039969 40.522256, -80.041152 40.522063, -80.042395 40.521705, -80.048117 40.521891, -80.048085 40.521136, -80.051452 40.520447, -80.053088 40.516605, -80.053805 40.517797, -80.057092 40.517068, -80.058669 40.517597, -80.062322 40.515864, -80.063394 40.532711, -80.064048 40.542246, -80.064723 40.552712))",6761,42,003,429300,"Allegheny County, Pennsylvania",5887,101,370,245,93705,308400,2828,2828,0,2828,2165,663,4929,48,0,0,0,0,0,0,0,0,0,25,23,46,5,10,1052,114,311,302,503,1139,850,269,232
42003429400,"POLYGON ((-80.038216 40.553495, -80.034923 40.55362, -80.034331 40.549142, -80.030722 40.54528, -80.029455 40.544072, -80.025109 40.540084, -80.019672 40.534768, -80.019126 40.534017, -80.018108 40.531093, -80.018034 40.528617, -80.015214 40.523835, -80.013592 40.519081, -80.014981 40.519745, -80.02303 40.520775, -80.025286 40.520986, -80.02881 40.522239, -80.028951 40.524265, -80.032287 40.524109, -80.034956 40.523906, -80.035597 40.525748, -80.035406 40.528237, -80.035069 40.529853, -80.03577 40.531965, -80.036341 40.538997, -80.03591 40.542743, -80.035969 40.545242, -80.038216 40.553495))",4389,42,003,429400,"Allegheny County, Pennsylvania",3813,67,291,131,102917,265800,1968,1815,153,1815,1624,191,3150,8,0,0,0,0,0,0,0,0,0,0,28,0,7,60,565,45,169,277,361,1088,406,104,32
42003429500,"POLYGON ((-80.034923 40.55362, -80.020866 40.553871, -80.019269 40.550622, -80.017486 40.546845, -80.016929 40.54592, -80.014484 40.543825, -80.012451 40.540863, -80.010987 40.536332, -80.011038 40.533096, -80.010782 40.532212, -80.009939 40.530571, -80.007028 40.52818, -80.006152 40.527191, -80.005631 40.526023, -80.005483 40.522821, -80.004195 40.514038, -80.006474 40.514373, -80.008305 40.514951, -80.012279 40.517385, -80.013592 40.519081, -80.015214 40.523835, -80.018034 40.528617, -80.018108 40.531093, -80.019126 40.534017, -80.019672 40.534768, -80.025109 40.540084, -80.029455 40.544072, -80.030722 40.54528, -80.034331 40.549142, -80.034923 40.55362))",4304,42,003,429500,"Allegheny County, Pennsylvania",3883,164,151,0,60571,235400,2513,2314,199,2314,1262,1052,3586,21,0,0,0,0,0,0,0,0,0,0,0,8,67,11,687,110,230,384,248,1190,497,16,117
42003429600,"POLYGON ((-80.062322 40.515864, -80.058669 40.517597, -80.057092 40.517068, -80.053805 40.517797, -80.053088 40.516605, -80.051452 40.520447, -80.048085 40.521136, -80.047808 40.518741, -80.047358 40.513877, -80.047321 40.513005, -80.04158 40.514831, -80.039946 40.515294, -80.035094 40.515891, -80.03272 40.516701, -80.030367 40.513994, -80.033072 40.513134, -80.035252 40.511795, -80.036271 40.510526, -80.036884 40.508152, -80.036965 40.506097, -80.038346 40.504928, -80.039781 40.500957, -80.04291 40.501053, -80.045385 40.500027, -80.045406 40.494911, -80.046014 40.494865, -80.047112 40.494977, -80.051321 40.496462, -80.050573 40.497742, -80.047948 40.502249, -80.050849 40.503839, -80.058289 40.508183, -80.059832 40.506512, -80.061592 40.505803, -80.062292 40.515437, -80.062322 40.515864))",3620,42,003,429600,"Allegheny County, Pennsylvania",3098,105,58,347,87125,223400,1692,1663,29,1663,1023,640,2778,32,0,0,0,0,0,0,0,0,0,0,0,22,0,0,547,165,202,252,355,841,314,23,25
42003429700,"POLYGON ((-80.046444 40.487163, -80.045127 40.489047, -80.045545 40.490165, -80.044623 40.49166, -80.046014 40.494865, -80.045406 40.494911, -80.045385 40.500027, -80.04291 40.501053, -80.039781 40.500957, -80.038346 40.504928, -80.036965 40.506097, -80.036884 40.508152, -80.036271 40.510526, -80.035252 40.511795, -80.033072 40.513134, -80.030367 40.513994, -80.030176 40.513789, -80.031353 40.511567, -80.030629 40.511367, -80.029444 40.509634, -80.029382 40.506071, -80.024367 40.502785, -80.020079 40.497709, -80.02014 40.49594, -80.021983 40.493839, -80.022906 40.495292, -80.025426 40.495332, -80.025898 40.4968, -80.027795 40.496124, -80.027784 40.4911, -80.035447 40.490931, -80.03749 40.490065, -80.040712 40.491455, -80.043251 40.489569, -80.045594 40.487804, -80.046444 40.487163))",2194,42,003,429700,"Allegheny County, Pennsylvania",2077,56,0,0,63561,227400,1099,980,119,980,827,153,1679,32,0,0,0,0,0,0,0,0,0,1,0,1,0,12,608,28,92,140,152,380,183,19,31
42003430100,"POLYGON ((-80.031353 40.511567, -80.030176 40.513789, -80.029763 40.515589, -80.025406 40.518983, -80.024898 40.51941, -80.025286 40.520986, -80.02303 40.520775, -80.017765 40.514417, -80.021481 40.511569, -80.023883 40.509766, -80.026654 40.509035, -80.028258 40.509542, -80.030629 40.511367, -80.031353 40.511567))",1881,42,003,430100,"Allegheny County, Pennsylvania",1711,77,0,16,72853,209900,955,933,22,933,615,318,1411,5,0,0,0,0,0,0,0,0,0,0,0,11,16,0,324,16,85,278,206,360,91,0,19
42003430200,"POLYGON ((-80.048117 40.521891, -80.042395 40.521705, -80.041152 40.522063, -80.039969 40.522256, -80.042243 40.527051, -80.040904 40.52851, -80.039644 40.527433, -80.036996 40.527426, -80.035597 40.525748, -80.034956 40.523906, -80.032287 40.524109, -80.028951 40.524265, -80.02881 40.522239, -80.025286 40.520986, -80.024898 40.51941, -80.025406 40.518983, -80.029763 40.515589, -80.030176 40.513789, -80.030367 40.513994, -80.03272 40.516701, -80.035094 40.515891, -80.039946 40.515294, -80.04158 40.514831, -80.047321 40.513005, -80.047358 40.513877, -80.047808 40.518741, -80.048085 40.521136, -80.048117 40.521891))",4652,42,003,430200,"Allegheny County, Pennsylvania",3798,146,29,331,91495,238900,1861,1861,0,1861,1278,583,3438,24,0,0,0,0,0,0,0,0,0,0,21,95,100,21,683,94,169,236,318,1211,389,30,47
42003431100,"POLYGON ((-80.057351 40.489006, -80.054983 40.491957, -80.052681 40.494145, -80.051321 40.496462, -80.047112 40.494977, -80.046014 40.494865, -80.044623 40.49166, -80.045545 40.490165, -80.045127 40.489047, -80.046444 40.487163, -80.049903 40.485523, -80.0511 40.483782, -80.057345 40.487301, -80.056472 40.48792, -80.057351 40.489006))",3193,42,003,431100,"Allegheny County, Pennsylvania",2619,312,28,84,67780,214900,1756,1657,99,1657,765,892,2619,0,0,0,0,0,0,0,0,0,0,0,0,0,52,43,430,145,134,278,194,894,293,81,75
42003431400,"POLYGON ((-80.061592 40.505803, -80.059832 40.506512, -80.058289 40.508183, -80.050849 40.503839, -80.047948 40.502249, -80.050573 40.497742, -80.056162 40.500693, -80.061378 40.501576, -80.06145 40.502909, -80.061592 40.505803))",1845,42,003,431400,"Allegheny County, Pennsylvania",1539,144,8,18,73135,182400,888,874,14,874,540,334,1389,4,0,0,0,0,0,0,0,0,0,0,0,0,8,14,388,23,65,148,133,330,255,17,4
42003431500,"POLYGON ((-80.066235 40.490968, -80.062621 40.49383, -80.062093 40.494442, -80.060932 40.495549, -80.061124 40.498304, -80.061378 40.501576, -80.056162 40.500693, -80.050573 40.497742, -80.051321 40.496462, -80.052681 40.494145, -80.054983 40.491957, -80.057351 40.489006, -80.056472 40.48792, -80.057345 40.487301, -80.0511 40.483782, -80.053179 40.48217, -80.054641 40.48297, -80.063596 40.488932, -80.066235 40.490968))",3090,42,003,431500,"Allegheny County, Pennsylvania",2618,286,34,39,68784,250000,1868,1522,346,1522,526,996,2439,28,0,0,0,0,0,0,7,0,0,0,11,40,22,13,443,65,74,286,261,823,287,69,10
42003432300,"POLYGON ((-80.075357 40.508832, -80.069516 40.508993, -80.068495 40.509, -80.061592 40.505803, -80.06145 40.502909, -80.061378 40.501576, -80.061124 40.498304, -80.065868 40.500186, -80.067862 40.501341, -80.069056 40.501798, -80.071331 40.50265, -80.072083 40.503179, -80.075024 40.50357, -80.075357 40.508832))",2127,42,003,432300,"Allegheny County, Pennsylvania",1786,237,85,16,55034,173600,1470,1365,105,1365,600,765,1765,0,0,0,0,0,0,0,0,0,0,0,0,0,40,24,510,64,193,168,180,518,62,6,0
42003432400,"POLYGON ((-80.075024 40.50357, -80.072083 40.503179, -80.071331 40.50265, -80.069056 40.501798, -80.067862 40.501341, -80.065868 40.500186, -80.061124 40.498304, -80.060932 40.495549, -80.062093 40.494442, -80.062621 40.49383, -80.066235 40.490968, -80.067526 40.492271, -80.068862 40.493697, -80.075005 40.498395, -80.074921 40.501371, -80.075024 40.50357))",2547,42,003,432400,"Allegheny County, Pennsylvania",1917,492,41,75,48060,167000,1479,1345,134,1345,523,822,2039,0,0,0,0,0,0,0,0,0,0,15,0,18,26,23,375,214,86,276,244,571,60,90,41
42003434000,"POLYGON ((-80.087932 40.505607, -80.088081 40.506486, -80.088705 40.509432, -80.087678 40.510722, -80.08352 40.510137, -80.081409 40.511408, -80.080524 40.51226, -80.077959 40.510987, -80.078509 40.510157, -80.075357 40.508832, -80.075024 40.50357, -80.074921 40.501371, -80.075005 40.498395, -80.077795 40.500184, -80.081451 40.501439, -80.087668 40.502611, -80.089504 40.5032, -80.087932 40.505607))",1919,42,003,434000,"Allegheny County, Pennsylvania",1668,120,16,79,102869,344700,856,797,59,797,550,247,1370,4,0,0,0,0,0,0,0,0,0,0,1,0,0,6,133,17,85,103,143,539,202,84,53
42003435000,"POLYGON ((-80.108617 40.513213, -80.107988 40.514632, -80.107481 40.516823, -80.101096 40.515482, -80.099069 40.514623, -80.095903 40.514784, -80.096306 40.516402, -80.088584 40.516611, -80.087108 40.51706, -80.087083 40.513081, -80.087678 40.510722, -80.088705 40.509432, -80.088081 40.506486, -80.087932 40.505607, -80.089504 40.5032, -80.09163 40.503846, -80.098576 40.506969, -80.108363 40.510521, -80.108617 40.513213))",2465,42,003,435000,"Allegheny County, Pennsylvania",2016,131,5,273,64816,184200,1176,1112,64,1112,714,398,1801,19,0,0,0,0,0,0,0,0,0,0,0,8,19,29,469,51,69,143,244,548,145,42,15
42003437000,"POLYGON ((-80.122092 40.549091, -80.119901 40.551148, -80.115671 40.552859, -80.113852 40.558766, -80.113522 40.562274, -80.113951 40.566789, -80.116675 40.570457, -80.113884 40.570515, -80.113907 40.57546, -80.086184 40.556911, -80.084993 40.556124, -80.081221 40.553516, -80.064048 40.542246, -80.063394 40.532711, -80.062322 40.515864, -80.062292 40.515437, -80.071235 40.518173, -80.095882 40.526587, -80.109127 40.531505, -80.121556 40.536256, -80.121797 40.541399, -80.122092 40.549091))",7228,42,003,437000,"Allegheny County, Pennsylvania",6550,82,252,143,153333,474600,2737,2622,115,2622,2299,323,5039,130,0,0,0,0,0,0,0,1,0,20,3,10,20,0,564,96,329,175,418,1745,1024,364,140
42003439000,"POLYGON ((-80.206786 40.588153, -80.204163 40.588568, -80.202121 40.590936, -80.198464 40.592655, -80.195345 40.59585, -80.194986 40.59672, -80.193281 40.596933, -80.190228 40.596182, -80.186519 40.596126, -80.18454 40.596834, -80.185188 40.598118, -80.188002 40.599181, -80.18848 40.600046, -80.184044 40.601132, -80.184753 40.603585, -80.183821 40.604753, -80.18186 40.605831, -80.180534 40.60759, -80.180755 40.609107, -80.177874 40.609482, -80.176025 40.608113, -80.173721 40.607705, -80.172018 40.608152, -80.169972 40.607723, -80.169376 40.606618, -80.166812 40.606677, -80.165784 40.60603, -80.160825 40.609491, -80.158691 40.609232, -80.158645 40.605241, -80.133763 40.588242, -80.134502 40.588227, -80.152203 40.588017, -80.15602 40.587929, -80.155392 40.577826, -80.156645 40.57705, -80.170521 40.576211, -80.181517 40.576121, -80.181012 40.564613, -80.181422 40.564372, -80.18651 40.568902, -80.18949 40.571434, -80.208002 40.58806, -80.206786 40.588153))",1468,42,003,439000,"Allegheny County, Pennsylvania",1263,30,26,19,165987,437500,627,581,46,581,549,32,1141,4,0,0,0,0,0,0,0,0,0,4,10,3,3,8,176,10,35,45,101,460,159,81,42
42003445500,"POLYGON ((-80.193304 40.541445, -80.191594 40.54246, -80.181513 40.548595, -80.178305 40.545311, -80.174232 40.548133, -80.174606 40.549736, -80.171755 40.550696, -80.171658 40.548389, -80.173144 40.548828, -80.173253 40.547188, -80.17724 40.544262, -80.174639 40.541615, -80.172858 40.540532, -80.171561 40.541274, -80.168527 40.540576, -80.166129 40.541146, -80.162761 40.544071, -80.163902 40.546709, -80.161695 40.547445, -80.160806 40.545252, -80.158992 40.546135, -80.158893 40.548288, -80.156267 40.547519, -80.156291 40.545613, -80.157238 40.544588, -80.154379 40.544712, -80.156527 40.542588, -80.161271 40.542719, -80.163138 40.541564, -80.168686 40.539553, -80.169448 40.537017, -80.17225 40.53762, -80.175246 40.534884, -80.178648 40.52994, -80.186812 40.532356, -80.187964 40.53292, -80.189976 40.533785, -80.191036 40.534477, -80.19271 40.536464, -80.195247 40.540459, -80.193304 40.541445))",3823,42,003,445500,"Allegheny County, Pennsylvania",3283,97,0,105,101053,464300,1913,1642,271,1642,1117,525,2665,2,0,0,0,0,7,0,0,0,0,0,0,13,0,9,318,26,21,272,279,841,563,244,70
42003446000,"POLYGON ((-80.210117 40.553327, -80.201018 40.559428, -80.197729 40.561659, -80.193159 40.564917, -80.18651 40.568902, -80.181422 40.564372, -80.181012 40.564613, -80.181519 40.561768, -80.180655 40.557234, -80.180552 40.549151, -80.181513 40.548595, -80.191594 40.54246, -80.193304 40.541445, -80.195247 40.540459, -80.200814 40.547423, -80.203859 40.550181, -80.205039 40.550998, -80.208755 40.552632, -80.210117 40.553327))",1587,42,003,446000,"Allegheny County, Pennsylvania",1460,12,12,64,202813,820100,653,597,56,597,535,62,1074,16,0,0,2,0,0,0,0,0,0,0,0,0,0,4,62,8,44,46,20,408,232,166,66
42003447000,"POLYGON ((-80.218977 40.581995, -80.218075 40.581903, -80.214427 40.580993, -80.211832 40.582484, -80.211167 40.584979, -80.208491 40.586825, -80.208002 40.58806, -80.18949 40.571434, -80.18651 40.568902, -80.193159 40.564917, -80.197729 40.561659, -80.203304 40.566211, -80.205283 40.564564, -80.209165 40.567088, -80.214624 40.571353, -80.213517 40.572236, -80.217394 40.574707, -80.219175 40.579453, -80.218977 40.581995))",1530,42,003,447000,"Allegheny County, Pennsylvania",1352,24,18,50,93083,254700,672,651,21,651,500,151,1101,5,0,5,0,0,0,0,0,0,0,6,0,2,0,3,250,24,149,105,114,271,134,20,13
42003448000,"POLYGON ((-80.228579 40.573072, -80.224051 40.575268, -80.224006 40.577329, -80.220133 40.579909, -80.219175 40.579453, -80.217394 40.574707, -80.213517 40.572236, -80.214624 40.571353, -80.209165 40.567088, -80.205283 40.564564, -80.203304 40.566211, -80.197729 40.561659, -80.201018 40.559428, -80.210117 40.553327, -80.213614 40.555828, -80.217592 40.559879, -80.219956 40.561622, -80.224906 40.567526, -80.226904 40.57051, -80.228953 40.572799, -80.228579 40.573072))",1096,42,003,448000,"Allegheny County, Pennsylvania",884,53,9,41,66346,156000,629,558,71,558,318,240,834,4,0,0,0,0,0,0,6,0,0,0,0,3,0,0,222,15,42,113,119,156,111,11,32
42003449000,"POLYGON ((-80.25142 40.556023, -80.24664 40.559636, -80.233369 40.569578, -80.228953 40.572799, -80.226904 40.57051, -80.224906 40.567526, -80.219956 40.561622, -80.217592 40.559879, -80.213614 40.555828, -80.210117 40.553327, -80.208755 40.552632, -80.208128 40.552287, -80.213496 40.544297, -80.218882 40.545488, -80.225544 40.544623, -80.232073 40.547919, -80.232125 40.547211, -80.234469 40.545923, -80.236119 40.545699, -80.238729 40.546669, -80.240341 40.546403, -80.240275 40.553255, -80.24216 40.55316, -80.245835 40.556426, -80.248754 40.554641, -80.25142 40.556023))",2141,42,003,449000,"Allegheny County, Pennsylvania",1886,0,60,110,81992,195600,1144,975,169,975,854,121,1692,14,0,0,0,0,0,0,0,0,0,6,0,0,66,35,435,44,106,215,245,398,109,9,10
42003450700,"POLYGON ((-80.171595 40.513352, -80.168085 40.516643, -80.166795 40.518407, -80.15667 40.514603, -80.155046 40.51677, -80.154309 40.517278, -80.152402 40.516161, -80.149637 40.514918, -80.148747 40.508885, -80.146286 40.506889, -80.147066 40.506255, -80.147904 40.505663, -80.150301 40.503551, -80.15453 40.504588, -80.161124 40.506225, -80.172226 40.510792, -80.171595 40.513352))",2852,42,003,450700,"Allegheny County, Pennsylvania",2251,129,0,189,64000,179400,1584,1354,230,1354,881,473,2063,19,0,0,0,0,0,5,0,0,0,0,0,21,1,22,483,97,103,316,192,655,66,19,64
42003450800,"POLYGON ((-80.1766 40.520046, -80.17522 40.521856, -80.171257 40.527397, -80.162683 40.524299, -80.162393 40.52418, -80.16148 40.523803, -80.159474 40.521037, -80.154309 40.517278, -80.155046 40.51677, -80.15667 40.514603, -80.166795 40.518407, -80.168085 40.516643, -80.171595 40.513352, -80.172226 40.510792, -80.171566 40.509748, -80.174375 40.510525, -80.173444 40.511915, -80.176293 40.517603, -80.178128 40.517856, -80.1766 40.520046))",2565,42,003,450800,"Allegheny County, Pennsylvania",1691,749,26,90,63737,114900,1346,1235,111,1235,556,679,2199,0,0,0,0,0,0,0,0,0,0,0,0,51,31,81,752,61,147,203,309,421,132,0,11
42003451101,"POLYGON ((-80.245835 40.556426, -80.24216 40.55316, -80.240275 40.553255, -80.240341 40.546403, -80.238729 40.546669, -80.236119 40.545699, -80.234469 40.545923, -80.232125 40.547211, -80.232073 40.547919, -80.225544 40.544623, -80.218882 40.545488, -80.213496 40.544297, -80.208128 40.552287, -80.208755 40.552632, -80.205039 40.550998, -80.203859 40.550181, -80.200814 40.547423, -80.195247 40.540459, -80.19271 40.536464, -80.191036 40.534477, -80.189976 40.533785, -80.187964 40.53292, -80.189957 40.53102, -80.190889 40.531701, -80.193556 40.5345, -80.194313 40.535504, -80.195991 40.537096, -80.198753 40.537976, -80.200075 40.537964, -80.201651 40.53662, -80.202693 40.534105, -80.204372 40.532653, -80.205695 40.528413, -80.207741 40.52688, -80.216038 40.523683, -80.217685 40.520071, -80.218048 40.519524, -80.219252 40.518174, -80.221435 40.516977, -80.223052 40.518832, -80.224044 40.519608, -80.224378 40.520133, -80.224486 40.525534, -80.226594 40.526477, -80.229172 40.526002, -80.229026 40.527965, -80.230857 40.529544, -80.228603 40.53284, -80.229025 40.533917, -80.231413 40.535984, -80.234325 40.537683, -80.237008 40.538318, -80.239062 40.539441, -80.243375 40.540346, -80.244404 40.541378, -80.246434 40.541836, -80.244913 40.542097, -80.244693 40.543377, -80.243066 40.544453, -80.242139 40.54673, -80.244007 40.550494, -80.245761 40.552737, -80.248754 40.554641, -80.245835 40.556426))",3598,42,003,451101,"Allegheny County, Pennsylvania",3306,58,17,159,133707,331400,1602,1548,54,1548,1371,177,2756,7,0,0,0,0,0,0,0,0,0,0,0,13,0,14,498,34,238,210,305,860,512,36,29
42003451102,"POLYGON ((-80.219252 40.518174, -80.218048 40.519524, -80.217685 40.520071, -80.216038 40.523683, -80.207741 40.52688, -80.205695 40.528413, -80.204372 40.532653, -80.202693 40.534105, -80.201651 40.53662, -80.200075 40.537964, -80.198753 40.537976, -80.195991 40.537096, -80.194313 40.535504, -80.193556 40.5345, -80.190889 40.531701, -80.189957 40.53102, -80.187964 40.53292, -80.186812 40.532356, -80.178648 40.52994, -80.176301 40.528954, -80.171257 40.527397, -80.17522 40.521856, -80.177545 40.523074, -80.178853 40.522561, -80.18025 40.522537, -80.184693 40.521946, -80.188446 40.519052, -80.189986 40.519547, -80.190892 40.52131, -80.192247 40.520849, -80.196552 40.518621, -80.197839 40.516924, -80.197344 40.516329, -80.198446 40.514605, -80.202389 40.509236, -80.202954 40.508806, -80.207534 40.505476, -80.217686 40.514577, -80.221435 40.516977, -80.219252 40.518174))",6431,42,003,451102,"Allegheny County, Pennsylvania",4886,397,446,325,94035,255200,2298,2190,108,2190,1427,763,3541,13,0,0,0,0,0,0,0,0,14,5,0,0,0,0,730,217,239,86,334,1208,619,59,17
42003451104,"POLYGON ((-80.27433 40.539307, -80.263654 40.547218, -80.25142 40.556023, -80.248754 40.554641, -80.245761 40.552737, -80.244007 40.550494, -80.242139 40.54673, -80.243066 40.544453, -80.244693 40.543377, -80.244913 40.542097, -80.246434 40.541836, -80.244404 40.541378, -80.243375 40.540346, -80.239062 40.539441, -80.237008 40.538318, -80.234325 40.537683, -80.231413 40.535984, -80.229025 40.533917, -80.230453 40.531569, -80.232338 40.530246, -80.240908 40.528524, -80.243699 40.528227, -80.244416 40.528003, -80.24787 40.526319, -80.256402 40.524518, -80.260373 40.524186, -80.263139 40.521527, -80.264482 40.520975, -80.270097 40.531286, -80.273158 40.537572, -80.27433 40.539307))",3783,42,003,451104,"Allegheny County, Pennsylvania",3526,106,40,8,160213,348500,1360,1320,40,1320,1304,16,2630,14,0,0,0,0,0,0,3,0,0,0,0,0,2,15,439,20,182,206,270,894,392,82,111
42003451105,"POLYGON ((-80.263139 40.521527, -80.260373 40.524186, -80.256402 40.524518, -80.24787 40.526319, -80.244416 40.528003, -80.243699 40.528227, -80.240908 40.528524, -80.232338 40.530246, -80.230453 40.531569, -80.229025 40.533917, -80.228603 40.53284, -80.230857 40.529544, -80.229026 40.527965, -80.229172 40.526002, -80.226594 40.526477, -80.224486 40.525534, -80.224378 40.520133, -80.224044 40.519608, -80.223052 40.518832, -80.221435 40.516977, -80.217686 40.514577, -80.207534 40.505476, -80.206357 40.504367, -80.204832 40.502003, -80.205418 40.501697, -80.205571 40.501529, -80.205664 40.501259, -80.205898 40.499942, -80.206008 40.499621, -80.206347 40.499263, -80.208825 40.49796, -80.212169 40.499645, -80.22199 40.50013, -80.224579 40.50022, -80.226005 40.500743, -80.231065 40.504338, -80.233218 40.505306, -80.239668 40.506785, -80.24943 40.50856, -80.254996 40.509376, -80.259369 40.511619, -80.264482 40.520975, -80.263139 40.521527))",6026,42,003,451105,"Allegheny County, Pennsylvania",5015,285,383,115,105974,278800,2311,2142,169,2142,1209,933,4303,56,0,0,0,0,0,0,0,15,0,0,0,0,39,61,736,100,296,370,342,1479,704,49,56
42003451300,"POLYGON ((-80.24943 40.50856, -80.239668 40.506785, -80.233218 40.505306, -80.231065 40.504338, -80.226005 40.500743, -80.224579 40.50022, -80.22199 40.50013, -80.212169 40.499645, -80.208825 40.49796, -80.206347 40.499263, -80.206008 40.499621, -80.205898 40.499942, -80.205664 40.501259, -80.205571 40.501529, -80.205418 40.501697, -80.204832 40.502003, -80.206357 40.504367, -80.207534 40.505476, -80.202954 40.508806, -80.202389 40.509236, -80.198446 40.514605, -80.197344 40.516329, -80.197839 40.516924, -80.196552 40.518621, -80.192247 40.520849, -80.190892 40.52131, -80.189986 40.519547, -80.188446 40.519052, -80.184693 40.521946, -80.18025 40.522537, -80.178853 40.522561, -80.177545 40.523074, -80.17522 40.521856, -80.1766 40.520046, -80.178128 40.517856, -80.176293 40.517603, -80.173444 40.511915, -80.174375 40.510525, -80.171566 40.509748, -80.172226 40.510792, -80.161124 40.506225, -80.15453 40.504588, -80.150301 40.503551, -80.147904 40.505663, -80.147066 40.506255, -80.146286 40.506889, -80.144247 40.503839, -80.141603 40.50285, -80.141279 40.499793, -80.142288 40.499145, -80.144924 40.5013, -80.147034 40.499479, -80.148505 40.500132, -80.152708 40.499422, -80.155221 40.496772, -80.154633 40.49544, -80.152843 40.495481, -80.149704 40.493313, -80.149196 40.491438, -80.150298 40.491155, -80.152718 40.490718, -80.153092 40.490039, -80.152537 40.486566, -80.154682 40.479053, -80.155795 40.477915, -80.156685 40.475573, -80.155623 40.474221, -80.152267 40.473611, -80.151777 40.472725, -80.15396 40.472655, -80.156673 40.470783, -80.155625 40.467405, -80.155881 40.466401, -80.160048 40.466585, -80.161345 40.465863, -80.16234 40.464004, -80.159531 40.460575, -80.161453 40.45863, -80.161654 40.461344, -80.164504 40.461386, -80.16757 40.462397, -80.169068 40.461567, -80.167499 40.460293, -80.168695 40.45895, -80.172286 40.458288, -80.172855 40.457558, -80.177196 40.456218, -80.178648 40.455585, -80.183458 40.45594, -80.186403 40.457815, -80.188366 40.457844, -80.192872 40.459959, -80.192858 40.461476, -80.196445 40.465306, -80.201361 40.46857, -80.205152 40.470048, -80.209759 40.472672, -80.212246 40.475238, -80.213782 40.475369, -80.214332 40.476694, -80.217128 40.478131, -80.218585 40.478258, -80.219108 40.479946, -80.220574 40.480936, -80.222814 40.481028, -80.222055 40.481714, -80.224201 40.484474, -80.225509 40.490951, -80.228015 40.495172, -80.254996 40.509376, -80.24943 40.50856))",7064,42,003,451300,"Allegheny County, Pennsylvania",6034,95,328,28,120072,295500,3045,2965,80,2965,2628,337,5355,57,0,0,0,0,0,0,0,0,0,0,0,22,0,42,1052,0,317,423,555,1734,750,317,86
42003452000,"POLYGON ((-80.360802 40.477739, -80.349014 40.48614, -80.278026 40.536736, -80.27433 40.539307, -80.273158 40.537572, -80.270097 40.531286, -80.264482 40.520975, -80.259369 40.511619, -80.254996 40.509376, -80.228015 40.495172, -80.225509 40.490951, -80.224201 40.484474, -80.222055 40.481714, -80.222814 40.481028, -80.220574 40.480936, -80.219108 40.479946, -80.218585 40.478258, -80.217128 40.478131, -80.214332 40.476694, -80.213782 40.475369, -80.212246 40.475238, -80.209759 40.472672, -80.205152 40.470048, -80.201361 40.46857, -80.196445 40.465306, -80.192858 40.461476, -80.192872 40.459959, -80.188366 40.457844, -80.192562 40.455802, -80.193555 40.45456, -80.197938 40.452936, -80.199654 40.451341, -80.202544 40.450849, -80.204556 40.451849, -80.206475 40.453289, -80.208449 40.453778, -80.208183 40.452978, -80.211785 40.453707, -80.212826 40.455049, -80.213474 40.457578, -80.214374 40.458103, -80.215228 40.456726, -80.217065 40.456269, -80.217674 40.4574, -80.221031 40.458311, -80.221282 40.455956, -80.22239 40.455116, -80.224188 40.455171, -80.224427 40.458312, -80.226975 40.458311, -80.230745 40.455192, -80.232955 40.455035, -80.23376 40.455099, -80.235027 40.45259, -80.240046 40.452093, -80.244707 40.449809, -80.250063 40.449988, -80.251852 40.449317, -80.257848 40.44549, -80.262961 40.441886, -80.26768 40.440997, -80.270643 40.441767, -80.275077 40.442047, -80.278432 40.442848, -80.282295 40.442598, -80.284237 40.439874, -80.28504 40.433488, -80.29406 40.427038, -80.296194 40.425476, -80.360801 40.477591, -80.360802 40.477739))",6698,42,003,452000,"Allegheny County, Pennsylvania",5766,89,524,137,110625,257800,2950,2850,100,2850,2276,574,4832,220,0,0,0,0,0,0,9,3,2,0,15,45,48,29,1138,176,177,603,555,1274,414,18,106
42003453003,"POLYGON ((-80.239097 40.441743, -80.233135 40.441151, -80.227351 40.440081, -80.223626 40.440022, -80.215531 40.439156, -80.211788 40.439163, -80.208643 40.440659, -80.207412 40.440926, -80.20308 40.441762, -80.198577 40.441744, -80.194105 40.44135, -80.191742 40.44193, -80.189771 40.441761, -80.183208 40.443752, -80.178583 40.444039, -80.174294 40.44562, -80.172038 40.44614, -80.172293 40.443659, -80.171058 40.439926, -80.171511 40.43659, -80.17273 40.435522, -80.170552 40.432474, -80.169815 40.42912, -80.168614 40.427664, -80.168361 40.424847, -80.168868 40.423888, -80.168053 40.421914, -80.167857 40.418364, -80.16749 40.418257, -80.168703 40.401997, -80.168723 40.401803, -80.16959 40.398937, -80.170964 40.397818, -80.172147 40.398266, -80.172507 40.40092, -80.175533 40.400883, -80.177673 40.399572, -80.17988 40.401054, -80.184636 40.406435, -80.188939 40.403105, -80.190388 40.404387, -80.192036 40.406893, -80.192483 40.409324, -80.195443 40.411856, -80.197455 40.414124, -80.1984 40.416252, -80.200476 40.41675, -80.201686 40.418798, -80.210362 40.419066, -80.212059 40.421528, -80.21315 40.424187, -80.21951 40.429421, -80.223397 40.431093, -80.226502 40.43373, -80.229083 40.434884, -80.234194 40.436259, -80.236296 40.437567, -80.237722 40.439427, -80.239319 40.441557, -80.239097 40.441743))",1953,42,003,453003,"Allegheny County, Pennsylvania",1780,28,45,48,100100,235200,740,720,20,720,621,99,1339,2,0,0,0,0,0,0,0,0,0,0,9,0,0,8,329,19,154,73,166,412,110,44,13
42003453004,"POLYGON ((-80.232955 40.455035, -80.230745 40.455192, -80.226975 40.458311, -80.224427 40.458312, -80.224188 40.455171, -80.22239 40.455116, -80.221282 40.455956, -80.221031 40.458311, -80.217674 40.4574, -80.217065 40.456269, -80.215228 40.456726, -80.214374 40.458103, -80.213474 40.457578, -80.212826 40.455049, -80.211785 40.453707, -80.208183 40.452978, -80.208449 40.453778, -80.206475 40.453289, -80.204556 40.451849, -80.202544 40.450849, -80.199654 40.451341, -80.197938 40.452936, -80.193555 40.45456, -80.192562 40.455802, -80.188366 40.457844, -80.186403 40.457815, -80.183458 40.45594, -80.178648 40.455585, -80.177196 40.456218, -80.172855 40.457558, -80.172286 40.458288, -80.172038 40.44614, -80.174294 40.44562, -80.178583 40.444039, -80.183208 40.443752, -80.189771 40.441761, -80.191742 40.44193, -80.194105 40.44135, -80.198577 40.441744, -80.20308 40.441762, -80.207412 40.440926, -80.208643 40.440659, -80.211788 40.439163, -80.215531 40.439156, -80.223626 40.440022, -80.227351 40.440081, -80.227362 40.44338, -80.227662 40.443799, -80.229038 40.444686, -80.228532 40.448587, -80.228741 40.45143, -80.231336 40.452763, -80.231642 40.454546, -80.233599 40.454662, -80.232955 40.455035))",7139,42,003,453004,"Allegheny County, Pennsylvania",5390,104,379,404,96408,227900,3671,3250,421,3250,2139,1111,5249,0,0,0,0,0,0,0,0,0,19,19,1,44,49,0,924,157,224,381,730,2018,525,75,83
42003455000,"POLYGON ((-80.197749 40.404729, -80.193439 40.406347, -80.190388 40.404387, -80.188939 40.403105, -80.184636 40.406435, -80.17988 40.401054, -80.177673 40.399572, -80.182102 40.397661, -80.181105 40.396353, -80.184229 40.394937, -80.185863 40.394197, -80.186689 40.393283, -80.189959 40.392282, -80.191788 40.394148, -80.189546 40.394931, -80.189535 40.396048, -80.18907 40.397214, -80.192351 40.399362, -80.19491 40.403155, -80.197749 40.404729))",1489,42,003,455000,"Allegheny County, Pennsylvania",1318,51,5,7,93036,190700,705,689,16,689,547,142,1201,0,0,0,0,0,0,0,0,2,0,0,4,12,25,17,376,56,82,117,173,210,60,7,60
42003456001,"POLYGON ((-80.185969 40.385196, -80.184459 40.388004, -80.183189 40.392259, -80.184229 40.394937, -80.181105 40.396353, -80.182102 40.397661, -80.177673 40.399572, -80.175533 40.400883, -80.172507 40.40092, -80.172147 40.398266, -80.170964 40.397818, -80.16959 40.398937, -80.168723 40.401803, -80.169809 40.395094, -80.170105 40.390726, -80.168675 40.383763, -80.157222 40.380271, -80.150394 40.379616, -80.143752 40.377761, -80.138737 40.376779, -80.136062 40.37542, -80.132112 40.37285, -80.130132 40.372125, -80.125395 40.372593, -80.12429 40.37305, -80.120583 40.372303, -80.119687 40.372291, -80.122054 40.370739, -80.119978 40.367935, -80.119943 40.362245, -80.120554 40.360026, -80.120603 40.359183, -80.118031 40.358134, -80.114328 40.35521, -80.114446 40.355035, -80.11526 40.354787, -80.118607 40.3563, -80.120335 40.357084, -80.121153 40.356129, -80.12352 40.355702, -80.125289 40.356878, -80.129278 40.353739, -80.128216 40.352285, -80.129079 40.350367, -80.130891 40.350391, -80.133112 40.351236, -80.13681 40.350775, -80.140862 40.350775, -80.142704 40.350324, -80.143885 40.34769, -80.147545 40.345988, -80.150032 40.346225, -80.154682 40.345303, -80.155612 40.348515, -80.160933 40.348096, -80.161391 40.349624, -80.16015 40.351954, -80.159265 40.354624, -80.164896 40.360103, -80.169187 40.366037, -80.169674 40.367801, -80.17172 40.372226, -80.171552 40.376179, -80.17223 40.379533, -80.172942 40.381224, -80.17686 40.381022, -80.179144 40.38167, -80.180869 40.383141, -80.183093 40.384055, -80.187194 40.384417, -80.185969 40.385196))",4653,42,003,456001,"Allegheny County, Pennsylvania",4042,114,243,74,132212,372000,1705,1662,43,1662,1481,181,3205,20,0,0,0,0,0,0,0,0,14,0,0,0,6,20,640,43,250,365,374,806,492,135,40
42003456003,"POLYGON ((-80.22124 40.366374, -80.220434 40.368511, -80.222146 40.371415, -80.222948 40.372761, -80.219273 40.373049, -80.217153 40.37409, -80.215223 40.376759, -80.215835 40.377745, -80.214767 40.380697, -80.213137 40.381124, -80.211201 40.383633, -80.209794 40.383778, -80.209781 40.384718, -80.207552 40.385027, -80.20465 40.38692, -80.204712 40.387426, -80.201836 40.389152, -80.198256 40.389638, -80.196016 40.391097, -80.193493 40.393789, -80.189535 40.396048, -80.189546 40.394931, -80.191788 40.394148, -80.189959 40.392282, -80.186689 40.393283, -80.185863 40.394197, -80.184229 40.394937, -80.183189 40.392259, -80.184459 40.388004, -80.185969 40.385196, -80.187194 40.384417, -80.183093 40.384055, -80.180869 40.383141, -80.179144 40.38167, -80.17686 40.381022, -80.172942 40.381224, -80.17223 40.379533, -80.171552 40.376179, -80.17172 40.372226, -80.169674 40.367801, -80.169187 40.366037, -80.164896 40.360103, -80.159265 40.354624, -80.16015 40.351954, -80.161391 40.349624, -80.160933 40.348096, -80.155612 40.348515, -80.154682 40.345303, -80.150032 40.346225, -80.147545 40.345988, -80.143885 40.34769, -80.142704 40.350324, -80.140862 40.350775, -80.13681 40.350775, -80.133112 40.351236, -80.130891 40.350391, -80.129079 40.350367, -80.128216 40.352285, -80.129278 40.353739, -80.125289 40.356878, -80.12352 40.355702, -80.121153 40.356129, -80.120335 40.357084, -80.118607 40.3563, -80.11526 40.354787, -80.114446 40.355035, -80.114505 40.352235, -80.112504 40.350087, -80.112413 40.34862, -80.115391 40.34424, -80.121936 40.34019, -80.121795 40.338383, -80.12393 40.336929, -80.122315 40.335689, -80.12457 40.33306, -80.128322 40.333836, -80.12838 40.332002, -80.1297 40.332263, -80.133408 40.333541, -80.132532 40.335822, -80.134528 40.336655, -80.135152 40.335983, -80.145849 40.321385, -80.161253 40.3261, -80.171019 40.328987, -80.183462 40.332774, -80.184603 40.333139, -80.200196 40.347153, -80.222956 40.365897, -80.22124 40.366374))",7513,42,003,456003,"Allegheny County, Pennsylvania",5377,169,1669,125,153250,346700,2853,2649,204,2649,2417,232,4951,18,0,0,0,0,0,0,0,0,0,0,16,54,11,0,579,45,249,407,300,1724,994,353,201
42003456004,"POLYGON ((-80.145849 40.321385, -80.135152 40.335983, -80.134528 40.336655, -80.132532 40.335822, -80.133408 40.333541, -80.1297 40.332263, -80.12838 40.332002, -80.128322 40.333836, -80.12457 40.33306, -80.122315 40.335689, -80.12393 40.336929, -80.121795 40.338383, -80.121936 40.34019, -80.115391 40.34424, -80.112413 40.34862, -80.112504 40.350087, -80.114505 40.352235, -80.114446 40.355035, -80.114328 40.35521, -80.112503 40.35423, -80.109878 40.351889, -80.110129 40.351565, -80.110101 40.348924, -80.108009 40.348283, -80.107996 40.346867, -80.112603 40.338796, -80.114889 40.335229, -80.115415 40.33372, -80.114721 40.332299, -80.113471 40.331546, -80.108704 40.33147, -80.104966 40.332509, -80.101034 40.332489, -80.10162 40.331243, -80.100697 40.328154, -80.101487 40.326754, -80.103399 40.325221, -80.10561 40.324986, -80.109722 40.323969, -80.112405 40.324586, -80.114212 40.323064, -80.115583 40.322936, -80.115855 40.318859, -80.118223 40.317138, -80.116448 40.315533, -80.116278 40.312659, -80.123085 40.314597, -80.143475 40.320654, -80.145849 40.321385))",6294,42,003,456004,"Allegheny County, Pennsylvania",5080,278,170,397,87500,308100,2671,2572,99,2572,1727,845,4646,14,0,0,5,0,20,0,5,0,0,12,0,0,11,29,820,4,177,515,365,1907,523,68,171
42003457100,"POLYGON ((-80.120554 40.360026, -80.119943 40.362245, -80.11853 40.3634, -80.11721 40.367445, -80.113355 40.366789, -80.113411 40.365355, -80.111894 40.364455, -80.106994 40.36329, -80.104282 40.363685, -80.103973 40.363287, -80.106801 40.361688, -80.109726 40.359154, -80.111042 40.357978, -80.111699 40.357013, -80.112085 40.356259, -80.112503 40.35423, -80.114328 40.35521, -80.118031 40.358134, -80.120603 40.359183, -80.120554 40.360026))",1433,42,003,457100,"Allegheny County, Pennsylvania",1267,38,0,1,68750,189800,767,695,72,695,306,389,1145,17,0,0,0,0,0,0,0,0,0,0,32,5,5,10,383,28,167,63,129,202,99,5,0
42003457200,"POLYGON ((-80.112085 40.356259, -80.111699 40.357013, -80.111042 40.357978, -80.109726 40.359154, -80.106801 40.361688, -80.103973 40.363287, -80.096581 40.36376, -80.094685 40.364319, -80.095184 40.363368, -80.095333 40.36217, -80.097562 40.35791, -80.099032 40.357583, -80.095389 40.356291, -80.095248 40.35539, -80.087691 40.352387, -80.090229 40.350431, -80.095619 40.353265, -80.098071 40.350006, -80.099272 40.349431, -80.102513 40.349318, -80.105828 40.348845, -80.108027 40.351418, -80.110129 40.351565, -80.109878 40.351889, -80.112503 40.35423, -80.112085 40.356259))",3253,42,003,457200,"Allegheny County, Pennsylvania",2846,176,0,42,58808,158200,2015,1808,207,1808,1195,613,2521,10,0,0,0,0,0,0,0,0,0,0,20,0,29,36,799,180,80,261,213,636,241,7,9
42003458001,"POLYGON ((-80.169809 40.395094, -80.168723 40.401803, -80.168703 40.401997, -80.165135 40.407335, -80.165514 40.409736, -80.162472 40.410619, -80.16135 40.408956, -80.157832 40.409381, -80.15586 40.410218, -80.152192 40.408089, -80.153128 40.404527, -80.15035 40.400868, -80.146154 40.395958, -80.144322 40.394481, -80.136892 40.393718, -80.134911 40.394158, -80.131428 40.396118, -80.130595 40.396501, -80.128701 40.396984, -80.121357 40.397916, -80.119775 40.397425, -80.115178 40.394565, -80.112474 40.394621, -80.111021 40.395146, -80.105814 40.399424, -80.101116 40.393336, -80.098288 40.387337, -80.099678 40.384697, -80.096229 40.385136, -80.092147 40.384536, -80.093241 40.38255, -80.094372 40.37808, -80.098214 40.373429, -80.094576 40.368606, -80.094685 40.364319, -80.096581 40.36376, -80.103973 40.363287, -80.104282 40.363685, -80.106994 40.36329, -80.111894 40.364455, -80.113411 40.365355, -80.113355 40.366789, -80.11721 40.367445, -80.11853 40.3634, -80.119943 40.362245, -80.119978 40.367935, -80.122054 40.370739, -80.119687 40.372291, -80.120583 40.372303, -80.12429 40.37305, -80.125395 40.372593, -80.130132 40.372125, -80.132112 40.37285, -80.136062 40.37542, -80.138737 40.376779, -80.143752 40.377761, -80.150394 40.379616, -80.157222 40.380271, -80.168675 40.383763, -80.170105 40.390726, -80.169809 40.395094))",4340,42,003,458001,"Allegheny County, Pennsylvania",3694,227,260,14,117344,433600,1967,1875,92,1875,1411,464,3464,21,0,0,0,0,0,0,9,2,0,17,0,0,0,67,549,18,146,272,367,1108,491,297,100
42003458002,"POLYGON ((-80.16749 40.418257, -80.167857 40.418364, -80.168053 40.421914, -80.163507 40.424809, -80.155383 40.432336, -80.151656 40.433402, -80.149378 40.433093, -80.146924 40.432042, -80.145781 40.432162, -80.140411 40.431225, -80.139139 40.430434, -80.135049 40.430069, -80.13418 40.430592, -80.130955 40.429717, -80.128668 40.428295, -80.124554 40.426714, -80.120294 40.425687, -80.114616 40.426089, -80.115018 40.424462, -80.111508 40.42426, -80.110768 40.421285, -80.108915 40.4208, -80.109551 40.417696, -80.105889 40.413191, -80.099895 40.411031, -80.099004 40.403927, -80.09854 40.399976, -80.100167 40.397838, -80.10027 40.394375, -80.099647 40.393934, -80.099103 40.393891, -80.097455 40.387861, -80.098288 40.387337, -80.101116 40.393336, -80.105814 40.399424, -80.111021 40.395146, -80.112474 40.394621, -80.115178 40.394565, -80.119775 40.397425, -80.121357 40.397916, -80.128701 40.396984, -80.130595 40.396501, -80.131428 40.396118, -80.134911 40.394158, -80.136892 40.393718, -80.144322 40.394481, -80.146154 40.395958, -80.15035 40.400868, -80.153128 40.404527, -80.152192 40.408089, -80.15586 40.410218, -80.157832 40.409381, -80.16135 40.408956, -80.162472 40.410619, -80.165514 40.409736, -80.165135 40.407335, -80.168703 40.401997, -80.16749 40.418257))",4632,42,003,458002,"Allegheny County, Pennsylvania",4283,81,28,116,100503,309900,2148,2053,95,2053,1806,247,3724,0,0,0,0,0,0,0,0,0,0,8,0,0,24,26,1145,39,202,331,433,938,453,86,39
42003459101,"POLYGON ((-80.155221 40.496772, -80.152708 40.499422, -80.148505 40.500132, -80.147034 40.499479, -80.144924 40.5013, -80.142288 40.499145, -80.141279 40.499793, -80.141603 40.50285, -80.144247 40.503839, -80.146286 40.506889, -80.148747 40.508885, -80.149637 40.514918, -80.143707 40.513462, -80.138102 40.511297, -80.133207 40.508509, -80.125528 40.505868, -80.120993 40.504825, -80.115923 40.50396, -80.117609 40.501701, -80.125909 40.48997, -80.123453 40.485646, -80.120858 40.480369, -80.122567 40.480392, -80.124945 40.482303, -80.132696 40.481584, -80.136934 40.483881, -80.139573 40.484654, -80.143368 40.484247, -80.144195 40.487375, -80.14634 40.490065, -80.148604 40.491447, -80.149506 40.490322, -80.150298 40.491155, -80.149196 40.491438, -80.149704 40.493313, -80.152843 40.495481, -80.154633 40.49544, -80.155221 40.496772))",1760,42,003,459101,"Allegheny County, Pennsylvania",1555,166,12,0,87821,257000,713,683,30,683,537,146,1280,2,0,0,0,0,0,0,0,0,0,0,4,4,22,10,324,31,38,100,200,392,127,17,9
42003459102,"POLYGON ((-80.155795 40.477915, -80.154682 40.479053, -80.152537 40.486566, -80.153092 40.490039, -80.152718 40.490718, -80.150298 40.491155, -80.149506 40.490322, -80.148604 40.491447, -80.14634 40.490065, -80.144195 40.487375, -80.143368 40.484247, -80.139573 40.484654, -80.136934 40.483881, -80.132696 40.481584, -80.124945 40.482303, -80.122567 40.480392, -80.120858 40.480369, -80.120343 40.479499, -80.117484 40.473695, -80.115515 40.469172, -80.113216 40.466566, -80.113015 40.465808, -80.112071 40.46347, -80.113345 40.460619, -80.112287 40.458078, -80.113678 40.458602, -80.120459 40.46014, -80.122417 40.460211, -80.125722 40.456789, -80.129795 40.455972, -80.133727 40.455922, -80.136306 40.455161, -80.137009 40.45607, -80.138242 40.456409, -80.140721 40.457482, -80.144909 40.457047, -80.147634 40.457408, -80.149025 40.460054, -80.152129 40.461807, -80.15283 40.465504, -80.155881 40.466401, -80.155625 40.467405, -80.156673 40.470783, -80.15396 40.472655, -80.151777 40.472725, -80.152267 40.473611, -80.155623 40.474221, -80.156685 40.475573, -80.155795 40.477915))",6526,42,003,459102,"Allegheny County, Pennsylvania",5902,143,168,227,122026,336600,2593,2514,79,2514,1910,604,4983,239,0,0,0,0,0,0,0,0,0,0,31,0,28,42,1032,14,117,549,685,1410,677,108,51
42003459201,"POLYGON ((-80.171511 40.43659, -80.171058 40.439926, -80.172293 40.443659, -80.172038 40.44614, -80.172286 40.458288, -80.168695 40.45895, -80.167499 40.460293, -80.169068 40.461567, -80.16757 40.462397, -80.164504 40.461386, -80.161654 40.461344, -80.161453 40.45863, -80.159531 40.460575, -80.16234 40.464004, -80.161345 40.465863, -80.160048 40.466585, -80.155881 40.466401, -80.15283 40.465504, -80.152129 40.461807, -80.149025 40.460054, -80.147634 40.457408, -80.144909 40.457047, -80.140721 40.457482, -80.138242 40.456409, -80.137009 40.45607, -80.136306 40.455161, -80.133727 40.455922, -80.129795 40.455972, -80.125722 40.456789, -80.122417 40.460211, -80.120459 40.46014, -80.113678 40.458602, -80.112287 40.458078, -80.112383 40.45624, -80.112671 40.454359, -80.11135 40.453029, -80.110029 40.451451, -80.104476 40.448177, -80.093375 40.450754, -80.090713 40.451421, -80.089517 40.450427, -80.091024 40.44905, -80.090108 40.446579, -80.090165 40.444162, -80.089237 40.443333, -80.084068 40.441929, -80.082883 40.440437, -80.080749 40.439738, -80.080375 40.439637, -80.086361 40.43957, -80.085666 40.438835, -80.089565 40.436278, -80.091229 40.437088, -80.092724 40.432345, -80.090384 40.430924, -80.092338 40.428465, -80.095276 40.429989, -80.096479 40.421262, -80.09943 40.421273, -80.09883 40.418162, -80.098004 40.417357, -80.097883 40.415111, -80.099985 40.411649, -80.099895 40.411031, -80.105889 40.413191, -80.109551 40.417696, -80.108915 40.4208, -80.110768 40.421285, -80.111508 40.42426, -80.115018 40.424462, -80.114616 40.426089, -80.120294 40.425687, -80.124554 40.426714, -80.128668 40.428295, -80.130955 40.429717, -80.13418 40.430592, -80.135049 40.430069, -80.139139 40.430434, -80.140411 40.431225, -80.145781 40.432162, -80.146924 40.432042, -80.149378 40.433093, -80.151656 40.433402, -80.155383 40.432336, -80.163507 40.424809, -80.168053 40.421914, -80.168868 40.423888, -80.168361 40.424847, -80.168614 40.427664, -80.169815 40.42912, -80.170552 40.432474, -80.17273 40.435522, -80.171511 40.43659), (-80.101408 40.42518, -80.099391 40.426842, -80.097777 40.428647, -80.098708 40.429354, -80.100849 40.430899, -80.104522 40.428971, -80.101408 40.42518))",7248,42,003,459201,"Allegheny County, Pennsylvania",5969,214,412,258,84141,264400,3749,3543,206,3543,2006,1537,5494,0,0,0,0,0,0,0,0,0,0,0,22,0,73,12,1323,198,114,587,502,1774,650,169,70
42003459202,"POLYGON ((-80.104522 40.428971, -80.100849 40.430899, -80.098708 40.429354, -80.097777 40.428647, -80.099391 40.426842, -80.101408 40.42518, -80.104522 40.428971))",655,42,003,459202,"Allegheny County, Pennsylvania",608,13,12,12,69167,157100,500,474,26,474,337,137,567,0,0,0,0,0,0,5,0,4,0,0,0,0,0,2,86,2,32,57,37,209,113,11,9
42003460001,"POLYGON ((-80.125909 40.48997, -80.117609 40.501701, -80.115923 40.50396, -80.103434 40.500883, -80.099135 40.49943, -80.099697 40.498159, -80.099882 40.494841, -80.091415 40.491742, -80.087605 40.486357, -80.087503 40.485692, -80.083641 40.480028, -80.083456 40.479782, -80.084145 40.475713, -80.090554 40.475022, -80.093585 40.474088, -80.096021 40.475141, -80.101165 40.476387, -80.104085 40.479559, -80.104585 40.480172, -80.105305 40.480704, -80.107334 40.481347, -80.112878 40.482152, -80.116201 40.481897, -80.120858 40.480369, -80.123453 40.485646, -80.125909 40.48997))",4842,42,003,460001,"Allegheny County, Pennsylvania",4398,267,19,29,85184,235600,2188,2141,47,2141,1866,275,3917,146,0,0,0,0,0,0,0,0,0,20,0,13,0,17,1156,107,332,281,267,846,565,17,150
42003460002,"POLYGON ((-80.120858 40.480369, -80.116201 40.481897, -80.112878 40.482152, -80.107334 40.481347, -80.105305 40.480704, -80.104585 40.480172, -80.104085 40.479559, -80.101165 40.476387, -80.096021 40.475141, -80.093585 40.474088, -80.090554 40.475022, -80.084145 40.475713, -80.083902 40.475644, -80.082121 40.474645, -80.080499 40.472038, -80.079147 40.471038, -80.079659 40.469179, -80.081912 40.470045, -80.083464 40.467646, -80.07981 40.466689, -80.079498 40.465035, -80.077649 40.4658, -80.077697 40.464736, -80.079934 40.463366, -80.081453 40.460619, -80.083913 40.459466, -80.086782 40.459856, -80.094684 40.45967, -80.095139 40.459269, -80.095328 40.457495, -80.0945 40.451331, -80.093375 40.450754, -80.104476 40.448177, -80.110029 40.451451, -80.11135 40.453029, -80.112671 40.454359, -80.112383 40.45624, -80.112287 40.458078, -80.113345 40.460619, -80.112071 40.46347, -80.113015 40.465808, -80.113216 40.466566, -80.115515 40.469172, -80.117484 40.473695, -80.120343 40.479499, -80.120858 40.480369))",3707,42,003,460002,"Allegheny County, Pennsylvania",3304,215,60,117,95964,269000,1679,1581,98,1581,1144,437,2912,51,0,0,0,0,0,0,6,0,0,59,0,11,0,28,792,42,99,274,154,875,355,87,79
42003461000,"POLYGON ((-80.159765 40.523231, -80.152511 40.521677, -80.147264 40.520404, -80.143468 40.519068, -80.137723 40.516329, -80.13418 40.515342, -80.128859 40.514808, -80.120288 40.51314, -80.112504 40.511842, -80.108363 40.510521, -80.098576 40.506969, -80.09163 40.503846, -80.089504 40.5032, -80.087668 40.502611, -80.081451 40.501439, -80.077795 40.500184, -80.075005 40.498395, -80.068862 40.493697, -80.067526 40.492271, -80.07818 40.4911, -80.079888 40.491317, -80.081037 40.491511, -80.091615 40.496614, -80.099135 40.49943, -80.103434 40.500883, -80.115923 40.50396, -80.120993 40.504825, -80.125528 40.505868, -80.133207 40.508509, -80.138102 40.511297, -80.143707 40.513462, -80.149637 40.514918, -80.152402 40.516161, -80.154309 40.517278, -80.159474 40.521037, -80.16148 40.523803, -80.159765 40.523231))",1085,42,003,461000,"Allegheny County, Pennsylvania",1001,30,0,46,61094,170900,614,594,20,594,314,280,848,0,0,0,0,0,0,0,0,7,0,3,0,0,4,0,260,36,61,105,113,191,62,3,3
42003462100,"POLYGON ((-80.099697 40.498159, -80.099135 40.49943, -80.091615 40.496614, -80.081037 40.491511, -80.079888 40.491317, -80.07818 40.4911, -80.067526 40.492271, -80.066235 40.490968, -80.063596 40.488932, -80.054641 40.48297, -80.053179 40.48217, -80.051722 40.481287, -80.048394 40.477106, -80.047862 40.475814, -80.060451 40.475728, -80.061877 40.475756, -80.065205 40.475723, -80.065261 40.475723, -80.066164 40.476555, -80.071266 40.474705, -80.075717 40.478006, -80.082967 40.479612, -80.082896 40.480081, -80.083456 40.479782, -80.083641 40.480028, -80.087503 40.485692, -80.087605 40.486357, -80.091415 40.491742, -80.099882 40.494841, -80.099697 40.498159))",2504,42,003,462100,"Allegheny County, Pennsylvania",1700,769,17,0,38969,132300,1295,1158,137,1158,720,438,1677,123,0,0,0,0,0,0,0,0,0,0,0,0,1,18,646,136,200,55,159,248,72,0,19
42003462600,"POLYGON ((-80.084145 40.475713, -80.083456 40.479782, -80.082896 40.480081, -80.082967 40.479612, -80.075717 40.478006, -80.071266 40.474705, -80.066164 40.476555, -80.065261 40.475723, -80.065692 40.470956, -80.067571 40.470485, -80.068946 40.470132, -80.070994 40.469599, -80.073161 40.468918, -80.076095 40.470348, -80.078144 40.470097, -80.079147 40.471038, -80.080499 40.472038, -80.082121 40.474645, -80.083902 40.475644, -80.084145 40.475713))",3790,42,003,462600,"Allegheny County, Pennsylvania",2263,1154,0,80,57878,96600,1950,1689,261,1689,754,935,2637,54,0,0,0,0,0,0,0,0,0,3,61,13,36,7,733,179,272,391,366,428,83,0,11
42003463900,"POLYGON ((-80.081912 40.470045, -80.079659 40.469179, -80.079147 40.471038, -80.078144 40.470097, -80.076095 40.470348, -80.073161 40.468918, -80.070994 40.469599, -80.068946 40.470132, -80.067571 40.470485, -80.067146 40.469637, -80.066287 40.468864, -80.065641 40.467751, -80.066065 40.464395, -80.066029 40.46344, -80.066203 40.461635, -80.068551 40.460787, -80.07189 40.461252, -80.074234 40.463127, -80.074891 40.463685, -80.076707 40.464695, -80.077697 40.464736, -80.077649 40.4658, -80.079498 40.465035, -80.07981 40.466689, -80.083464 40.467646, -80.081912 40.470045))",3053,42,003,463900,"Allegheny County, Pennsylvania",1582,730,11,304,49696,71400,1711,1439,272,1439,725,714,2357,0,0,0,0,0,0,0,0,0,11,0,13,32,52,9,1315,80,150,379,129,86,70,0,31
42003464300,"POLYGON ((-80.078505 40.446527, -80.076534 40.448007, -80.073149 40.448653, -80.072945 40.448325, -80.068616 40.447845, -80.066194 40.449381, -80.064007 40.447625, -80.062611 40.447233, -80.061901 40.447807, -80.060935 40.446707, -80.058497 40.444588, -80.055371 40.443936, -80.060664 40.442081, -80.061216 40.440632, -80.062681 40.441886, -80.066092 40.442016, -80.073172 40.441084, -80.074064 40.440335, -80.076352 40.441808, -80.077437 40.444188, -80.078505 40.446527))",3299,42,003,464300,"Allegheny County, Pennsylvania",2655,348,45,41,71154,156800,1534,1534,0,1534,927,607,2337,0,0,0,0,0,0,0,0,0,0,0,0,52,47,0,689,19,163,422,340,480,105,5,15
42003464400,"POLYGON ((-80.067571 40.470485, -80.065692 40.470956, -80.065261 40.475723, -80.065205 40.475723, -80.061877 40.475756, -80.060451 40.475728, -80.047862 40.475814, -80.046841 40.472395, -80.050265 40.469281, -80.051178 40.465599, -80.053359 40.464964, -80.058485 40.463447, -80.060835 40.464184, -80.066203 40.461635, -80.066029 40.46344, -80.066065 40.464395, -80.065641 40.467751, -80.066287 40.468864, -80.067146 40.469637, -80.067571 40.470485))",2733,42,003,464400,"Allegheny County, Pennsylvania",1559,547,33,0,26000,82200,1617,1274,343,1274,397,877,2113,26,0,0,0,0,0,0,0,0,0,0,0,77,5,2,853,89,312,226,303,204,16,0,0
42003465600,"POLYGON ((-80.080136 40.440682, -80.076352 40.441808, -80.074064 40.440335, -80.073172 40.441084, -80.066092 40.442016, -80.062681 40.441886, -80.061216 40.440632, -80.057596 40.437534, -80.059123 40.437135, -80.060291 40.435566, -80.06123 40.436838, -80.061235 40.435619, -80.06567 40.433357, -80.067632 40.435366, -80.067566 40.436358, -80.066962 40.437902, -80.068681 40.438197, -80.069538 40.436601, -80.073998 40.435293, -80.079811 40.440293, -80.080612 40.440118, -80.080136 40.440682))",2370,42,003,465600,"Allegheny County, Pennsylvania",1894,290,53,123,42352,200400,1432,1319,113,1319,519,800,1867,19,0,0,0,0,0,0,0,0,0,18,0,0,12,23,546,27,112,252,128,427,275,28,0
42003465800,"POLYGON ((-80.086335 40.428388, -80.085297 40.429894, -80.083765 40.430866, -80.080377 40.432072, -80.076386 40.431686, -80.075374 40.434219, -80.078129 40.43863, -80.080375 40.439637, -80.080749 40.439738, -80.080612 40.440118, -80.079811 40.440293, -80.073998 40.435293, -80.069538 40.436601, -80.068681 40.438197, -80.066962 40.437902, -80.067566 40.436358, -80.067632 40.435366, -80.06567 40.433357, -80.061235 40.435619, -80.06123 40.436838, -80.060291 40.435566, -80.059123 40.437135, -80.057285 40.431572, -80.057907 40.431459, -80.059154 40.429331, -80.062166 40.429049, -80.063141 40.427914, -80.065546 40.430349, -80.06858 40.431358, -80.070567 40.428629, -80.073207 40.426039, -80.073882 40.425463, -80.080519 40.423723, -80.085542 40.423842, -80.084993 40.424585, -80.086698 40.425484, -80.086335 40.428388))",3591,42,003,465800,"Allegheny County, Pennsylvania",2888,316,121,156,83500,201400,1876,1700,176,1700,1160,540,2569,19,0,0,0,0,0,0,0,0,0,0,15,13,0,17,499,37,149,213,672,630,156,85,64
42003468700,"POLYGON ((-80.09883 40.418162, -80.092073 40.4202, -80.088463 40.418885, -80.085948 40.41695, -80.084422 40.417505, -80.079472 40.41482, -80.080529 40.412909, -80.078901 40.411303, -80.080053 40.41197, -80.083645 40.408815, -80.083643 40.408879, -80.088029 40.406735, -80.088531 40.406509, -80.089056 40.407318, -80.090838 40.408235, -80.093192 40.410585, -80.094719 40.413068, -80.097883 40.415111, -80.098004 40.417357, -80.09883 40.418162))",1895,42,003,468700,"Allegheny County, Pennsylvania",1620,85,24,7,84135,173500,911,843,68,843,510,333,1379,28,0,0,0,0,0,0,0,0,11,0,6,17,18,7,418,15,104,115,149,346,101,34,10
42003468800,"POLYGON ((-80.099985 40.411649, -80.097883 40.415111, -80.094719 40.413068, -80.093192 40.410585, -80.090838 40.408235, -80.089056 40.407318, -80.088531 40.406509, -80.088029 40.406735, -80.087027 40.404174, -80.086979 40.403258, -80.088615 40.402195, -80.090585 40.401444, -80.096882 40.400433, -80.09854 40.399976, -80.099004 40.403927, -80.099895 40.411031, -80.099985 40.411649))",2500,42,003,468800,"Allegheny County, Pennsylvania",2147,169,101,17,64479,161100,1477,1423,54,1423,840,583,2068,52,0,0,0,9,0,0,0,0,0,0,0,0,0,87,516,51,109,241,307,485,158,42,11
42003468900,"POLYGON ((-80.088029 40.406735, -80.083643 40.408879, -80.083645 40.408815, -80.080053 40.41197, -80.078901 40.411303, -80.073282 40.407789, -80.070257 40.406397, -80.069057 40.404612, -80.068241 40.402673, -80.067424 40.400977, -80.069667 40.398562, -80.074259 40.399181, -80.079881 40.399872, -80.082596 40.398991, -80.08668 40.398683, -80.086979 40.403258, -80.087027 40.404174, -80.088029 40.406735))",3583,42,003,468900,"Allegheny County, Pennsylvania",2607,574,93,150,61708,176000,2139,1951,188,1951,906,1045,2734,1,0,78,0,0,0,0,31,0,0,18,0,0,38,0,491,87,215,352,346,779,226,30,42
42003469000,"POLYGON ((-80.073862 40.413399, -80.071908 40.415617, -80.066552 40.416665, -80.0661 40.417301, -80.066882 40.420621, -80.067164 40.422884, -80.065514 40.425117, -80.063726 40.426375, -80.057235 40.426439, -80.053773 40.427938, -80.047381 40.425957, -80.046592 40.427031, -80.046643 40.42942, -80.042705 40.428674, -80.04315 40.428044, -80.04169 40.428987, -80.038371 40.427846, -80.034827 40.428358, -80.039617 40.42067, -80.043725 40.414052, -80.047599 40.40778, -80.051202 40.401943, -80.056021 40.404201, -80.070329 40.410827, -80.074441 40.413078, -80.073862 40.413399))",4833,42,003,469000,"Allegheny County, Pennsylvania",4130,130,336,0,92422,251900,2545,2432,113,2432,1827,605,3887,25,0,12,0,0,0,0,0,0,0,0,0,1,0,10,833,30,214,446,318,1255,605,92,46
42003470300,"POLYGON ((-80.098288 40.387337, -80.097455 40.387861, -80.092591 40.38855, -80.090202 40.387187, -80.085077 40.386075, -80.083559 40.386535, -80.080345 40.39027, -80.079027 40.390899, -80.073805 40.390784, -80.071545 40.391535, -80.06876 40.39195, -80.0689 40.38889, -80.073985 40.388176, -80.071555 40.385451, -80.069078 40.386789, -80.069414 40.3833, -80.06875 40.382957, -80.068875 40.382785, -80.0676 40.38138, -80.067642 40.380916, -80.067608 40.380702, -80.067215 40.379826, -80.069164 40.378494, -80.067481 40.37645, -80.068123 40.376058, -80.069566 40.378235, -80.079034 40.376392, -80.084111 40.377106, -80.079467 40.372802, -80.0792 40.371632, -80.082558 40.371759, -80.084137 40.368318, -80.085573 40.369313, -80.092743 40.37446, -80.094378 40.374788, -80.093034 40.378485, -80.090378 40.382455, -80.091068 40.384064, -80.091241 40.382564, -80.093241 40.38255, -80.092147 40.384536, -80.096229 40.385136, -80.099678 40.384697, -80.098288 40.387337))",3874,42,003,470300,"Allegheny County, Pennsylvania",3543,125,57,10,77043,245300,1946,1783,163,1783,1331,452,3158,3,0,0,0,0,0,0,0,0,0,0,0,36,57,5,721,45,248,152,353,968,431,106,33
42003470400,"POLYGON ((-80.098214 40.373429, -80.094372 40.37808, -80.093241 40.38255, -80.091241 40.382564, -80.091068 40.384064, -80.090378 40.382455, -80.093034 40.378485, -80.094378 40.374788, -80.092743 40.37446, -80.085573 40.369313, -80.084137 40.368318, -80.082558 40.371759, -80.0792 40.371632, -80.078 40.369648, -80.076551 40.368183, -80.073591 40.365497, -80.072664 40.363778, -80.072816 40.363434, -80.081414 40.36428, -80.083499 40.36306, -80.085684 40.36304, -80.086937 40.363981, -80.087513 40.362244, -80.093033 40.362073, -80.094827 40.362792, -80.095184 40.363368, -80.094685 40.364319, -80.094576 40.368606, -80.098214 40.373429))",3071,42,003,470400,"Allegheny County, Pennsylvania",2655,0,49,291,118299,247600,1437,1375,62,1375,1253,122,2309,13,0,0,0,0,0,0,0,0,0,0,0,0,8,0,522,43,130,191,344,622,362,42,32
42003470501,"POLYGON ((-80.066339 40.395354, -80.064982 40.399699, -80.064587 40.400167, -80.063197 40.401304, -80.061482 40.402504, -80.056021 40.404201, -80.051202 40.401943, -80.051705 40.400668, -80.054892 40.400954, -80.054119 40.39649, -80.056237 40.395597, -80.054437 40.392826, -80.056983 40.392372, -80.059135 40.390814, -80.063486 40.393059, -80.065692 40.393257, -80.066339 40.395354))",4719,42,003,470501,"Allegheny County, Pennsylvania",2378,68,1905,23,89394,171600,2377,2272,105,2272,673,1599,3326,0,0,0,0,0,0,0,0,0,13,0,0,0,21,7,415,71,86,239,167,1168,1068,71,0
42003470502,"POLYGON ((-80.079472 40.41482, -80.079297 40.416091, -80.078659 40.416462, -80.075831 40.41472, -80.073862 40.413399, -80.074441 40.413078, -80.070329 40.410827, -80.056021 40.404201, -80.061482 40.402504, -80.063197 40.401304, -80.064587 40.400167, -80.064982 40.399699, -80.066339 40.395354, -80.065692 40.393257, -80.067857 40.392176, -80.06876 40.39195, -80.071545 40.391535, -80.073805 40.390784, -80.075859 40.392461, -80.077117 40.39739, -80.076058 40.398662, -80.074259 40.399181, -80.069667 40.398562, -80.067424 40.400977, -80.068241 40.402673, -80.069057 40.404612, -80.070257 40.406397, -80.073282 40.407789, -80.078901 40.411303, -80.080529 40.412909, -80.079472 40.41482))",2812,42,003,470502,"Allegheny County, Pennsylvania",2494,81,56,40,115028,269400,1331,1144,187,1144,1047,97,2285,24,0,0,0,0,0,6,0,0,0,0,0,7,24,10,471,26,69,196,194,750,348,63,97
42003470600,"POLYGON ((-80.100167 40.397838, -80.09854 40.399976, -80.096882 40.400433, -80.090585 40.401444, -80.088615 40.402195, -80.086979 40.403258, -80.08668 40.398683, -80.082596 40.398991, -80.079881 40.399872, -80.074259 40.399181, -80.076058 40.398662, -80.077117 40.39739, -80.075859 40.392461, -80.073805 40.390784, -80.079027 40.390899, -80.080345 40.39027, -80.083559 40.386535, -80.085077 40.386075, -80.090202 40.387187, -80.08836 40.387582, -80.086687 40.389255, -80.086059 40.392036, -80.08734 40.394381, -80.088035 40.394919, -80.089276 40.395131, -80.092571 40.395104, -80.099103 40.393891, -80.099647 40.393934, -80.10027 40.394375, -80.100167 40.397838))",2794,42,003,470600,"Allegheny County, Pennsylvania",2367,178,100,30,62357,155100,1560,1396,164,1396,844,552,2350,24,28,0,0,0,0,0,0,0,0,0,13,0,67,18,788,134,82,235,276,595,56,34,0
42003471000,"POLYGON ((-80.099103 40.393891, -80.092571 40.395104, -80.089276 40.395131, -80.088035 40.394919, -80.08734 40.394381, -80.086059 40.392036, -80.086687 40.389255, -80.08836 40.387582, -80.090202 40.387187, -80.092591 40.38855, -80.097455 40.387861, -80.099103 40.393891))",1234,42,003,471000,"Allegheny County, Pennsylvania",1133,29,8,4,67829,150200,761,675,86,675,465,210,1011,0,0,0,0,0,0,0,0,0,0,0,4,11,3,4,368,11,65,143,154,166,59,0,23
42003472100,"POLYGON ((-80.041853 40.399433, -80.039818 40.401279, -80.036343 40.404261, -80.035583 40.40429, -80.035622 40.401698, -80.036579 40.400809, -80.032482 40.401729, -80.031976 40.401043, -80.031757 40.400089, -80.02939 40.397205, -80.031144 40.396613, -80.032339 40.396245, -80.034274 40.395033, -80.03586 40.39715, -80.038327 40.395462, -80.039492 40.396922, -80.04086 40.398093, -80.041853 40.399433))",2260,42,003,472100,"Allegheny County, Pennsylvania",1774,230,0,110,77809,206300,1294,1186,108,1186,620,566,1735,1,0,0,0,0,7,0,13,0,0,0,0,0,9,19,290,28,40,114,373,611,157,61,12
42003472200,"POLYGON ((-80.046476 40.395739, -80.044882 40.39906, -80.044625 40.399088, -80.041853 40.399433, -80.04086 40.398093, -80.039492 40.396922, -80.038327 40.395462, -80.03586 40.39715, -80.034274 40.395033, -80.034621 40.394795, -80.036087 40.393741, -80.037567 40.392476, -80.03868 40.391548, -80.041598 40.389548, -80.043133 40.389879, -80.04625 40.393789, -80.046476 40.395739))",2196,42,003,472200,"Allegheny County, Pennsylvania",1902,160,8,36,78056,231500,1237,1188,49,1188,656,532,1799,2,0,0,0,0,0,0,12,0,0,1,0,0,10,1,381,43,80,330,89,491,224,26,109
42003472300,"POLYGON ((-80.036087 40.393741, -80.034621 40.394795, -80.034274 40.395033, -80.032339 40.396245, -80.031144 40.396613, -80.030698 40.395351, -80.030767 40.395007, -80.028696 40.391296, -80.031095 40.390567, -80.033625 40.389801, -80.032792 40.388242, -80.034506 40.388402, -80.034533 40.389552, -80.035227 40.390489, -80.037567 40.392476, -80.036087 40.393741))",1799,42,003,472300,"Allegheny County, Pennsylvania",1635,58,11,81,85784,212700,1089,943,146,943,527,416,1442,16,0,0,0,0,0,0,0,0,0,0,0,6,65,29,221,30,64,155,113,548,122,37,36
42003472400,"POLYGON ((-80.041598 40.389548, -80.03868 40.391548, -80.037567 40.392476, -80.035227 40.390489, -80.034533 40.389552, -80.034506 40.388402, -80.03511 40.386471, -80.036762 40.384342, -80.038864 40.383017, -80.040918 40.385939, -80.040593 40.38673, -80.04292 40.388366, -80.041598 40.389548))",1808,42,003,472400,"Allegheny County, Pennsylvania",1728,5,5,97,88684,230900,831,796,35,796,726,70,1313,4,0,0,0,0,0,0,0,0,0,0,9,4,10,9,195,79,50,97,87,476,180,101,12
42003473100,"POLYGON ((-80.059135 40.390814, -80.056983 40.392372, -80.054437 40.392826, -80.056237 40.395597, -80.054119 40.39649, -80.054892 40.400954, -80.051705 40.400668, -80.051202 40.401943, -80.044882 40.39906, -80.046476 40.395739, -80.04625 40.393789, -80.043133 40.389879, -80.041598 40.389548, -80.04292 40.388366, -80.043713 40.386908, -80.045208 40.386771, -80.047776 40.386362, -80.053438 40.384934, -80.054809 40.387189, -80.055952 40.388166, -80.057128 40.388459, -80.057682 40.388835, -80.059135 40.390814))",4591,42,003,473100,"Allegheny County, Pennsylvania",3968,6,132,26,121111,411100,2123,1936,187,1936,1260,676,3112,7,0,0,0,0,0,0,0,0,0,0,46,0,0,0,277,14,95,150,173,1248,576,364,162
42003473200,"POLYGON ((-80.053438 40.384934, -80.047776 40.386362, -80.045208 40.386771, -80.043713 40.386908, -80.043996 40.385621, -80.043811 40.384381, -80.043751 40.383923, -80.04427 40.381502, -80.044453 40.380679, -80.047605 40.375729, -80.048885 40.373344, -80.052558 40.380269, -80.052337 40.382203, -80.052447 40.382875, -80.052914 40.384111, -80.053438 40.384934))",3228,42,003,473200,"Allegheny County, Pennsylvania",2688,68,105,199,82629,299000,1674,1589,85,1589,821,768,2475,1,0,0,0,0,11,0,0,0,0,12,0,16,0,1,302,21,149,266,146,653,609,122,166
42003473300,"POLYGON ((-80.04427 40.381502, -80.043751 40.383923, -80.043811 40.384381, -80.043996 40.385621, -80.043713 40.386908, -80.04292 40.388366, -80.040593 40.38673, -80.040918 40.385939, -80.038864 40.383017, -80.036762 40.384342, -80.03511 40.386471, -80.034506 40.388402, -80.032792 40.388242, -80.033625 40.389801, -80.031095 40.390567, -80.028696 40.391296, -80.027778 40.39155, -80.026478 40.39085, -80.021313 40.388118, -80.022282 40.38815, -80.023131 40.38711, -80.020219 40.386701, -80.020169 40.383733, -80.021181 40.382572, -80.022757 40.380759, -80.023023 40.379506, -80.023451 40.377457, -80.021214 40.376594, -80.022459 40.375226, -80.018476 40.371748, -80.021714 40.369568, -80.027921 40.367983, -80.030216 40.369276, -80.031935 40.370415, -80.032882 40.371312, -80.036409 40.375171, -80.036502 40.376041, -80.037872 40.376423, -80.040724 40.377713, -80.042931 40.380305, -80.044453 40.380679, -80.04427 40.381502))",5809,42,003,473300,"Allegheny County, Pennsylvania",5392,68,158,157,135131,338100,2611,2411,200,2411,1750,661,4240,39,0,0,0,0,0,0,0,0,0,0,1,0,0,0,620,102,110,353,280,1621,772,113,229
42003473401,"POLYGON ((-80.049415 40.371787, -80.048885 40.373344, -80.047605 40.375729, -80.044453 40.380679, -80.042931 40.380305, -80.040724 40.377713, -80.037872 40.376423, -80.036502 40.376041, -80.036409 40.375171, -80.032882 40.371312, -80.031935 40.370415, -80.038411 40.368771, -80.03787 40.368292, -80.040458 40.367399, -80.044782 40.363878, -80.045693 40.363473, -80.046922 40.363197, -80.047935 40.364042, -80.049293 40.368065, -80.049496 40.371139, -80.049415 40.371787))",3935,42,003,473401,"Allegheny County, Pennsylvania",3492,36,97,29,123716,521000,1625,1534,91,1534,937,597,2632,22,0,0,0,0,0,0,0,0,0,0,8,0,0,0,258,85,62,377,128,876,512,235,69
42003473402,"POLYGON ((-80.050316 40.353059, -80.050396 40.357338, -80.046775 40.361385, -80.046922 40.363197, -80.045693 40.363473, -80.044782 40.363878, -80.040458 40.367399, -80.03787 40.368292, -80.032549 40.363546, -80.030367 40.362236, -80.030997 40.361162, -80.033602 40.362611, -80.034179 40.362143, -80.035722 40.3608, -80.037086 40.356366, -80.036687 40.354879, -80.033428 40.355139, -80.03377 40.354447, -80.037838 40.353625, -80.039688 40.351783, -80.042661 40.352723, -80.050809 40.351114, -80.050316 40.353059))",3794,42,003,473402,"Allegheny County, Pennsylvania",3609,0,66,51,138561,405500,1596,1490,106,1490,1142,348,2673,2,0,0,0,0,0,0,0,0,0,0,0,0,6,0,270,17,137,186,243,975,586,172,79
42003473500,"POLYGON ((-80.063181 40.363692, -80.061236 40.366478, -80.061298 40.367608, -80.060118 40.370549, -80.057498 40.373873, -80.056686 40.375121, -80.055384 40.37768, -80.052558 40.380269, -80.048885 40.373344, -80.049415 40.371787, -80.049496 40.371139, -80.049293 40.368065, -80.047935 40.364042, -80.046922 40.363197, -80.046775 40.361385, -80.050396 40.357338, -80.050316 40.353059, -80.050809 40.351114, -80.05117 40.351043, -80.050924 40.353007, -80.064343 40.361749, -80.063181 40.363692))",3647,42,003,473500,"Allegheny County, Pennsylvania",3120,32,86,233,166641,470500,1334,1205,129,1205,1119,86,2390,23,0,0,0,0,0,0,0,0,0,0,0,0,0,7,185,0,69,165,139,702,687,274,139
42003473601,"POLYGON ((-80.073985 40.388176, -80.0689 40.38889, -80.06876 40.39195, -80.067857 40.392176, -80.065692 40.393257, -80.063486 40.393059, -80.059135 40.390814, -80.057682 40.388835, -80.057128 40.388459, -80.055952 40.388166, -80.054809 40.387189, -80.053438 40.384934, -80.052914 40.384111, -80.052447 40.382875, -80.052337 40.382203, -80.052558 40.380269, -80.055384 40.37768, -80.056686 40.375121, -80.057893 40.374919, -80.064274 40.377435, -80.064747 40.378203, -80.067431 40.381178, -80.067608 40.380702, -80.067642 40.380916, -80.0676 40.38138, -80.068875 40.382785, -80.06875 40.382957, -80.069414 40.3833, -80.069078 40.386789, -80.071555 40.385451, -80.073985 40.388176))",4005,42,003,473601,"Allegheny County, Pennsylvania",3419,105,85,80,152833,442500,1713,1604,109,1604,1407,197,2914,2,0,0,0,0,0,0,0,0,6,0,31,15,0,4,237,13,114,109,147,876,842,261,257
42003473602,"POLYGON ((-80.084111 40.377106, -80.079034 40.376392, -80.069566 40.378235, -80.068123 40.376058, -80.067481 40.37645, -80.069164 40.378494, -80.067215 40.379826, -80.067608 40.380702, -80.067431 40.381178, -80.064747 40.378203, -80.064274 40.377435, -80.057893 40.374919, -80.056686 40.375121, -80.057498 40.373873, -80.060118 40.370549, -80.061298 40.367608, -80.061236 40.366478, -80.063181 40.363692, -80.064343 40.361749, -80.070512 40.3635, -80.072664 40.363778, -80.073591 40.365497, -80.076551 40.368183, -80.078 40.369648, -80.0792 40.371632, -80.079467 40.372802, -80.084111 40.377106))",4361,42,003,473602,"Allegheny County, Pennsylvania",3367,90,565,0,111208,290000,1964,1877,87,1877,1431,446,3419,16,0,0,0,0,176,0,0,0,13,0,0,1,20,0,605,25,101,254,179,992,733,154,150
42003474101,"POLYGON ((-80.097562 40.35791, -80.095333 40.36217, -80.095184 40.363368, -80.094827 40.362792, -80.093033 40.362073, -80.087513 40.362244, -80.086937 40.363981, -80.085684 40.36304, -80.083499 40.36306, -80.081414 40.36428, -80.072816 40.363434, -80.072664 40.363778, -80.070512 40.3635, -80.064343 40.361749, -80.050924 40.353007, -80.05117 40.351043, -80.052877 40.350735, -80.054273 40.34741, -80.05463 40.34665, -80.055055 40.347018, -80.058809 40.34917, -80.061053 40.34974, -80.06335 40.352757, -80.065526 40.357076, -80.071031 40.357815, -80.071854 40.358307, -80.071426 40.356595, -80.073499 40.355227, -80.07399 40.34885, -80.0803 40.345596, -80.082181 40.345057, -80.082991 40.348308, -80.086913 40.352054, -80.08889 40.35475, -80.09107 40.35582, -80.095389 40.356291, -80.099032 40.357583, -80.097562 40.35791))",4342,42,003,474101,"Allegheny County, Pennsylvania",3594,15,340,117,157857,390200,1521,1498,23,1498,1353,145,2868,0,0,0,0,0,0,0,0,0,0,0,0,22,7,30,185,31,77,153,168,1137,766,179,113
42003474102,"POLYGON ((-80.082181 40.345057, -80.0803 40.345596, -80.07399 40.34885, -80.073499 40.355227, -80.071426 40.356595, -80.071854 40.358307, -80.071031 40.357815, -80.065526 40.357076, -80.06335 40.352757, -80.061053 40.34974, -80.058809 40.34917, -80.055055 40.347018, -80.05463 40.34665, -80.056514 40.34282, -80.05835 40.33708, -80.061584 40.328961, -80.063327 40.324796, -80.067693 40.314137, -80.070602 40.314936, -80.072174 40.318514, -80.070999 40.320975, -80.067763 40.323643, -80.065489 40.324744, -80.06618 40.327759, -80.066522 40.32855, -80.069889 40.331877, -80.071701 40.334012, -80.077932 40.339208, -80.078036 40.340281, -80.078242 40.341308, -80.080836 40.342834, -80.082181 40.345057))",3647,42,003,474102,"Allegheny County, Pennsylvania",3166,148,179,0,201332,494000,1482,1343,139,1343,1153,190,2514,48,0,0,0,0,0,0,0,0,0,0,2,0,0,32,214,17,34,131,54,1056,630,197,99
42003474201,"POLYGON ((-80.114889 40.335229, -80.112603 40.338796, -80.107996 40.346867, -80.108009 40.348283, -80.110101 40.348924, -80.110129 40.351565, -80.108027 40.351418, -80.105828 40.348845, -80.102513 40.349318, -80.099272 40.349431, -80.098071 40.350006, -80.095619 40.353265, -80.090229 40.350431, -80.087691 40.352387, -80.095248 40.35539, -80.095389 40.356291, -80.09107 40.35582, -80.08889 40.35475, -80.086913 40.352054, -80.082991 40.348308, -80.082181 40.345057, -80.080836 40.342834, -80.078242 40.341308, -80.078036 40.340281, -80.079276 40.340516, -80.081126 40.33962, -80.08625 40.339675, -80.087272 40.339036, -80.091164 40.338936, -80.092173 40.337921, -80.095657 40.337297, -80.097833 40.337776, -80.098528 40.340016, -80.097598 40.341131, -80.102694 40.343775, -80.103959 40.343524, -80.104761 40.340413, -80.106724 40.339117, -80.108565 40.336939, -80.111823 40.335428, -80.113471 40.331546, -80.114721 40.332299, -80.115415 40.33372, -80.114889 40.335229))",2650,42,003,474201,"Allegheny County, Pennsylvania",2149,38,383,19,166926,432400,965,933,32,933,887,46,1966,39,0,0,0,0,0,0,0,0,0,0,0,0,0,0,133,68,53,90,114,818,444,146,61
42003474202,"POLYGON ((-80.118223 40.317138, -80.115855 40.318859, -80.115583 40.322936, -80.114212 40.323064, -80.112405 40.324586, -80.109722 40.323969, -80.10561 40.324986, -80.103399 40.325221, -80.101487 40.326754, -80.100697 40.328154, -80.10162 40.331243, -80.101034 40.332489, -80.104966 40.332509, -80.108704 40.33147, -80.113471 40.331546, -80.111823 40.335428, -80.108565 40.336939, -80.106724 40.339117, -80.104761 40.340413, -80.103959 40.343524, -80.102694 40.343775, -80.097598 40.341131, -80.098528 40.340016, -80.097833 40.337776, -80.095657 40.337297, -80.092173 40.337921, -80.091164 40.338936, -80.087272 40.339036, -80.08625 40.339675, -80.081126 40.33962, -80.079276 40.340516, -80.078036 40.340281, -80.077932 40.339208, -80.071701 40.334012, -80.069889 40.331877, -80.066522 40.32855, -80.06618 40.327759, -80.072392 40.327432, -80.074104 40.326908, -80.075638 40.327298, -80.081642 40.324875, -80.084686 40.323082, -80.086372 40.321454, -80.087854 40.319031, -80.09181 40.308716, -80.094945 40.305907, -80.095612 40.306184, -80.109712 40.310276, -80.116278 40.312659, -80.116448 40.315533, -80.118223 40.317138))",5581,42,003,474202,"Allegheny County, Pennsylvania",4779,62,541,108,154861,461900,2147,2084,63,2084,1565,519,3878,14,0,0,0,0,0,0,0,0,0,0,8,0,0,7,478,0,61,300,162,1644,734,345,125
42003474203,"POLYGON ((-80.09181 40.308716, -80.087854 40.319031, -80.086372 40.321454, -80.084686 40.323082, -80.081642 40.324875, -80.075638 40.327298, -80.074104 40.326908, -80.072392 40.327432, -80.06618 40.327759, -80.065489 40.324744, -80.067763 40.323643, -80.070999 40.320975, -80.072174 40.318514, -80.070602 40.314936, -80.067693 40.314137, -80.07096 40.306084, -80.07396 40.299837, -80.077004 40.300756, -80.094945 40.305907, -80.09181 40.308716))",4643,42,003,474203,"Allegheny County, Pennsylvania",4188,1,252,117,148281,380200,1721,1692,29,1692,1678,14,3198,0,0,0,0,0,0,0,0,0,3,15,0,13,0,0,370,0,105,165,169,1417,619,188,134
42003475101,"POLYGON ((-80.054273 40.34741, -80.052877 40.350735, -80.05117 40.351043, -80.050809 40.351114, -80.042661 40.352723, -80.039688 40.351783, -80.037838 40.353625, -80.03377 40.354447, -80.033428 40.355139, -80.028218 40.355858, -80.027249 40.353657, -80.027127 40.353474, -80.023043 40.350555, -80.023703 40.348839, -80.026631 40.347911, -80.027308 40.345993, -80.029586 40.345811, -80.031167 40.344651, -80.035105 40.342983, -80.038857 40.342028, -80.045708 40.338196, -80.046268 40.337294, -80.050684 40.33535, -80.051154 40.336436, -80.051172 40.337409, -80.053999 40.345698, -80.05463 40.34665, -80.054273 40.34741))",4564,42,003,475101,"Allegheny County, Pennsylvania",4386,49,30,11,81302,245900,2652,2417,235,2417,1242,1175,3843,17,0,0,14,0,0,0,0,0,6,7,7,19,16,83,924,140,197,444,279,1153,437,76,24
42003475102,"POLYGON ((-80.045708 40.338196, -80.038857 40.342028, -80.035105 40.342983, -80.031167 40.344651, -80.029586 40.345811, -80.027308 40.345993, -80.027384 40.344693, -80.025941 40.341836, -80.028358 40.340328, -80.028742 40.337093, -80.031003 40.334376, -80.035584 40.32974, -80.038368 40.328264, -80.038485 40.328274, -80.040431 40.327961, -80.040969 40.327732, -80.042593 40.32943, -80.04298 40.331182, -80.04389 40.335189, -80.046268 40.337294, -80.045708 40.338196))",1735,42,003,475102,"Allegheny County, Pennsylvania",1564,9,38,0,113036,242500,703,679,24,679,638,41,1305,8,0,0,0,0,0,0,9,0,0,0,0,4,6,47,282,65,69,154,121,350,157,17,16
42003475200,"POLYGON ((-80.07396 40.299837, -80.07096 40.306084, -80.067693 40.314137, -80.063327 40.324796, -80.061584 40.328961, -80.05835 40.33708, -80.056514 40.34282, -80.05463 40.34665, -80.053999 40.345698, -80.051172 40.337409, -80.051154 40.336436, -80.050684 40.33535, -80.046268 40.337294, -80.04389 40.335189, -80.04298 40.331182, -80.042593 40.32943, -80.040969 40.327732, -80.040431 40.327961, -80.038485 40.328274, -80.041177 40.326925, -80.04594 40.3258, -80.047053 40.325111, -80.047833 40.323483, -80.046898 40.319144, -80.047365 40.317754, -80.048355 40.316532, -80.05166 40.314203, -80.05294 40.313756, -80.064289 40.311937, -80.065882 40.311612, -80.067372 40.310716, -80.068089 40.309507, -80.067431 40.304766, -80.069276 40.300236, -80.069202 40.298298, -80.072381 40.299236, -80.07396 40.299837))",5246,42,003,475200,"Allegheny County, Pennsylvania",4876,18,190,94,117431,282500,2409,2288,121,2288,1861,427,4014,20,0,0,0,0,0,0,0,0,0,2,0,0,0,90,677,55,235,375,230,1418,747,96,69
42003475301,"POLYGON ((-80.047053 40.325111, -80.04594 40.3258, -80.041177 40.326925, -80.038485 40.328274, -80.038368 40.328264, -80.035584 40.32974, -80.031003 40.334376, -80.028742 40.337093, -80.028358 40.340328, -80.025941 40.341836, -80.026113 40.338729, -80.024335 40.336181, -80.024083 40.333595, -80.022032 40.330536, -80.022739 40.328533, -80.025626 40.327168, -80.025755 40.324773, -80.027006 40.321198, -80.027049 40.31887, -80.029409 40.315194, -80.03151 40.313481, -80.032997 40.311113, -80.037255 40.313265, -80.040892 40.31654, -80.044178 40.316243, -80.047074 40.317663, -80.047365 40.317754, -80.046898 40.319144, -80.047833 40.323483, -80.047053 40.325111))",4668,42,003,475301,"Allegheny County, Pennsylvania",3974,151,242,0,65917,233200,2306,2150,156,2150,1597,553,3411,0,0,0,0,0,0,0,0,0,0,0,0,0,0,3,668,41,137,379,471,1388,234,33,57
42003475303,"POLYGON ((-80.064289 40.311937, -80.05294 40.313756, -80.05166 40.314203, -80.048355 40.316532, -80.047365 40.317754, -80.047074 40.317663, -80.044178 40.316243, -80.040892 40.31654, -80.037255 40.313265, -80.032997 40.311113, -80.033066 40.308842, -80.032769 40.308106, -80.035087 40.307438, -80.035073 40.30637, -80.035978 40.305197, -80.039912 40.305277, -80.041421 40.300216, -80.04181 40.296971, -80.042413 40.297324, -80.046809 40.298156, -80.047398 40.299323, -80.051062 40.300411, -80.05769 40.304809, -80.058154 40.30535, -80.058751 40.30962, -80.06104 40.310959, -80.064289 40.311937))",4219,42,003,475303,"Allegheny County, Pennsylvania",4011,7,17,18,129662,301100,1753,1726,27,1726,1598,128,3173,0,0,0,0,0,0,0,0,0,0,8,0,8,0,26,589,21,132,242,399,1111,571,11,55
42003475304,"POLYGON ((-80.069276 40.300236, -80.067431 40.304766, -80.068089 40.309507, -80.067372 40.310716, -80.065882 40.311612, -80.064289 40.311937, -80.06104 40.310959, -80.058751 40.30962, -80.058154 40.30535, -80.05769 40.304809, -80.051062 40.300411, -80.047398 40.299323, -80.046809 40.298156, -80.042413 40.297324, -80.04181 40.296971, -80.041421 40.300216, -80.039912 40.305277, -80.035978 40.305197, -80.035073 40.30637, -80.035087 40.307438, -80.032769 40.308106, -80.030533 40.304283, -80.030557 40.302151, -80.029342 40.296322, -80.030841 40.293027, -80.03041 40.292006, -80.033269 40.28754, -80.033699 40.287674, -80.047271 40.291777, -80.069202 40.298298, -80.069276 40.300236))",5358,42,003,475304,"Allegheny County, Pennsylvania",5103,25,115,90,124987,303300,2381,2381,0,2381,1920,461,4098,29,0,0,0,0,0,0,0,0,0,0,0,16,0,1,538,44,192,247,451,1710,682,110,78
42003475401,"POLYGON ((-80.028482 40.357064, -80.022673 40.35745, -80.022841 40.358614, -80.022896 40.359083, -80.017084 40.359027, -80.011622 40.351993, -80.01152 40.351743, -80.010669 40.350452, -80.007731 40.346118, -80.006658 40.344751, -80.005624 40.342983, -79.998826 40.338736, -79.998059 40.338248, -80.001323 40.333292, -80.003034 40.330695, -80.009341 40.32112, -80.017259 40.325961, -80.022032 40.330536, -80.024083 40.333595, -80.024335 40.336181, -80.026113 40.338729, -80.025941 40.341836, -80.027384 40.344693, -80.027308 40.345993, -80.026631 40.347911, -80.023703 40.348839, -80.023043 40.350555, -80.027127 40.353474, -80.027249 40.353657, -80.028218 40.355858, -80.028482 40.357064))",3872,42,003,475401,"Allegheny County, Pennsylvania",3503,82,259,54,112313,283300,2016,1827,189,1827,1348,479,3141,13,0,0,0,0,0,0,8,0,0,0,0,0,16,92,535,49,82,259,317,962,604,56,148
42003475402,"POLYGON ((-80.032997 40.311113, -80.03151 40.313481, -80.029409 40.315194, -80.027049 40.31887, -80.027006 40.321198, -80.025755 40.324773, -80.025626 40.327168, -80.022739 40.328533, -80.022032 40.330536, -80.017259 40.325961, -80.009341 40.32112, -80.016248 40.310653, -80.021085 40.30352, -80.021147 40.302342, -80.023297 40.300515, -80.023822 40.298437, -80.025048 40.297786, -80.026827 40.294834, -80.03041 40.292006, -80.030841 40.293027, -80.029342 40.296322, -80.030557 40.302151, -80.030533 40.304283, -80.032769 40.308106, -80.033066 40.308842, -80.032997 40.311113))",3219,42,003,475402,"Allegheny County, Pennsylvania",3024,62,121,7,124205,285700,1452,1361,91,1361,1126,235,2341,0,0,0,0,0,0,0,0,0,0,24,0,0,0,0,393,0,172,320,257,880,247,15,33
42003476100,"POLYGON ((-80.038411 40.368771, -80.031935 40.370415, -80.030216 40.369276, -80.027921 40.367983, -80.021714 40.369568, -80.018476 40.371748, -80.022459 40.375226, -80.021214 40.376594, -80.019113 40.376021, -80.015932 40.37429, -80.014037 40.372323, -80.011879 40.374366, -80.010758 40.375365, -80.013676 40.376601, -80.016823 40.376845, -80.014981 40.378934, -80.012738 40.379517, -80.007899 40.378237, -80.00786 40.374996, -80.006708 40.374861, -80.00457 40.374218, -80.006362 40.373772, -80.010321 40.37035, -80.012715 40.368067, -80.0137 40.367316, -80.017424 40.365345, -80.022808 40.364498, -80.023687 40.364686, -80.027073 40.363225, -80.027989 40.361906, -80.028482 40.361051, -80.028737 40.360469, -80.028482 40.357064, -80.028218 40.355858, -80.033428 40.355139, -80.036687 40.354879, -80.037086 40.356366, -80.035722 40.3608, -80.034179 40.362143, -80.033602 40.362611, -80.030997 40.361162, -80.030367 40.362236, -80.032549 40.363546, -80.03787 40.368292, -80.038411 40.368771))",4870,42,003,476100,"Allegheny County, Pennsylvania",4114,105,224,309,59291,207400,2481,2261,220,2261,1048,1213,3534,24,0,0,0,0,0,0,0,0,0,0,0,43,45,0,773,116,186,473,470,995,367,0,42
42003476200,"POLYGON ((-80.028482 40.361051, -80.027989 40.361906, -80.027073 40.363225, -80.023687 40.364686, -80.022808 40.364498, -80.017424 40.365345, -80.0137 40.367316, -80.012715 40.368067, -80.010321 40.37035, -80.006362 40.373772, -80.00457 40.374218, -80.001586 40.374841, -80.001063 40.370918, -80.001547 40.370599, -80.007897 40.366614, -80.004877 40.36479, -80.008826 40.361046, -80.012733 40.361987, -80.015425 40.360296, -80.016409 40.358997, -80.017084 40.359027, -80.022896 40.359083, -80.022841 40.358614, -80.022673 40.35745, -80.028482 40.357064, -80.028737 40.360469, -80.028482 40.361051))",3339,42,003,476200,"Allegheny County, Pennsylvania",3025,138,21,36,83682,180500,1606,1527,79,1527,1191,336,2617,0,0,0,15,0,0,0,15,0,0,0,0,0,32,24,736,106,149,290,375,638,148,4,85
42003477100,"POLYGON ((-80.016409 40.358997, -80.015425 40.360296, -80.012733 40.361987, -80.008826 40.361046, -80.004877 40.36479, -80.007897 40.366614, -80.001547 40.370599, -79.99767 40.370289, -79.99841 40.369259, -80.000118 40.36376, -80.000795 40.36008, -79.999663 40.357748, -79.999786 40.357711, -79.995309 40.354693, -79.996088 40.351979, -79.99417 40.351199, -79.994914 40.350446, -79.99974 40.35019, -80.004122 40.348162, -80.003103 40.35079, -80.005369 40.352851, -80.007388 40.352873, -80.010923 40.351343, -80.010669 40.350452, -80.01152 40.351743, -80.011622 40.351993, -80.017084 40.359027, -80.016409 40.358997))",4047,42,003,477100,"Allegheny County, Pennsylvania",3757,0,177,87,96089,241800,1928,1817,111,1817,1739,78,3233,84,0,0,0,0,0,0,0,0,0,15,7,25,0,27,744,65,154,324,300,982,404,52,50
42003477200,"POLYGON ((-80.001586 40.374841, -79.999123 40.377344, -79.998051 40.376472, -79.993999 40.375839, -79.993508 40.378343, -79.992796 40.378609, -79.991127 40.378924, -79.986032 40.377822, -79.98693 40.375081, -79.984762 40.372116, -79.986171 40.370241, -79.985051 40.368162, -79.98886 40.363945, -79.987958 40.362379, -79.990038 40.361577, -79.990847 40.361118, -79.990626 40.358298, -79.991098 40.356305, -79.986358 40.347437, -79.98645 40.346568, -79.988258 40.348757, -79.98946 40.349465, -79.990771 40.349862, -79.994914 40.350446, -79.99417 40.351199, -79.996088 40.351979, -79.995309 40.354693, -79.999786 40.357711, -79.999663 40.357748, -80.000795 40.36008, -80.000118 40.36376, -79.99841 40.369259, -79.99767 40.370289, -80.001547 40.370599, -80.001063 40.370918, -80.001586 40.374841))",4588,42,003,477200,"Allegheny County, Pennsylvania",3743,12,525,123,99286,224600,2121,2054,67,2054,1448,606,3466,13,0,0,0,0,0,0,0,39,0,9,0,7,20,0,878,89,209,299,383,960,485,40,35
42003477300,"POLYGON ((-79.990626 40.358298, -79.990847 40.361118, -79.990038 40.361577, -79.987958 40.362379, -79.983385 40.362562, -79.982341 40.360872, -79.974847 40.364294, -79.971406 40.366555, -79.964883 40.369537, -79.964472 40.369701, -79.958908 40.364305, -79.96429 40.363429, -79.966 40.365081, -79.968117 40.363483, -79.966764 40.360854, -79.965409 40.35773, -79.968443 40.35632, -79.969455 40.357692, -79.969821 40.357288, -79.972836 40.353786, -79.97142 40.352067, -79.97416 40.350374, -79.976711 40.350503, -79.973966 40.347423, -79.973493 40.346452, -79.973103 40.345575, -79.977753 40.344415, -79.985071 40.345372, -79.985625 40.345658, -79.98645 40.346568, -79.986358 40.347437, -79.991098 40.356305, -79.990626 40.358298))",6176,42,003,477300,"Allegheny County, Pennsylvania",4064,632,1428,52,68295,240500,3081,2856,225,2856,1868,988,4474,128,0,0,0,0,0,0,0,0,0,10,10,0,115,43,948,162,390,404,458,1133,382,211,80
42003478100,"POLYGON ((-79.98886 40.363945, -79.985051 40.368162, -79.986171 40.370241, -79.984762 40.372116, -79.98693 40.375081, -79.986032 40.377822, -79.984828 40.37955, -79.983342 40.381516, -79.981947 40.380642, -79.977645 40.381743, -79.976142 40.381301, -79.975797 40.380424, -79.975495 40.379277, -79.975464 40.376555, -79.97546 40.372979, -79.975155 40.370296, -79.975278 40.369752, -79.976073 40.368814, -79.980324 40.367042, -79.984877 40.363014, -79.987958 40.362379, -79.98886 40.363945))",4275,42,003,478100,"Allegheny County, Pennsylvania",3259,550,192,10,67596,141100,2125,1958,167,1958,995,963,3105,1,0,0,0,0,0,0,0,0,0,24,150,19,0,10,610,9,187,322,468,887,353,37,28
42003478200,"POLYGON ((-79.984877 40.363014, -79.980324 40.367042, -79.976073 40.368814, -79.975278 40.369752, -79.975155 40.370296, -79.97546 40.372979, -79.975464 40.376555, -79.975495 40.379277, -79.975797 40.380424, -79.976142 40.381301, -79.976845 40.382844, -79.97765 40.384143, -79.976472 40.385386, -79.974081 40.384792, -79.97124 40.385734, -79.96982 40.385788, -79.969257 40.385796, -79.968449 40.381883, -79.966577 40.381216, -79.966755 40.380589, -79.962774 40.378856, -79.965061 40.375638, -79.961621 40.371529, -79.962624 40.37047, -79.964472 40.369701, -79.964883 40.369537, -79.971406 40.366555, -79.974847 40.364294, -79.982341 40.360872, -79.983385 40.362562, -79.987958 40.362379, -79.984877 40.363014))",5591,42,003,478200,"Allegheny County, Pennsylvania",4520,620,12,0,71364,156100,2703,2604,99,2604,1649,955,3951,0,0,0,0,0,0,0,0,0,0,0,0,0,0,0,1061,202,245,403,722,826,453,11,28
42003479000,"POLYGON ((-80.023023 40.379506, -80.022757 40.380759, -80.021181 40.382572, -80.020169 40.383733, -80.020219 40.386701, -80.023131 40.38711, -80.022282 40.38815, -80.021313 40.388118, -80.018159 40.38645, -80.017108 40.386314, -80.016418 40.385129, -80.013819 40.386562, -80.012579 40.380889, -80.007632 40.381122, -80.007356 40.380898, -80.006326 40.383472, -80.005121 40.383883, -80.001728 40.379699, -80.005361 40.377133, -80.006708 40.374861, -80.00786 40.374996, -80.007899 40.378237, -80.012738 40.379517, -80.014981 40.378934, -80.016823 40.376845, -80.013676 40.376601, -80.010758 40.375365, -80.011879 40.374366, -80.014037 40.372323, -80.015932 40.37429, -80.019113 40.376021, -80.021214 40.376594, -80.023451 40.377457, -80.023023 40.379506))",1987,42,003,479000,"Allegheny County, Pennsylvania",1964,0,0,0,89931,199500,878,849,29,849,811,38,1452,5,0,0,0,0,0,0,0,0,14,22,0,7,46,0,291,21,112,139,197,309,220,56,13
42003480101,"POLYGON ((-79.99634 40.348662, -79.994914 40.350446, -79.990771 40.349862, -79.98946 40.349465, -79.988258 40.348757, -79.98645 40.346568, -79.985625 40.345658, -79.985071 40.345372, -79.977753 40.344415, -79.973103 40.345575, -79.971534 40.344031, -79.967032 40.342384, -79.966889 40.3418, -79.968278 40.341808, -79.969086 40.340383, -79.972039 40.338767, -79.974742 40.337308, -79.97808 40.337205, -79.976951 40.336331, -79.979856 40.336446, -79.985254 40.333412, -79.984709 40.332878, -79.985425 40.329527, -79.986659 40.331191, -79.988814 40.332467, -79.991457 40.33551, -79.990871 40.339555, -79.992455 40.344681, -79.994655 40.346663, -79.99606 40.347672, -79.99634 40.348662))",5707,42,003,480101,"Allegheny County, Pennsylvania",4098,257,1022,300,55128,225900,2622,2400,222,2400,1253,1147,3883,162,0,0,0,0,0,41,20,0,0,0,37,23,0,164,909,94,220,532,409,974,249,31,18
42003480102,"POLYGON ((-80.010923 40.351343, -80.007388 40.352873, -80.005369 40.352851, -80.003103 40.35079, -80.004122 40.348162, -79.99974 40.35019, -79.994914 40.350446, -79.99634 40.348662, -79.99606 40.347672, -79.994655 40.346663, -79.992455 40.344681, -79.990871 40.339555, -79.991457 40.33551, -79.988814 40.332467, -79.996631 40.337199, -79.998059 40.338248, -79.998826 40.338736, -80.005624 40.342983, -80.006658 40.344751, -80.007731 40.346118, -80.010669 40.350452, -80.010923 40.351343))",3129,42,003,480102,"Allegheny County, Pennsylvania",2460,117,211,53,96875,201000,1255,1216,39,1216,1076,140,2346,38,0,0,0,0,0,36,0,0,0,0,0,0,15,36,544,131,172,227,284,680,150,33,0
42003480200,"POLYGON ((-79.97416 40.350374, -79.97142 40.352067, -79.972836 40.353786, -79.969821 40.357288, -79.969455 40.357692, -79.968443 40.35632, -79.965409 40.35773, -79.966764 40.360854, -79.968117 40.363483, -79.966 40.365081, -79.96429 40.363429, -79.958908 40.364305, -79.964472 40.369701, -79.962624 40.37047, -79.95707 40.369636, -79.953657 40.367215, -79.950258 40.366077, -79.948955 40.368036, -79.948144 40.368165, -79.950259 40.3607, -79.952255 40.359364, -79.954472 40.358558, -79.955965 40.356941, -79.958977 40.352306, -79.960623 40.351614, -79.961291 40.350167, -79.965376 40.345745, -79.964 40.344991, -79.966266 40.342015, -79.966889 40.3418, -79.967032 40.342384, -79.971534 40.344031, -79.973103 40.345575, -79.973493 40.346452, -79.973966 40.347423, -79.976711 40.350503, -79.97416 40.350374))",3673,42,003,480200,"Allegheny County, Pennsylvania",2991,203,272,74,82039,220800,1626,1460,166,1460,1303,157,2866,57,0,0,0,0,0,0,0,0,6,0,3,22,34,58,888,74,192,305,303,488,394,7,35
42003480300,"POLYGON ((-79.979994 40.400695, -79.979577 40.401637, -79.976555 40.40392, -79.969312 40.405479, -79.96283 40.409671, -79.956366 40.410631, -79.955098 40.410546, -79.952955 40.410659, -79.950849 40.403751, -79.948135 40.400422, -79.9455 40.398462, -79.94259 40.397328, -79.937729 40.396786, -79.937112 40.395267, -79.938793 40.395026, -79.938185 40.393079, -79.94387 40.394168, -79.950608 40.399618, -79.95284 40.401705, -79.95492 40.406845, -79.956032 40.406617, -79.956644 40.408229, -79.956131 40.410309, -79.959048 40.40974, -79.960393 40.407761, -79.96303 40.407881, -79.963884 40.408737, -79.970106 40.404756, -79.970865 40.402811, -79.969054 40.400468, -79.963904 40.399715, -79.963476 40.398325, -79.959512 40.397556, -79.959924 40.395598, -79.958046 40.39539, -79.957735 40.389914, -79.957195 40.389895, -79.957317 40.389712, -79.961783 40.39068, -79.964209 40.38821, -79.966441 40.387149, -79.967131 40.385827, -79.969257 40.385796, -79.96982 40.385788, -79.97124 40.385734, -79.974081 40.384792, -79.975756 40.387212, -79.973083 40.388717, -79.973226 40.392778, -79.975788 40.393122, -79.978109 40.39697, -79.979739 40.399462, -79.979994 40.400695))",3598,42,003,480300,"Allegheny County, Pennsylvania",3033,92,259,50,83448,203100,1648,1570,78,1570,1376,194,2909,130,0,0,0,0,0,0,17,0,0,0,0,54,9,35,988,52,140,316,295,533,249,29,62
42003480400,"POLYGON ((-79.969257 40.385796, -79.967131 40.385827, -79.966441 40.387149, -79.964209 40.38821, -79.961783 40.39068, -79.957317 40.389712, -79.957195 40.389895, -79.952436 40.390183, -79.949502 40.39124, -79.947282 40.390049, -79.944395 40.390177, -79.942093 40.388214, -79.936531 40.388764, -79.935384 40.383613, -79.935473 40.38095, -79.936448 40.380662, -79.942535 40.37967, -79.943332 40.378157, -79.9455 40.376079, -79.943666 40.374965, -79.942734 40.375965, -79.940625 40.374666, -79.942391 40.372784, -79.945768 40.369527, -79.947868 40.368861, -79.948144 40.368165, -79.948955 40.368036, -79.950258 40.366077, -79.953657 40.367215, -79.95707 40.369636, -79.962624 40.37047, -79.961621 40.371529, -79.965061 40.375638, -79.962774 40.378856, -79.966755 40.380589, -79.966577 40.381216, -79.968449 40.381883, -79.969257 40.385796))",4950,42,003,480400,"Allegheny County, Pennsylvania",4366,72,9,0,92065,189600,2419,2209,210,2209,1885,324,3781,68,0,0,0,0,0,0,0,0,0,54,1,16,1,11,1060,119,252,458,423,787,397,0,134
42003481000,"POLYGON ((-79.991908 40.407172, -79.991635 40.407611, -79.990762 40.409508, -79.989608 40.412054, -79.98922 40.412691, -79.988039 40.414434, -79.988107 40.415913, -79.988183 40.41851, -79.986362 40.417556, -79.982259 40.417667, -79.981795 40.414111, -79.981571 40.410415, -79.980801 40.409485, -79.981091 40.40784, -79.981452 40.405855, -79.985357 40.405995, -79.987322 40.406036, -79.991942 40.407126, -79.991908 40.407172))",3319,42,003,481000,"Allegheny County, Pennsylvania",1612,1300,23,127,52297,96900,1489,1199,290,1199,486,713,2069,97,0,0,0,0,0,0,0,0,0,4,0,35,50,42,649,140,107,267,315,220,97,22,24
42003482500,"POLYGON ((-79.933008 40.397631, -79.929157 40.399256, -79.927225 40.400926, -79.921112 40.408298, -79.9196 40.409766, -79.913335 40.405245, -79.911643 40.403093, -79.915592 40.40095, -79.911461 40.398917, -79.908768 40.399853, -79.90776 40.399039, -79.907373 40.399583, -79.907416 40.396847, -79.902984 40.394885, -79.905311 40.393161, -79.907867 40.38809, -79.908808 40.387596, -79.91059 40.389592, -79.913464 40.390137, -79.917866 40.388033, -79.918466 40.388475, -79.9149 40.39339, -79.916912 40.393921, -79.913306 40.396972, -79.9164 40.398784, -79.918244 40.399306, -79.929619 40.389731, -79.932357 40.391499, -79.932971 40.397317, -79.933008 40.397631))",1905,42,003,482500,"Allegheny County, Pennsylvania",1398,217,0,183,77250,167400,959,838,121,838,632,206,1504,4,0,0,0,0,0,0,0,0,0,0,4,14,0,0,421,94,94,119,233,328,185,2,6
42003483800,"POLYGON ((-79.918572 40.410757, -79.915403 40.413226, -79.911464 40.414838, -79.905972 40.415707, -79.903332 40.409024, -79.907451 40.408744, -79.904478 40.405316, -79.902702 40.403273, -79.901424 40.403761, -79.900734 40.402267, -79.899629 40.399394, -79.900624 40.400029, -79.902638 40.401315, -79.905093 40.400074, -79.907037 40.400057, -79.907373 40.399583, -79.90776 40.399039, -79.908768 40.399853, -79.911461 40.398917, -79.915592 40.40095, -79.911643 40.403093, -79.913335 40.405245, -79.9196 40.409766, -79.918572 40.410757))",2874,42,003,483800,"Allegheny County, Pennsylvania",913,1570,18,55,39052,83900,1736,1416,320,1416,483,933,2097,8,0,0,0,0,0,0,0,0,0,0,51,1,76,20,738,202,120,262,209,262,123,16,9
42003484300,"POLYGON ((-79.907451 40.408744, -79.903332 40.409024, -79.905972 40.415707, -79.901512 40.415879, -79.899623 40.41545, -79.897893 40.414954, -79.890624 40.4104, -79.889878 40.409886, -79.884511 40.407191, -79.887053 40.407037, -79.887509 40.4064, -79.884363 40.403941, -79.884246 40.403017, -79.890286 40.400805, -79.895898 40.398123, -79.893679 40.395393, -79.894273 40.39398, -79.893607 40.391525, -79.894653 40.393381, -79.894647 40.394514, -79.897765 40.395804, -79.899635 40.39549, -79.901752 40.397817, -79.901943 40.399426, -79.900624 40.400029, -79.899629 40.399394, -79.900734 40.402267, -79.901424 40.403761, -79.902702 40.403273, -79.904478 40.405316, -79.907451 40.408744))",3191,42,003,484300,"Allegheny County, Pennsylvania",1995,1038,0,6,57448,117000,1724,1435,289,1435,741,694,1954,23,0,0,0,0,0,0,0,0,0,0,2,35,0,77,380,31,118,225,311,415,309,28,0
42003484500,"POLYGON ((-79.917866 40.388033, -79.913464 40.390137, -79.91059 40.389592, -79.908808 40.387596, -79.907867 40.38809, -79.907821 40.387918, -79.906387 40.388469, -79.9023 40.387237, -79.897433 40.386006, -79.897507 40.38528, -79.896446 40.385481, -79.894527 40.385069, -79.894597 40.384212, -79.890914 40.382961, -79.890013 40.383682, -79.890819 40.381681, -79.889376 40.380808, -79.890952 40.379381, -79.891307 40.376352, -79.892937 40.376406, -79.894283 40.376678, -79.896031 40.3764, -79.897878 40.375197, -79.905715 40.375486, -79.908844 40.376692, -79.908347 40.378153, -79.910679 40.378715, -79.911689 40.380541, -79.915668 40.380277, -79.916241 40.380079, -79.917314 40.381597, -79.916084 40.382113, -79.917866 40.388033))",5457,42,003,484500,"Allegheny County, Pennsylvania",5198,93,33,29,54008,138100,2933,2728,205,2728,2183,545,4257,0,0,0,0,0,0,0,0,0,0,0,0,44,17,69,1309,173,316,415,714,782,253,76,89
42003484600,"POLYGON ((-79.907867 40.38809, -79.905311 40.393161, -79.902984 40.394885, -79.907416 40.396847, -79.907373 40.399583, -79.907037 40.400057, -79.905093 40.400074, -79.902638 40.401315, -79.900624 40.400029, -79.901943 40.399426, -79.901752 40.397817, -79.899635 40.39549, -79.897765 40.395804, -79.894647 40.394514, -79.894653 40.393381, -79.893607 40.391525, -79.894848 40.387861, -79.894527 40.385069, -79.896446 40.385481, -79.897507 40.38528, -79.897433 40.386006, -79.9023 40.387237, -79.906387 40.388469, -79.907821 40.387918, -79.907867 40.38809))",1900,42,003,484600,"Allegheny County, Pennsylvania",1541,290,0,25,43003,112200,1121,991,130,991,516,475,1491,0,0,0,0,0,0,0,0,0,0,14,115,34,18,41,404,32,75,135,197,319,86,0,21
42003485000,"POLYGON ((-79.895898 40.398123, -79.890286 40.400805, -79.884246 40.403017, -79.884363 40.403941, -79.887509 40.4064, -79.887053 40.407037, -79.884511 40.407191, -79.881203 40.405551, -79.879436 40.404232, -79.87674 40.402196, -79.885402 40.398718, -79.88455 40.397481, -79.889789 40.395232, -79.891401 40.396307, -79.893679 40.395393, -79.895898 40.398123))",1140,42,003,485000,"Allegheny County, Pennsylvania",783,232,0,106,63194,98500,638,549,89,549,313,236,910,20,0,0,0,0,0,0,9,0,3,0,0,29,0,12,414,47,87,63,98,86,39,3,0
42003486700,"POLYGON ((-79.866563 40.383001, -79.862863 40.384764, -79.862823 40.384792, -79.854501 40.38877, -79.853443 40.388406, -79.849793 40.38516, -79.843939 40.38091, -79.841155 40.378408, -79.838773 40.375117, -79.84441 40.373734, -79.844885 40.373676, -79.852616 40.371823, -79.857116 40.370808, -79.857288 40.370852, -79.860723 40.374634, -79.861674 40.376095, -79.866401 40.379857, -79.868856 40.381928, -79.866563 40.383001))",2147,42,003,486700,"Allegheny County, Pennsylvania",919,966,0,2,43016,80600,1360,980,380,980,354,626,1449,0,0,0,0,0,0,0,0,0,0,23,0,0,0,0,652,212,246,189,49,34,24,0,20
42003486800,"POLYGON ((-79.857804 40.369329, -79.857288 40.370852, -79.857116 40.370808, -79.852616 40.371823, -79.844885 40.373676, -79.84441 40.373734, -79.838773 40.375117, -79.837189 40.371649, -79.836374 40.364988, -79.837186 40.362117, -79.840026 40.359643, -79.84408 40.35774, -79.845303 40.360169, -79.842332 40.363411, -79.84202 40.367317, -79.842778 40.369296, -79.850303 40.367937, -79.85033 40.367982, -79.851807 40.368196, -79.853791 40.365891, -79.856795 40.365627, -79.859474 40.367013, -79.857804 40.369329))",1610,42,003,486800,"Allegheny County, Pennsylvania",628,590,0,150,43000,46400,857,572,285,572,333,239,1031,16,0,0,0,0,0,0,0,0,0,38,0,16,41,34,316,104,50,128,146,100,42,0,0
42003486900,"POLYGON ((-79.856795 40.365627, -79.853791 40.365891, -79.851807 40.368196, -79.85033 40.367982, -79.850303 40.367937, -79.842778 40.369296, -79.84202 40.367317, -79.842332 40.363411, -79.845303 40.360169, -79.84408 40.35774, -79.846151 40.357241, -79.847944 40.356932, -79.846969 40.360337, -79.849049 40.360718, -79.85331 40.361426, -79.854323 40.361126, -79.854877 40.362215, -79.855674 40.36397, -79.856795 40.365627))",1392,42,003,486900,"Allegheny County, Pennsylvania",478,804,0,0,46908,61100,850,669,181,669,355,314,1118,0,0,0,0,0,0,28,0,0,0,0,25,14,20,0,492,128,39,133,55,113,71,0,0
42003487000,"POLYGON ((-79.902519 40.352496, -79.899463 40.356057, -79.898218 40.356016, -79.894362 40.357617, -79.885887 40.359296, -79.884817 40.357396, -79.87724 40.357706, -79.87694 40.355891, -79.876676 40.354337, -79.878293 40.353641, -79.880846 40.351649, -79.881408 40.351046, -79.885612 40.345168, -79.888859 40.341594, -79.891884 40.33899, -79.893858 40.339983, -79.895911 40.341451, -79.895009 40.344338, -79.897288 40.346241, -79.906232 40.352448, -79.902519 40.352496))",1643,42,003,487000,"Allegheny County, Pennsylvania",1528,102,0,11,51715,93500,983,871,112,871,479,392,1266,5,0,0,0,0,0,0,0,0,0,0,15,60,24,3,562,39,38,111,206,175,12,0,16
42003488100,"POLYGON ((-79.894848 40.387861, -79.893607 40.391525, -79.894273 40.39398, -79.893679 40.395393, -79.891401 40.396307, -79.889789 40.395232, -79.888186 40.394514, -79.884805 40.391848, -79.881658 40.3898, -79.880663 40.387149, -79.878887 40.384914, -79.877933 40.382922, -79.881316 40.382552, -79.886209 40.378734, -79.888146 40.37788, -79.890053 40.376694, -79.891307 40.376352, -79.890952 40.379381, -79.889376 40.380808, -79.890819 40.381681, -79.890013 40.383682, -79.890914 40.382961, -79.894597 40.384212, -79.894527 40.385069, -79.894848 40.387861))",2137,42,003,488100,"Allegheny County, Pennsylvania",1981,110,0,0,67964,147200,972,951,21,951,784,167,1627,0,0,0,0,0,0,0,0,0,0,0,0,29,6,7,640,42,88,200,227,291,79,15,3
42003488200,"POLYGON ((-79.889789 40.395232, -79.88455 40.397481, -79.885402 40.398718, -79.87674 40.402196, -79.87285 40.398245, -79.868994 40.395133, -79.864108 40.392268, -79.854501 40.38877, -79.862823 40.384792, -79.862863 40.384764, -79.866563 40.383001, -79.868856 40.381928, -79.866401 40.379857, -79.868693 40.379848, -79.871508 40.382067, -79.873704 40.382982, -79.877933 40.382922, -79.878887 40.384914, -79.880663 40.387149, -79.881658 40.3898, -79.884805 40.391848, -79.888186 40.394514, -79.889789 40.395232))",3590,42,003,488200,"Allegheny County, Pennsylvania",2607,705,0,293,61447,117100,1475,1326,149,1326,951,375,2375,1,0,0,0,0,0,0,0,0,0,32,17,26,137,74,796,90,88,507,231,199,133,22,22
42003488300,"POLYGON ((-79.908844 40.376692, -79.905715 40.375486, -79.897878 40.375197, -79.896031 40.3764, -79.894283 40.376678, -79.892937 40.376406, -79.891307 40.376352, -79.890053 40.376694, -79.888146 40.37788, -79.886209 40.378734, -79.881316 40.382552, -79.877933 40.382922, -79.873704 40.382982, -79.871508 40.382067, -79.868693 40.379848, -79.866401 40.379857, -79.861674 40.376095, -79.860723 40.374634, -79.862189 40.37401, -79.867329 40.374782, -79.869131 40.374644, -79.873243 40.372189, -79.876442 40.367404, -79.87981 40.365288, -79.879297 40.362176, -79.881079 40.359964, -79.885887 40.359296, -79.894362 40.357617, -79.898218 40.356016, -79.899463 40.356057, -79.900589 40.356345, -79.903534 40.359833, -79.908656 40.35856, -79.907848 40.359758, -79.907663 40.360414, -79.907438 40.362028, -79.907181 40.361514, -79.90083 40.364996, -79.900295 40.365255, -79.903438 40.371889, -79.908604 40.370523, -79.911818 40.372805, -79.908844 40.376692))",1925,42,003,488300,"Allegheny County, Pennsylvania",1795,67,4,74,81071,166300,974,844,130,844,718,126,1522,3,9,0,0,0,0,0,0,0,0,9,0,0,10,32,545,70,121,189,179,201,133,6,15
42003488400,"POLYGON ((-79.885887 40.359296, -79.881079 40.359964, -79.879297 40.362176, -79.87981 40.365288, -79.876442 40.367404, -79.873243 40.372189, -79.869131 40.374644, -79.867329 40.374782, -79.862189 40.37401, -79.860723 40.374634, -79.857288 40.370852, -79.857804 40.369329, -79.859474 40.367013, -79.856795 40.365627, -79.855674 40.36397, -79.854877 40.362215, -79.854323 40.361126, -79.85331 40.361426, -79.849049 40.360718, -79.846969 40.360337, -79.847944 40.356932, -79.853111 40.356448, -79.863389 40.356311, -79.870638 40.355436, -79.876676 40.354337, -79.87694 40.355891, -79.87724 40.357706, -79.884817 40.357396, -79.885887 40.359296))",4361,42,003,488400,"Allegheny County, Pennsylvania",3941,123,31,164,57257,116400,2140,2049,91,2049,1425,624,3147,16,0,0,0,59,0,0,0,0,0,0,39,27,1,73,1220,179,164,278,549,437,105,0,0
42003488500,"POLYGON ((-79.965376 40.345745, -79.961291 40.350167, -79.960623 40.351614, -79.958977 40.352306, -79.955965 40.356941, -79.954472 40.358558, -79.952255 40.359364, -79.950259 40.3607, -79.948144 40.368165, -79.947868 40.368861, -79.945768 40.369527, -79.942391 40.372784, -79.940625 40.374666, -79.939439 40.373941, -79.926577 40.374999, -79.924982 40.375091, -79.924682 40.373062, -79.92235 40.369707, -79.920665 40.365361, -79.91373 40.365514, -79.911898 40.365008, -79.910821 40.362849, -79.908208 40.363572, -79.907438 40.362028, -79.907663 40.360414, -79.907848 40.359758, -79.908656 40.35856, -79.903534 40.359833, -79.900589 40.356345, -79.899463 40.356057, -79.902519 40.352496, -79.906232 40.352448, -79.908835 40.352118, -79.909911 40.353323, -79.913787 40.354213, -79.92289 40.350954, -79.924644 40.350626, -79.92708 40.350251, -79.938535 40.348913, -79.947299 40.348166, -79.951819 40.347616, -79.95353 40.3462, -79.954942 40.343539, -79.955409 40.340758, -79.955938 40.34043, -79.964 40.344991, -79.965376 40.345745))",2604,42,003,488500,"Allegheny County, Pennsylvania",2236,108,141,58,80847,163600,1318,1197,121,1197,989,208,1930,24,13,0,0,0,0,0,0,0,0,0,0,9,0,45,516,60,216,228,220,406,123,16,54
42003488600,"POLYGON ((-79.955409 40.340758, -79.954942 40.343539, -79.95353 40.3462, -79.951819 40.347616, -79.947299 40.348166, -79.938535 40.348913, -79.92708 40.350251, -79.924644 40.350626, -79.92289 40.350954, -79.913787 40.354213, -79.909911 40.353323, -79.908835 40.352118, -79.906232 40.352448, -79.897288 40.346241, -79.895009 40.344338, -79.895911 40.341451, -79.893858 40.339983, -79.891884 40.33899, -79.893851 40.33646, -79.895813 40.332782, -79.896489 40.330435, -79.897623 40.321845, -79.897432 40.321127, -79.896675 40.319746, -79.898627 40.319526, -79.925802 40.325599, -79.927056 40.324479, -79.929135 40.325885, -79.930913 40.325202, -79.931465 40.32685, -79.937307 40.329938, -79.947937 40.336273, -79.950691 40.337446, -79.955938 40.34043, -79.955409 40.340758))",4573,42,003,488600,"Allegheny County, Pennsylvania",3693,575,0,14,96902,183600,2093,1919,174,1919,1753,166,3202,6,0,0,0,0,0,0,0,0,0,46,29,28,6,8,823,50,137,454,487,725,346,51,6
42003489001,"POLYGON ((-79.966266 40.342015, -79.964 40.344991, -79.955938 40.34043, -79.950691 40.337446, -79.947937 40.336273, -79.937307 40.329938, -79.940415 40.323374, -79.93688 40.31854, -79.940482 40.317215, -79.942554 40.31645, -79.95298 40.320427, -79.956919 40.321181, -79.956327 40.32263, -79.957262 40.324616, -79.956612 40.325993, -79.960082 40.330947, -79.961692 40.332569, -79.961266 40.336635, -79.963012 40.33774, -79.963481 40.33811, -79.965236 40.341276, -79.966266 40.342015))",4897,42,003,489001,"Allegheny County, Pennsylvania",4211,317,175,0,108415,232700,2162,1936,226,1936,1528,408,3410,21,0,0,0,0,0,0,11,0,0,0,18,0,21,43,672,62,404,317,370,715,544,73,139
42003489002,"POLYGON ((-79.985425 40.329527, -79.984709 40.332878, -79.985254 40.333412, -79.979856 40.336446, -79.976951 40.336331, -79.97808 40.337205, -79.974742 40.337308, -79.972039 40.338767, -79.969086 40.340383, -79.968278 40.341808, -79.966889 40.3418, -79.966266 40.342015, -79.965236 40.341276, -79.963481 40.33811, -79.963012 40.33774, -79.961266 40.336635, -79.961692 40.332569, -79.960082 40.330947, -79.956612 40.325993, -79.957262 40.324616, -79.956327 40.32263, -79.956919 40.321181, -79.956973 40.320138, -79.95964 40.317689, -79.961959 40.319884, -79.963967 40.320624, -79.97521 40.324698, -79.976259 40.327549, -79.97916 40.327471, -79.982611 40.329388, -79.985071 40.328396, -79.985425 40.329527))",3502,42,003,489002,"Allegheny County, Pennsylvania",3177,195,58,21,100121,259000,1616,1509,107,1509,1295,214,2668,23,0,0,0,0,0,0,0,0,0,0,0,25,0,34,499,40,121,273,299,848,378,98,30
42003490002,"POLYGON ((-80.03041 40.292006, -80.026827 40.294834, -80.025048 40.297786, -80.023822 40.298437, -80.023297 40.300515, -80.021147 40.302342, -80.021085 40.30352, -80.016248 40.310653, -80.009341 40.32112, -80.008697 40.320303, -80.005442 40.314004, -80.002299 40.309976, -79.999774 40.30771, -79.996451 40.306678, -79.996279 40.304124, -79.995357 40.302246, -79.994495 40.29866, -79.994477 40.296595, -79.994681 40.295193, -79.997224 40.290384, -79.996658 40.288075, -79.998653 40.2848, -80.001923 40.282488, -80.001233 40.280217, -80.002729 40.278798, -80.002852 40.278435, -80.004033 40.278779, -80.017589 40.282836, -80.024255 40.284769, -80.026632 40.285445, -80.027848 40.285829, -80.033269 40.28754, -80.03041 40.292006))",4873,42,003,490002,"Allegheny County, Pennsylvania",4574,65,47,86,74840,234900,2546,2340,206,2340,1551,789,3750,1,0,0,0,0,0,0,0,0,0,0,11,28,15,25,1104,203,213,328,446,916,391,19,50
42003490003,"POLYGON ((-80.009341 40.32112, -80.003034 40.330695, -80.001323 40.333292, -79.998059 40.338248, -79.996631 40.337199, -79.988814 40.332467, -79.986659 40.331191, -79.985425 40.329527, -79.985071 40.328396, -79.980291 40.323278, -79.979017 40.316743, -79.979022 40.311685, -79.978301 40.311002, -79.976368 40.309194, -79.976372 40.306044, -79.973879 40.301571, -79.983013 40.30213, -79.98559 40.300618, -79.985072 40.300013, -79.988224 40.297095, -79.989508 40.294791, -79.990754 40.293621, -79.994477 40.296595, -79.994495 40.29866, -79.995357 40.302246, -79.996279 40.304124, -79.996451 40.306678, -79.999774 40.30771, -80.002299 40.309976, -80.005442 40.314004, -80.008697 40.320303, -80.009341 40.32112))",3735,42,003,490003,"Allegheny County, Pennsylvania",2914,5,762,29,113606,243900,1532,1437,95,1437,1212,225,2876,221,0,0,0,0,0,0,0,0,0,0,0,5,21,33,658,39,122,388,219,884,229,56,1
42003490004,"POLYGON ((-80.002729 40.278798, -80.001233 40.280217, -80.001923 40.282488, -79.998653 40.2848, -79.996658 40.288075, -79.997224 40.290384, -79.994681 40.295193, -79.994477 40.296595, -79.990754 40.293621, -79.989508 40.294791, -79.988224 40.297095, -79.985072 40.300013, -79.98559 40.300618, -79.983013 40.30213, -79.973879 40.301571, -79.972784 40.299738, -79.972961 40.29762, -79.971043 40.292324, -79.965495 40.288772, -79.965208 40.285262, -79.963945 40.282273, -79.964966 40.281093, -79.959829 40.279486, -79.956147 40.278035, -79.963093 40.272761, -79.969113 40.268637, -79.973393 40.269883, -79.974427 40.270171, -80.002296 40.278271, -80.002852 40.278435, -80.002729 40.278798))",5098,42,003,490004,"Allegheny County, Pennsylvania",4676,74,111,0,124850,261700,1937,1928,9,1928,1825,103,3566,15,0,0,0,0,0,0,0,0,0,0,8,5,0,70,675,44,195,387,539,1133,419,45,31
42003491101,"POLYGON ((-79.982611 40.329388, -79.97916 40.327471, -79.976259 40.327549, -79.97521 40.324698, -79.963967 40.320624, -79.961959 40.319884, -79.95964 40.317689, -79.956973 40.320138, -79.956919 40.321181, -79.95298 40.320427, -79.942554 40.31645, -79.940482 40.317215, -79.938697 40.313235, -79.936479 40.308318, -79.934648 40.305698, -79.930619 40.301983, -79.928984 40.30107, -79.923345 40.300594, -79.92166 40.299697, -79.917247 40.293826, -79.914283 40.29142, -79.922535 40.289204, -79.92389 40.286171, -79.925325 40.285295, -79.934833 40.284237, -79.936471 40.282613, -79.93612 40.280178, -79.936581 40.27954, -79.937997 40.279029, -79.94284 40.279067, -79.946412 40.282195, -79.94838 40.282039, -79.951485 40.280075, -79.957389 40.279179, -79.959829 40.279486, -79.964966 40.281093, -79.963945 40.282273, -79.965208 40.285262, -79.965495 40.288772, -79.971043 40.292324, -79.972961 40.29762, -79.972784 40.299738, -79.973879 40.301571, -79.976372 40.306044, -79.976368 40.309194, -79.978301 40.311002, -79.979022 40.311685, -79.979017 40.316743, -79.980291 40.323278, -79.985071 40.328396, -79.982611 40.329388))",7698,42,003,491101,"Allegheny County, Pennsylvania",7032,82,422,47,151167,375400,2866,2644,222,2644,2468,176,5318,119,0,0,0,0,0,0,0,0,0,18,75,87,15,0,914,100,186,278,643,1481,947,295,160
42003491200,"POLYGON ((-79.940482 40.317215, -79.93688 40.31854, -79.940415 40.323374, -79.937307 40.329938, -79.931465 40.32685, -79.930913 40.325202, -79.929135 40.325885, -79.927056 40.324479, -79.925802 40.325599, -79.898627 40.319526, -79.899392 40.318679, -79.900468 40.318973, -79.900467 40.317195, -79.898853 40.316569, -79.8973 40.314253, -79.899589 40.312099, -79.900763 40.312059, -79.895072 40.306012, -79.896985 40.303279, -79.899548 40.301929, -79.895365 40.29889, -79.889186 40.300709, -79.884388 40.298462, -79.883666 40.298136, -79.89402 40.296997, -79.896882 40.296957, -79.898308 40.296182, -79.90037 40.29563, -79.900139 40.293801, -79.903004 40.293666, -79.904221 40.294448, -79.908527 40.294278, -79.911341 40.291093, -79.912911 40.290745, -79.912887 40.290961, -79.914283 40.29142, -79.917247 40.293826, -79.92166 40.299697, -79.923345 40.300594, -79.928984 40.30107, -79.930619 40.301983, -79.934648 40.305698, -79.936479 40.308318, -79.938697 40.313235, -79.940482 40.317215))",2131,42,003,491200,"Allegheny County, Pennsylvania",1754,153,77,20,95096,196200,1046,955,91,955,633,322,1697,14,10,0,0,0,0,0,0,0,0,30,5,0,14,17,408,69,112,123,208,511,126,17,33
42003492700,"POLYGON ((-79.899589 40.312099, -79.8973 40.314253, -79.898853 40.316569, -79.900467 40.317195, -79.900468 40.318973, -79.899392 40.318679, -79.898627 40.319526, -79.896675 40.319746, -79.895009 40.317783, -79.89139 40.314728, -79.884177 40.311453, -79.876862 40.30906, -79.871528 40.305112, -79.868453 40.302003, -79.86778 40.300231, -79.8671 40.295992, -79.86832 40.291141, -79.870686 40.287896, -79.875027 40.284195, -79.876178 40.283596, -79.878161 40.284927, -79.873291 40.294267, -79.874605 40.294521, -79.874601 40.294807, -79.878058 40.294811, -79.880682 40.296111, -79.88057 40.296327, -79.878614 40.299333, -79.884388 40.298462, -79.889186 40.300709, -79.895365 40.29889, -79.899548 40.301929, -79.896985 40.303279, -79.895072 40.306012, -79.900763 40.312059, -79.899589 40.312099))",1875,42,003,492700,"Allegheny County, Pennsylvania",1302,413,0,30,37912,53100,1098,850,248,850,557,293,1361,8,0,0,0,0,0,0,0,0,0,15,5,45,116,6,381,32,82,216,124,254,73,4,0
42003492800,"POLYGON ((-79.89402 40.296997, -79.883666 40.298136, -79.884388 40.298462, -79.878614 40.299333, -79.88057 40.296327, -79.880682 40.296111, -79.878058 40.294811, -79.874601 40.294807, -79.874605 40.294521, -79.873291 40.294267, -79.878161 40.284927, -79.880129 40.285376, -79.883042 40.283122, -79.885185 40.287287, -79.888444 40.287923, -79.888931 40.290069, -79.88881 40.293439, -79.893508 40.294797, -79.89402 40.296997))",2648,42,003,492800,"Allegheny County, Pennsylvania",521,1789,0,100,31554,92000,1246,1015,231,1015,620,395,1617,10,0,0,0,0,0,0,0,0,0,0,0,11,38,11,520,42,128,157,330,191,96,52,31
42003492900,"POLYGON ((-79.899901 40.291813, -79.900026 40.292853, -79.900139 40.293801, -79.90037 40.29563, -79.898308 40.296182, -79.896882 40.296957, -79.89402 40.296997, -79.893508 40.294797, -79.88881 40.293439, -79.888931 40.290069, -79.888444 40.287923, -79.885185 40.287287, -79.883042 40.283122, -79.888347 40.283189, -79.892702 40.28091, -79.897918 40.281, -79.900475 40.283211, -79.899901 40.291813))",1521,42,003,492900,"Allegheny County, Pennsylvania",922,478,0,109,43854,77300,1248,850,398,850,481,369,1307,10,0,0,0,0,0,0,16,0,0,6,0,0,8,6,518,68,182,183,101,159,50,0,0
42003494000,"POLYGON ((-79.896313 40.267921, -79.888966 40.274045, -79.886293 40.276917, -79.884189 40.278682, -79.88272 40.279409, -79.879194 40.275937, -79.881292 40.274967, -79.879047 40.273622, -79.884141 40.269701, -79.884249 40.268894, -79.88653 40.266887, -79.887384 40.267483, -79.891231 40.265303, -79.891979 40.265244, -79.893979 40.263564, -79.894898 40.267156, -79.896313 40.267921))",1371,42,003,494000,"Allegheny County, Pennsylvania",1206,65,3,104,51174,108300,652,577,75,577,348,229,943,0,0,0,0,0,0,0,0,0,0,0,14,7,3,0,393,62,64,74,92,138,82,0,14
42003495000,"POLYGON ((-79.971115 40.230731, -79.970042 40.233304, -79.966839 40.236544, -79.962593 40.238768, -79.956834 40.240198, -79.950632 40.240844, -79.943009 40.241095, -79.93759 40.241519, -79.930754 40.242973, -79.925256 40.245061, -79.917498 40.249446, -79.914461 40.252443, -79.911444 40.256757, -79.909652 40.25846, -79.902754 40.262914, -79.897369 40.267161, -79.896313 40.267921, -79.894898 40.267156, -79.893979 40.263564, -79.891979 40.265244, -79.891231 40.265303, -79.887384 40.267483, -79.88653 40.266887, -79.884249 40.268894, -79.882506 40.267156, -79.878811 40.26478, -79.878278 40.262729, -79.879135 40.256129, -79.877497 40.249474, -79.876457 40.248223, -79.873322 40.245931, -79.872192 40.24462, -79.870581 40.240733, -79.869614 40.239659, -79.865008 40.23925, -79.86014 40.240928, -79.856086 40.235877, -79.855823 40.23255, -79.853619 40.227283, -79.850562 40.224569, -79.849145 40.222641, -79.84426 40.21984, -79.842275 40.218353, -79.841755 40.214896, -79.840717 40.211199, -79.83925 40.208755, -79.850066 40.204684, -79.871425 40.197391, -79.877877 40.197034, -79.881115 40.196647, -79.888739 40.194733, -79.894771 40.194285, -79.900334 40.194841, -79.910783 40.196977, -79.916416 40.198973, -79.918712 40.200279, -79.924598 40.204954, -79.929289 40.207081, -79.93879 40.20946, -79.944331 40.210656, -79.950382 40.211559, -79.954889 40.212767, -79.95794 40.214259, -79.95984 40.215936, -79.966849 40.222088, -79.969316 40.22467, -79.970916 40.226893, -79.971281 40.228172, -79.971115 40.230731))",3009,42,003,495000,"Allegheny County, Pennsylvania",2765,2,0,195,67171,166000,1440,1368,72,1368,1160,208,2445,3,0,0,0,0,0,0,0,0,0,34,0,59,0,19,1403,30,73,177,295,221,103,28,0
42003496101,"POLYGON ((-79.855926 40.278497, -79.85187 40.279356, -79.849379 40.281042, -79.846277 40.284213, -79.842382 40.28512, -79.837414 40.283605, -79.831554 40.284747, -79.829331 40.285803, -79.828123 40.286177, -79.82194 40.284295, -79.819572 40.284408, -79.816906 40.285952, -79.814961 40.286447, -79.812907 40.285463, -79.811089 40.282408, -79.804157 40.27627, -79.80357 40.276044, -79.799184 40.274783, -79.796241 40.276037, -79.796131 40.275225, -79.795521 40.273634, -79.795058 40.272189, -79.788779 40.265312, -79.787502 40.263242, -79.787741 40.261847, -79.790304 40.258713, -79.791719 40.259575, -79.791662 40.260065, -79.791525 40.260901, -79.791572 40.262214, -79.791875 40.261048, -79.792036 40.26075, -79.792329 40.260617, -79.794028 40.260361, -79.797426 40.258922, -79.79671 40.257336, -79.798062 40.255032, -79.801896 40.253863, -79.803659 40.253655, -79.808461 40.254703, -79.814459 40.253666, -79.817499 40.253717, -79.824956 40.256861, -79.825053 40.257202, -79.825422 40.259616, -79.827256 40.261322, -79.83334 40.265339, -79.834341 40.266893, -79.837362 40.272957, -79.839481 40.271994, -79.843088 40.271718, -79.844349 40.272764, -79.845511 40.272326, -79.847643 40.270028, -79.850962 40.273606, -79.855009 40.275961, -79.855926 40.278497))",2921,42,003,496101,"Allegheny County, Pennsylvania",2739,28,0,67,104444,169900,1264,1178,86,1178,1159,19,2148,14,0,0,0,0,0,0,0,0,0,0,24,7,25,31,619,34,81,177,340,442,340,14,0
42003496102,"POLYGON ((-79.884141 40.269701, -79.879047 40.273622, -79.881292 40.274967, -79.879194 40.275937, -79.88272 40.279409, -79.880538 40.280631, -79.877761 40.28263, -79.87451 40.279645, -79.875348 40.278859, -79.871776 40.276371, -79.870332 40.276454, -79.866437 40.279218, -79.864933 40.278973, -79.862196 40.277468, -79.855926 40.278497, -79.855009 40.275961, -79.850962 40.273606, -79.847643 40.270028, -79.845511 40.272326, -79.844349 40.272764, -79.843088 40.271718, -79.839481 40.271994, -79.837362 40.272957, -79.834341 40.266893, -79.83334 40.265339, -79.827256 40.261322, -79.825422 40.259616, -79.825053 40.257202, -79.824956 40.256861, -79.817499 40.253717, -79.814459 40.253666, -79.808461 40.254703, -79.803659 40.253655, -79.801896 40.253863, -79.798062 40.255032, -79.79671 40.257336, -79.797426 40.258922, -79.794028 40.260361, -79.792329 40.260617, -79.792036 40.26075, -79.791875 40.261048, -79.791572 40.262214, -79.791525 40.260901, -79.791662 40.260065, -79.791719 40.259575, -79.790304 40.258713, -79.793955 40.255761, -79.796653 40.252833, -79.799109 40.246966, -79.803364 40.241803, -79.805126 40.241194, -79.806898 40.238618, -79.807431 40.236894, -79.807112 40.23452, -79.80629 40.233222, -79.804386 40.231949, -79.795338 40.229926, -79.78917 40.228883, -79.787352 40.228069, -79.782588 40.227626, -79.800608 40.221738, -79.81442 40.21668, -79.817199 40.21581, -79.83925 40.208755, -79.840717 40.211199, -79.841755 40.214896, -79.842275 40.218353, -79.84426 40.21984, -79.849145 40.222641, -79.850562 40.224569, -79.853619 40.227283, -79.855823 40.23255, -79.856086 40.235877, -79.86014 40.240928, -79.865008 40.23925, -79.869614 40.239659, -79.870581 40.240733, -79.872192 40.24462, -79.873322 40.245931, -79.876457 40.248223, -79.877497 40.249474, -79.879135 40.256129, -79.878278 40.262729, -79.878811 40.26478, -79.882506 40.267156, -79.884249 40.268894, -79.884141 40.269701))",4258,42,003,496102,"Allegheny County, Pennsylvania",3952,15,180,0,66984,165700,1879,1779,100,1779,1572,207,3293,12,0,0,0,0,0,0,0,0,0,0,0,48,33,0,1373,48,185,327,383,764,115,5,0
42003496200,"POLYGON ((-79.841262 40.285437, -79.838394 40.289613, -79.835678 40.29021, -79.834151 40.291347, -79.832269 40.293932, -79.829975 40.296151, -79.829311 40.298341, -79.832311 40.299186, -79.837886 40.301655, -79.839537 40.302732, -79.836889 40.30742, -79.835635 40.308954, -79.837772 40.314648, -79.836272 40.312759, -79.833974 40.312174, -79.831517 40.312115, -79.829001 40.312576, -79.827068 40.313444, -79.820007 40.318095, -79.818398 40.3189, -79.816069 40.319611, -79.814419 40.319875, -79.810506 40.320165, -79.803281 40.319804, -79.796318 40.318244, -79.792467 40.316576, -79.790528 40.314485, -79.790042 40.312325, -79.790226 40.310979, -79.791763 40.309073, -79.793827 40.307692, -79.79483 40.307099, -79.804622 40.304037, -79.806767 40.302241, -79.806976 40.301338, -79.80645 40.297022, -79.803032 40.293641, -79.801054 40.292576, -79.798759 40.292869, -79.792896 40.297993, -79.788648 40.297738, -79.787507 40.297473, -79.784566 40.296066, -79.780995 40.293608, -79.775963 40.28921, -79.775203 40.28791, -79.775823 40.285009, -79.779595 40.282295, -79.783629 40.281924, -79.788927 40.282255, -79.794715 40.281683, -79.795796 40.281079, -79.796516 40.279445, -79.796241 40.276037, -79.799184 40.274783, -79.80357 40.276044, -79.804157 40.27627, -79.811089 40.282408, -79.812907 40.285463, -79.814961 40.286447, -79.816906 40.285952, -79.819572 40.284408, -79.82194 40.284295, -79.828123 40.286177, -79.829331 40.285803, -79.831554 40.284747, -79.837414 40.283605, -79.842382 40.28512, -79.841262 40.285437))",5511,42,003,496200,"Allegheny County, Pennsylvania",4967,303,180,1,70957,166300,2626,2296,330,2296,1921,375,4160,0,0,0,0,0,0,0,0,0,0,0,0,15,52,61,1702,150,327,183,433,688,371,162,16
42003497000,"POLYGON ((-79.881828 40.314958, -79.877823 40.313095, -79.874683 40.317126, -79.873874 40.31754, -79.872191 40.315951, -79.870014 40.316022, -79.867076 40.319518, -79.863903 40.317364, -79.864514 40.316331, -79.860299 40.315095, -79.860138 40.318475, -79.858481 40.317746, -79.85774 40.318806, -79.859542 40.319234, -79.858162 40.321132, -79.855825 40.319099, -79.853576 40.319282, -79.852298 40.317939, -79.8475 40.317289, -79.84117 40.320149, -79.840217 40.318307, -79.837772 40.314648, -79.835635 40.308954, -79.836889 40.30742, -79.839537 40.302732, -79.837886 40.301655, -79.832311 40.299186, -79.829311 40.298341, -79.829975 40.296151, -79.832269 40.293932, -79.834151 40.291347, -79.835678 40.29021, -79.838394 40.289613, -79.841262 40.285437, -79.842382 40.28512, -79.846277 40.284213, -79.849379 40.281042, -79.85187 40.279356, -79.855926 40.278497, -79.862196 40.277468, -79.864933 40.278973, -79.866437 40.279218, -79.870332 40.276454, -79.871776 40.276371, -79.875348 40.278859, -79.87451 40.279645, -79.877761 40.28263, -79.876178 40.283596, -79.875027 40.284195, -79.870686 40.287896, -79.86832 40.291141, -79.8671 40.295992, -79.86778 40.300231, -79.868453 40.302003, -79.871528 40.305112, -79.876862 40.30906, -79.884177 40.311453, -79.881828 40.314958))",922,42,003,497000,"Allegheny County, Pennsylvania",886,8,0,32,73750,135200,455,443,12,443,373,70,751,3,0,0,0,0,0,0,0,8,0,0,0,20,5,0,302,7,36,152,84,112,15,4,3
42003498000,"POLYGON ((-79.8747 40.323121, -79.87231 40.326443, -79.873135 40.327071, -79.875076 40.328734, -79.871858 40.330032, -79.869965 40.329336, -79.865185 40.328761, -79.862648 40.329329, -79.861062 40.330678, -79.860103 40.33441, -79.859573 40.335071, -79.858269 40.336766, -79.85502 40.333487, -79.846979 40.328721, -79.844543 40.326536, -79.84117 40.320149, -79.8475 40.317289, -79.852298 40.317939, -79.853576 40.319282, -79.855825 40.319099, -79.858162 40.321132, -79.859542 40.319234, -79.85774 40.318806, -79.858481 40.317746, -79.860138 40.318475, -79.860299 40.315095, -79.864514 40.316331, -79.863903 40.317364, -79.867076 40.319518, -79.870014 40.316022, -79.872191 40.315951, -79.873874 40.31754, -79.874683 40.317126, -79.87411 40.320211, -79.876294 40.320995, -79.8747 40.323121))",2320,42,003,498000,"Allegheny County, Pennsylvania",2138,19,0,32,73786,115600,1156,1060,96,1060,848,212,1757,0,0,0,0,0,0,6,0,0,0,0,74,5,0,19,604,37,111,149,335,297,107,8,5
42003499300,"POLYGON ((-79.897623 40.321845, -79.896489 40.330435, -79.895813 40.332782, -79.893851 40.33646, -79.891884 40.33899, -79.888859 40.341594, -79.885612 40.345168, -79.883773 40.344302, -79.881796 40.343386, -79.880966 40.341771, -79.883482 40.339539, -79.884714 40.336966, -79.883676 40.335876, -79.883106 40.3324, -79.875076 40.328734, -79.873135 40.327071, -79.87231 40.326443, -79.8747 40.323121, -79.877409 40.323598, -79.879054 40.325027, -79.883621 40.324758, -79.886201 40.325811, -79.886245 40.324397, -79.888424 40.324382, -79.889355 40.327669, -79.889351 40.330861, -79.892534 40.330796, -79.893853 40.330869, -79.89363 40.32111, -79.897432 40.321127, -79.897623 40.321845))",1555,42,003,499300,"Allegheny County, Pennsylvania",1456,25,22,0,49813,96200,762,701,61,701,433,268,1196,0,0,0,0,0,0,0,0,0,0,0,3,68,40,48,458,40,67,100,203,135,34,0,0
42003499400,"POLYGON ((-79.897432 40.321127, -79.89363 40.32111, -79.893853 40.330869, -79.892534 40.330796, -79.889351 40.330861, -79.889355 40.327669, -79.888424 40.324382, -79.886245 40.324397, -79.886201 40.325811, -79.883621 40.324758, -79.879054 40.325027, -79.877409 40.323598, -79.8747 40.323121, -79.876294 40.320995, -79.87411 40.320211, -79.874683 40.317126, -79.877823 40.313095, -79.881828 40.314958, -79.884177 40.311453, -79.89139 40.314728, -79.895009 40.317783, -79.896675 40.319746, -79.897432 40.321127))",2813,42,003,499400,"Allegheny County, Pennsylvania",2461,167,0,202,43389,69800,1305,1128,177,1128,731,397,1890,63,0,0,0,0,0,0,0,0,0,26,0,46,12,23,920,98,167,128,233,174,0,0,0
42003500300,"POLYGON ((-79.884714 40.336966, -79.883482 40.339539, -79.880966 40.341771, -79.877285 40.344685, -79.87344 40.347605, -79.869958 40.348765, -79.868509 40.344772, -79.866876 40.342219, -79.864895 40.340631, -79.861405 40.338816, -79.858882 40.337351, -79.858269 40.336766, -79.859573 40.335071, -79.860103 40.33441, -79.861062 40.330678, -79.862648 40.329329, -79.865185 40.328761, -79.869965 40.329336, -79.871858 40.330032, -79.875076 40.328734, -79.883106 40.3324, -79.883676 40.335876, -79.884714 40.336966))",3620,42,003,500300,"Allegheny County, Pennsylvania",2859,232,0,122,58194,82500,1817,1664,153,1664,1296,368,2792,0,0,0,0,0,0,0,0,0,68,8,4,75,34,51,824,71,361,459,448,298,72,10,9
42003501000,"POLYGON ((-79.840466 40.3203, -79.836993 40.321586, -79.832792 40.324236, -79.831703 40.320859, -79.82718 40.320419, -79.823576 40.323034, -79.820007 40.318095, -79.827068 40.313444, -79.829001 40.312576, -79.831517 40.312115, -79.833974 40.312174, -79.836272 40.312759, -79.837772 40.314648, -79.840217 40.318307, -79.84117 40.320149, -79.840466 40.3203))",1533,42,003,501000,"Allegheny County, Pennsylvania",1369,77,0,20,42500,97100,865,808,57,808,414,394,1282,15,0,0,0,0,0,0,0,0,0,0,27,24,14,31,568,75,36,157,186,90,59,0,0
42003503002,"POLYGON ((-79.831976 40.358039, -79.829426 40.360524, -79.82918 40.361184, -79.828108 40.361183, -79.813019 40.36085, -79.813423 40.360455, -79.812244 40.360424, -79.809659 40.357398, -79.808477 40.357008, -79.80792 40.35525, -79.805299 40.352266, -79.802636 40.350885, -79.799798 40.350336, -79.800403 40.347843, -79.798747 40.343953, -79.803012 40.339976, -79.805812 40.338326, -79.808704 40.337451, -79.809991 40.336624, -79.817146 40.328632, -79.818122 40.32764, -79.818201 40.327471, -79.8196 40.330098, -79.820293 40.337924, -79.818827 40.338166, -79.818964 40.340376, -79.819121 40.34378, -79.821767 40.34469, -79.826522 40.344801, -79.828611 40.344703, -79.830971 40.347913, -79.82969 40.351839, -79.82632 40.352065, -79.824398 40.354168, -79.829259 40.356846, -79.831678 40.357586, -79.831976 40.358039))",5670,42,003,503002,"Allegheny County, Pennsylvania",4894,583,8,42,58075,160000,3089,3019,70,3019,1893,1126,4286,22,0,0,0,0,0,15,0,0,0,0,0,82,0,49,1416,197,270,480,534,930,211,50,30
42003504100,"POLYGON ((-79.852031 40.390205, -79.852875 40.392733, -79.852345 40.39431, -79.846633 40.393702, -79.844839 40.39293, -79.838026 40.390738, -79.837054 40.391037, -79.836378 40.39281, -79.836259 40.393362, -79.831146 40.397635, -79.830103 40.399337, -79.830774 40.399549, -79.827806 40.402875, -79.827748 40.404289, -79.826675 40.404231, -79.824294 40.40293, -79.818682 40.400457, -79.817345 40.399808, -79.815774 40.396763, -79.813108 40.395228, -79.814404 40.39292, -79.814064 40.389514, -79.811517 40.386687, -79.811826 40.38559, -79.813244 40.384666, -79.816 40.381094, -79.81662 40.378558, -79.813878 40.377082, -79.815438 40.369468, -79.816516 40.368415, -79.818616 40.367407, -79.82254 40.365898, -79.826025 40.362394, -79.828108 40.361183, -79.82918 40.361184, -79.830473 40.3622, -79.833204 40.362674, -79.834186 40.361458, -79.836374 40.364988, -79.837189 40.371649, -79.838773 40.375117, -79.841155 40.378408, -79.843939 40.38091, -79.849793 40.38516, -79.853443 40.388406, -79.852031 40.390205))",5173,42,003,504100,"Allegheny County, Pennsylvania",3004,2058,0,0,42681,88700,2557,2231,326,2231,1203,1028,3458,33,0,0,0,0,0,0,0,0,0,65,73,84,96,40,1086,328,153,430,377,360,330,0,3
42003507000,"POLYGON ((-79.816 40.381094, -79.813244 40.384666, -79.811826 40.38559, -79.811517 40.386687, -79.802594 40.391419, -79.798472 40.390628, -79.799379 40.38725, -79.798438 40.386451, -79.800589 40.385976, -79.806111 40.383058, -79.804978 40.381874, -79.807011 40.379364, -79.810561 40.38066, -79.811231 40.37908, -79.812738 40.379491, -79.813878 40.377082, -79.81662 40.378558, -79.816 40.381094))",2002,42,003,507000,"Allegheny County, Pennsylvania",1555,317,4,11,65907,101100,1137,1033,104,1033,680,353,1637,0,0,0,0,0,0,0,0,0,0,9,8,3,51,0,618,99,81,113,296,223,127,9,0
42003508000,"POLYGON ((-79.818682 40.400457, -79.816976 40.402347, -79.814993 40.401185, -79.813606 40.401038, -79.80917 40.397036, -79.806452 40.396805, -79.805433 40.398631, -79.804364 40.398431, -79.804533 40.396796, -79.801488 40.395131, -79.801448 40.394117, -79.804549 40.394223, -79.804977 40.393677, -79.804752 40.393572, -79.803643 40.392604, -79.802594 40.391419, -79.811517 40.386687, -79.814064 40.389514, -79.814404 40.39292, -79.813108 40.395228, -79.815774 40.396763, -79.817345 40.399808, -79.818682 40.400457))",1761,42,003,508000,"Allegheny County, Pennsylvania",1267,444,0,38,36467,61200,1147,909,238,909,309,600,1341,70,0,0,0,0,0,0,0,5,7,24,49,0,6,33,392,178,36,169,152,136,36,7,41
42003509400,"POLYGON ((-79.833322 40.405327, -79.833352 40.408839, -79.830929 40.410634, -79.827477 40.410062, -79.826704 40.413892, -79.824858 40.412584, -79.823233 40.416193, -79.821305 40.416739, -79.821804 40.416307, -79.818514 40.415483, -79.81378 40.418119, -79.811658 40.417861, -79.810652 40.416389, -79.812275 40.413778, -79.809728 40.412131, -79.811037 40.411262, -79.81187 40.409699, -79.815433 40.40563, -79.813048 40.405494, -79.811775 40.403355, -79.812723 40.402341, -79.814993 40.401185, -79.816976 40.402347, -79.818682 40.400457, -79.824294 40.40293, -79.826675 40.404231, -79.827748 40.404289, -79.827806 40.402875, -79.830774 40.399549, -79.833681 40.400399, -79.833322 40.405327))",5007,42,003,509400,"Allegheny County, Pennsylvania",2925,1654,76,60,45997,84900,2745,2429,316,2429,679,1750,3834,102,0,0,0,0,0,0,0,0,0,67,37,69,143,84,1364,262,387,427,474,274,63,0,81
42003510000,"POLYGON ((-79.846419 40.393965, -79.84444 40.397855, -79.840446 40.399044, -79.8392 40.399779, -79.837835 40.40056, -79.837936 40.401798, -79.837153 40.402464, -79.833322 40.405327, -79.833681 40.400399, -79.830774 40.399549, -79.830103 40.399337, -79.831146 40.397635, -79.836259 40.393362, -79.836378 40.39281, -79.837054 40.391037, -79.838026 40.390738, -79.844839 40.39293, -79.846633 40.393702, -79.846419 40.393965))",2121,42,003,510000,"Allegheny County, Pennsylvania",478,1549,0,0,38561,59600,1005,806,199,806,333,473,1274,9,0,0,0,0,0,0,0,0,0,6,0,3,0,11,486,101,58,198,150,192,50,0,10
42003512000,"POLYGON ((-79.851813 40.40981, -79.849042 40.411725, -79.844219 40.412245, -79.843126 40.409233, -79.83897 40.405792, -79.838265 40.405187, -79.837153 40.402464, -79.837936 40.401798, -79.837835 40.40056, -79.8392 40.399779, -79.840446 40.399044, -79.84444 40.397855, -79.846419 40.393965, -79.847941 40.394609, -79.845504 40.399054, -79.84637 40.401769, -79.847561 40.402846, -79.851015 40.404004, -79.85292 40.405504, -79.851813 40.40981))",2236,42,003,512000,"Allegheny County, Pennsylvania",1195,657,18,29,48125,70100,1221,1077,144,1077,499,578,1595,25,0,0,0,0,0,0,31,0,25,0,0,37,10,15,600,63,106,162,321,145,44,11,0
42003513000,"POLYGON ((-79.872022 40.412568, -79.87013 40.413713, -79.869512 40.414043, -79.864517 40.411392, -79.86094 40.411745, -79.86055 40.409023, -79.858801 40.409021, -79.852959 40.408972, -79.851813 40.40981, -79.85292 40.405504, -79.851015 40.404004, -79.847561 40.402846, -79.84637 40.401769, -79.845504 40.399054, -79.847941 40.394609, -79.846419 40.393965, -79.846633 40.393702, -79.852345 40.39431, -79.852875 40.392733, -79.852031 40.390205, -79.853443 40.388406, -79.854501 40.38877, -79.864108 40.392268, -79.858768 40.398358, -79.864495 40.402435, -79.865198 40.403558, -79.865408 40.404975, -79.865447 40.406872, -79.8661 40.407889, -79.871335 40.411718, -79.872022 40.412568))",1983,42,003,513000,"Allegheny County, Pennsylvania",485,1365,0,0,28125,48600,1431,1065,366,1065,514,551,1653,28,0,0,0,0,0,0,0,0,0,0,0,50,1,0,542,89,196,242,246,182,77,0,0
42003513800,"POLYGON ((-79.879436 40.404232, -79.875418 40.406963, -79.874608 40.407535, -79.873675 40.408782, -79.871335 40.411718, -79.8661 40.407889, -79.865447 40.406872, -79.865408 40.404975, -79.865198 40.403558, -79.864495 40.402435, -79.858768 40.398358, -79.864108 40.392268, -79.868994 40.395133, -79.87285 40.398245, -79.87674 40.402196, -79.879436 40.404232))",2039,42,003,513800,"Allegheny County, Pennsylvania",197,1473,0,41,37813,50000,1017,710,307,710,248,462,1304,0,0,0,0,0,0,0,3,0,0,0,0,36,37,29,574,103,29,262,146,47,26,5,7
42003514000,"POLYGON ((-79.890624 40.4104, -79.888684 40.415087, -79.887258 40.416874, -79.887085 40.41684, -79.882165 40.415913, -79.876606 40.414082, -79.874351 40.413713, -79.872022 40.412568, -79.871335 40.411718, -79.873675 40.408782, -79.874608 40.407535, -79.875418 40.406963, -79.879436 40.404232, -79.881203 40.405551, -79.884511 40.407191, -79.889878 40.409886, -79.890624 40.4104))",1793,42,003,514000,"Allegheny County, Pennsylvania",409,1066,0,233,48145,95000,923,770,153,770,314,456,1011,4,0,0,0,0,0,0,0,0,0,6,37,52,5,9,402,78,45,77,122,102,72,0,0
42003515100,"POLYGON ((-79.887159 40.420749, -79.887199 40.421135, -79.887135 40.421628, -79.886868 40.422699, -79.886675 40.4232, -79.886445 40.423109, -79.886185 40.423963, -79.886001 40.424518, -79.885573 40.423012, -79.88116 40.422001, -79.880262 40.421736, -79.877416 40.421668, -79.877285 40.422351, -79.873517 40.422841, -79.873995 40.420692, -79.872794 40.418578, -79.871983 40.416683, -79.869512 40.416183, -79.86769 40.415125, -79.869512 40.414043, -79.87013 40.413713, -79.872022 40.412568, -79.874351 40.413713, -79.876606 40.414082, -79.882165 40.415913, -79.887085 40.41684, -79.886269 40.418668, -79.886829 40.419383, -79.887329 40.420687, -79.887159 40.420749))",2819,42,003,515100,"Allegheny County, Pennsylvania",1229,1190,204,134,63211,130300,1625,1472,153,1472,740,732,2083,2,0,0,0,0,3,0,0,0,0,9,0,0,13,9,459,85,118,469,188,507,197,24,0
42003515200,"POLYGON ((-79.886001 40.424518, -79.885212 40.426901, -79.882968 40.426757, -79.881494 40.426073, -79.879852 40.428519, -79.875826 40.428079, -79.873517 40.422841, -79.877285 40.422351, -79.877416 40.421668, -79.880262 40.421736, -79.88116 40.422001, -79.885573 40.423012, -79.886001 40.424518))",1962,42,003,515200,"Allegheny County, Pennsylvania",1205,415,9,33,60455,151400,1085,986,99,986,619,367,1574,0,0,0,0,0,0,0,0,0,0,0,0,40,0,0,398,21,108,213,172,322,254,38,8
42003515300,"POLYGON ((-79.898872 40.41885, -79.897473 40.42007, -79.895129 40.421133, -79.891032 40.422908, -79.887623 40.424239, -79.88801 40.424678, -79.886645 40.424645, -79.886185 40.423963, -79.886445 40.423109, -79.886675 40.4232, -79.886868 40.422699, -79.887135 40.421628, -79.887199 40.421135, -79.887159 40.420749, -79.887329 40.420687, -79.886829 40.419383, -79.886269 40.418668, -79.887085 40.41684, -79.887258 40.416874, -79.888684 40.415087, -79.890624 40.4104, -79.897893 40.414954, -79.899623 40.41545, -79.898872 40.41885))",1507,42,003,515300,"Allegheny County, Pennsylvania",812,547,45,19,38781,182100,1128,963,165,963,298,665,1318,13,0,0,0,0,0,0,0,0,0,0,1,7,10,1,391,29,171,179,117,177,111,79,32
42003515401,"POLYGON ((-79.898872 40.41885, -79.897203 40.42606, -79.896712 40.42646, -79.894194 40.425554, -79.891006 40.427197, -79.89218 40.427888, -79.893762 40.426922, -79.895096 40.428166, -79.897083 40.427785, -79.895568 40.434962, -79.894563 40.43353, -79.892102 40.429576, -79.892386 40.428475, -79.892032 40.428111, -79.890923 40.42756, -79.88801 40.424678, -79.887623 40.424239, -79.891032 40.422908, -79.895129 40.421133, -79.897473 40.42007, -79.898872 40.41885))",2130,42,003,515401,"Allegheny County, Pennsylvania",1547,262,32,207,71382,244300,1053,931,122,931,470,461,1546,0,0,0,0,0,0,0,0,0,0,0,9,60,0,0,142,51,95,154,83,407,333,123,89
42003516100,"POLYGON ((-79.894563 40.43353, -79.885782 40.436843, -79.884995 40.432951, -79.884627 40.430376, -79.885212 40.426901, -79.886001 40.424518, -79.886185 40.423963, -79.886645 40.424645, -79.88801 40.424678, -79.890923 40.42756, -79.892032 40.428111, -79.892386 40.428475, -79.892102 40.429576, -79.894563 40.43353))",1410,42,003,516100,"Allegheny County, Pennsylvania",1288,45,0,52,103523,350000,754,697,57,697,428,269,1146,0,0,0,0,0,0,0,0,0,0,0,5,0,0,0,59,3,52,13,91,466,256,66,135
42003516200,"POLYGON ((-79.885782 40.436843, -79.882656 40.436087, -79.879181 40.43399, -79.877533 40.435505, -79.87418 40.435264, -79.872194 40.43375, -79.873685 40.430849, -79.874764 40.429374, -79.875826 40.428079, -79.879852 40.428519, -79.881494 40.426073, -79.882968 40.426757, -79.885212 40.426901, -79.884627 40.430376, -79.884995 40.432951, -79.885782 40.436843))",1667,42,003,516200,"Allegheny County, Pennsylvania",1280,191,90,27,103036,313300,864,807,57,807,511,296,1289,0,0,0,0,0,0,0,0,0,0,0,0,0,0,0,100,21,49,143,70,357,338,86,125
42003517000,"POLYGON ((-79.874764 40.429374, -79.873685 40.430849, -79.872194 40.43375, -79.868845 40.432211, -79.871094 40.432052, -79.87046 40.429936, -79.871047 40.427586, -79.872347 40.426906, -79.869307 40.425527, -79.867706 40.423346, -79.865089 40.422642, -79.863879 40.422419, -79.861456 40.421608, -79.859701 40.420722, -79.858203 40.421105, -79.851519 40.418367, -79.852382 40.417125, -79.852614 40.416783, -79.851126 40.416085, -79.850594 40.415774, -79.849896 40.415543, -79.849042 40.411725, -79.851813 40.40981, -79.852959 40.408972, -79.858801 40.409021, -79.86055 40.409023, -79.86094 40.411745, -79.864517 40.411392, -79.869512 40.414043, -79.86769 40.415125, -79.869512 40.416183, -79.871983 40.416683, -79.872794 40.418578, -79.873995 40.420692, -79.873517 40.422841, -79.875826 40.428079, -79.874764 40.429374))",1629,42,003,517000,"Allegheny County, Pennsylvania",959,533,25,10,39981,129800,999,923,76,923,481,442,1207,66,0,1,0,0,0,0,0,0,0,3,0,28,8,24,441,15,45,105,189,167,111,4,0
42003518001,"POLYGON ((-79.871047 40.427586, -79.87046 40.429936, -79.871094 40.432052, -79.868845 40.432211, -79.86675 40.431325, -79.865552 40.432888, -79.861498 40.438222, -79.856772 40.434364, -79.856261 40.43391, -79.853646 40.435616, -79.852007 40.43689, -79.848451 40.433598, -79.851483 40.431526, -79.851887 40.430102, -79.849547 40.423305, -79.850845 40.420436, -79.850414 40.420128, -79.85003 40.419786, -79.852248 40.416996, -79.852382 40.417125, -79.851519 40.418367, -79.858203 40.421105, -79.859701 40.420722, -79.861456 40.421608, -79.863879 40.422419, -79.865089 40.422642, -79.867706 40.423346, -79.869307 40.425527, -79.872347 40.426906, -79.871047 40.427586))",3146,42,003,518001,"Allegheny County, Pennsylvania",2768,153,33,98,93819,242000,1677,1571,106,1571,1360,211,2671,0,0,0,0,0,0,0,0,0,0,0,11,0,0,4,434,6,115,231,283,872,484,127,104
42003519000,"POLYGON ((-79.865108 40.437452, -79.861605 40.439392, -79.862095 40.44153, -79.857886 40.442868, -79.858501 40.445163, -79.854044 40.445815, -79.854219 40.452819, -79.844323 40.449646, -79.84374 40.45074, -79.840448 40.449854, -79.835346 40.44507, -79.82952 40.444314, -79.828364 40.444355, -79.82732 40.444994, -79.827447 40.444484, -79.82774 40.441585, -79.824713 40.440901, -79.826146 40.439067, -79.820982 40.433789, -79.823373 40.430865, -79.827027 40.432015, -79.830047 40.430812, -79.827661 40.429645, -79.826374 40.425719, -79.828801 40.42584, -79.82969 40.423168, -79.831319 40.422944, -79.829921 40.427494, -79.831806 40.430437, -79.833724 40.428726, -79.837541 40.428476, -79.843884 40.428124, -79.844834 40.429304, -79.847161 40.428566, -79.848868 40.430708, -79.848451 40.433598, -79.852007 40.43689, -79.853646 40.435616, -79.856261 40.43391, -79.856772 40.434364, -79.861498 40.438222, -79.863438 40.43782, -79.865108 40.437452))",3087,42,003,519000,"Allegheny County, Pennsylvania",2240,389,92,163,106964,234800,1376,1357,19,1357,1339,18,2395,21,0,1,0,0,0,0,0,0,0,0,0,0,0,59,252,1,152,300,146,556,481,200,226
42003520001,"POLYGON ((-79.830047 40.430812, -79.827027 40.432015, -79.823373 40.430865, -79.820982 40.433789, -79.826146 40.439067, -79.824713 40.440901, -79.82774 40.441585, -79.827447 40.444484, -79.82732 40.444994, -79.812865 40.441285, -79.802667 40.43858, -79.802959 40.436493, -79.804535 40.434152, -79.802067 40.431957, -79.803448 40.4269, -79.808009 40.425088, -79.809617 40.423501, -79.81081 40.422825, -79.816057 40.41981, -79.818164 40.417647, -79.820865 40.416793, -79.820183 40.417779, -79.822612 40.416541, -79.821615 40.41779, -79.824037 40.417842, -79.826905 40.421767, -79.826374 40.425719, -79.827661 40.429645, -79.830047 40.430812))",2948,42,003,520001,"Allegheny County, Pennsylvania",2090,665,6,15,65890,188400,1599,1563,36,1563,1002,561,2419,19,0,0,0,0,19,0,0,0,0,14,11,11,49,8,523,35,191,211,160,667,284,169,48
42003520002,"POLYGON ((-79.844834 40.429304, -79.843884 40.428124, -79.837541 40.428476, -79.833724 40.428726, -79.831806 40.430437, -79.829921 40.427494, -79.831319 40.422944, -79.82969 40.423168, -79.828801 40.42584, -79.826374 40.425719, -79.826905 40.421767, -79.824037 40.417842, -79.821615 40.41779, -79.822612 40.416541, -79.820183 40.417779, -79.820865 40.416793, -79.821305 40.416739, -79.823233 40.416193, -79.824858 40.412584, -79.826704 40.413892, -79.827477 40.410062, -79.830929 40.410634, -79.833352 40.408839, -79.833322 40.405327, -79.837153 40.402464, -79.838265 40.405187, -79.83897 40.405792, -79.833961 40.409459, -79.837012 40.412945, -79.838377 40.415077, -79.838974 40.414873, -79.841521 40.419014, -79.841424 40.420133, -79.843042 40.422163, -79.843183 40.422717, -79.843346 40.423492, -79.843593 40.424496, -79.847161 40.428566, -79.844834 40.429304))",3264,42,003,520002,"Allegheny County, Pennsylvania",2035,968,8,69,64630,165700,1658,1586,72,1586,969,617,2380,15,0,0,0,0,0,0,0,0,0,8,13,0,0,9,550,63,191,435,155,581,308,0,52
42003521100,"POLYGON ((-79.797606 40.44249, -79.797059 40.443775, -79.796342 40.446163, -79.79667 40.448677, -79.796321 40.449855, -79.792878 40.451566, -79.787204 40.453137, -79.782154 40.456904, -79.77985 40.459802, -79.779298 40.460953, -79.773906 40.459653, -79.771424 40.460229, -79.769403 40.460865, -79.76814 40.461953, -79.762074 40.461814, -79.759567 40.460388, -79.758598 40.459863, -79.757793 40.458552, -79.757837 40.457965, -79.760111 40.455799, -79.762244 40.449183, -79.764834 40.44584, -79.766691 40.444004, -79.771026 40.444676, -79.778194 40.443855, -79.78899 40.442214, -79.79789 40.441933, -79.797606 40.44249))",4443,42,003,521100,"Allegheny County, Pennsylvania",2871,983,121,179,85114,192800,2038,1833,205,1833,1650,183,3440,46,0,0,0,0,0,0,0,0,0,0,0,13,22,1,795,159,227,372,496,799,452,45,13
42003521200,"POLYGON ((-79.821305 40.416739, -79.820865 40.416793, -79.818164 40.417647, -79.816057 40.41981, -79.81081 40.422825, -79.809617 40.423501, -79.808009 40.425088, -79.803448 40.4269, -79.802067 40.431957, -79.804535 40.434152, -79.802959 40.436493, -79.802667 40.43858, -79.80035 40.439509, -79.801973 40.440187, -79.79789 40.441933, -79.78899 40.442214, -79.778194 40.443855, -79.771026 40.444676, -79.766691 40.444004, -79.766712 40.441527, -79.768993 40.438701, -79.76946 40.438022, -79.7724 40.436184, -79.776472 40.437484, -79.779432 40.436963, -79.783102 40.434625, -79.783341 40.433462, -79.790266 40.424635, -79.791491 40.423426, -79.792549 40.420686, -79.796762 40.416878, -79.799733 40.415976, -79.801825 40.411378, -79.801599 40.409052, -79.80433 40.40533, -79.804687 40.401988, -79.80404 40.400724, -79.804364 40.398431, -79.805433 40.398631, -79.806452 40.396805, -79.80917 40.397036, -79.813606 40.401038, -79.814993 40.401185, -79.812723 40.402341, -79.811775 40.403355, -79.813048 40.405494, -79.815433 40.40563, -79.81187 40.409699, -79.811037 40.411262, -79.809728 40.412131, -79.812275 40.413778, -79.810652 40.416389, -79.811658 40.417861, -79.81378 40.418119, -79.818514 40.415483, -79.821804 40.416307, -79.821305 40.416739))",5051,42,003,521200,"Allegheny County, Pennsylvania",3091,952,101,661,72295,177300,2492,2301,191,2301,1105,1196,3602,31,0,0,0,0,0,0,0,82,0,0,0,29,0,23,1017,58,186,249,331,1002,490,81,23
42003521301,"POLYGON ((-79.777553 40.40033, -79.774181 40.400566, -79.775376 40.402217, -79.772674 40.400693, -79.771664 40.399859, -79.772291 40.401698, -79.769499 40.40547, -79.769868 40.408022, -79.771486 40.410405, -79.773712 40.409813, -79.775818 40.410433, -79.772754 40.414545, -79.775666 40.413974, -79.776763 40.417302, -79.775869 40.419039, -79.773256 40.422335, -79.772891 40.422901, -79.772005 40.424543, -79.768089 40.427591, -79.766028 40.42789, -79.761659 40.430525, -79.761312 40.430913, -79.760232 40.433285, -79.761825 40.43309, -79.771077 40.435723, -79.7724 40.436184, -79.76946 40.438022, -79.768993 40.438701, -79.766712 40.441527, -79.766691 40.444004, -79.763467 40.442635, -79.758288 40.438935, -79.754866 40.437685, -79.752382 40.434072, -79.751699 40.432238, -79.751235 40.429771, -79.750332 40.42368, -79.749665 40.422269, -79.749505 40.420075, -79.752195 40.416068, -79.752964 40.411606, -79.753296 40.411215, -79.756033 40.40968, -79.757312 40.407328, -79.756939 40.403688, -79.757327 40.402346, -79.760509 40.401194, -79.762183 40.399766, -79.762855 40.397567, -79.764793 40.395258, -79.764906 40.392913, -79.766083 40.391133, -79.765865 40.389422, -79.765829 40.389217, -79.764939 40.38721, -79.765426 40.385311, -79.768172 40.386566, -79.774853 40.396732, -79.777091 40.398873, -79.778871 40.398946, -79.777553 40.40033))",3926,42,003,521301,"Allegheny County, Pennsylvania",3023,525,150,93,65690,221000,2195,2048,147,2048,1097,951,2907,0,0,0,0,0,0,2,0,0,0,0,9,8,4,0,468,70,197,332,465,798,376,143,35
42003521302,"POLYGON ((-79.80433 40.40533, -79.801599 40.409052, -79.801825 40.411378, -79.799733 40.415976, -79.796762 40.416878, -79.792549 40.420686, -79.791491 40.423426, -79.790266 40.424635, -79.783341 40.433462, -79.783102 40.434625, -79.779432 40.436963, -79.776472 40.437484, -79.7724 40.436184, -79.771077 40.435723, -79.761825 40.43309, -79.760232 40.433285, -79.761312 40.430913, -79.761659 40.430525, -79.766028 40.42789, -79.768089 40.427591, -79.772005 40.424543, -79.772891 40.422901, -79.773256 40.422335, -79.775869 40.419039, -79.779861 40.422399, -79.781298 40.419025, -79.777527 40.418115, -79.778361 40.416131, -79.777479 40.41585, -79.777045 40.416771, -79.77888 40.410572, -79.779883 40.407606, -79.78309 40.404343, -79.782725 40.403928, -79.783256 40.402649, -79.785057 40.400418, -79.777957 40.401779, -79.777553 40.40033, -79.778871 40.398946, -79.781527 40.396865, -79.784001 40.396326, -79.788539 40.396479, -79.788861 40.397952, -79.792032 40.397859, -79.793515 40.395801, -79.797249 40.394074, -79.801448 40.394117, -79.801488 40.395131, -79.804533 40.396796, -79.804364 40.398431, -79.80404 40.400724, -79.804687 40.401988, -79.80433 40.40533))",3654,42,003,521302,"Allegheny County, Pennsylvania",2417,634,243,243,58860,202200,2321,1781,540,1781,759,1022,2810,0,0,0,0,0,0,0,0,0,0,70,14,73,0,0,850,160,102,184,218,717,378,0,44
42003521401,"POLYGON ((-79.758288 40.438935, -79.750741 40.438792, -79.742481 40.438486, -79.739546 40.437878, -79.734637 40.435731, -79.732471 40.434155, -79.72684 40.428437, -79.72559 40.427645, -79.724158 40.427238, -79.722063 40.42721, -79.712998 40.430416, -79.709872 40.430221, -79.70473 40.427562, -79.704783 40.426324, -79.706978 40.424016, -79.706939 40.422319, -79.711833 40.419684, -79.712545 40.418647, -79.716028 40.417413, -79.716157 40.415728, -79.717231 40.413789, -79.720423 40.413982, -79.722338 40.414919, -79.726826 40.414473, -79.727646 40.412887, -79.727228 40.412194, -79.726018 40.412156, -79.722187 40.409077, -79.722397 40.408569, -79.727776 40.408315, -79.728817 40.410685, -79.735736 40.412491, -79.737717 40.413426, -79.742728 40.418195, -79.746322 40.4195, -79.749665 40.422269, -79.750332 40.42368, -79.751235 40.429771, -79.751699 40.432238, -79.752382 40.434072, -79.754866 40.437685, -79.758288 40.438935))",3000,42,003,521401,"Allegheny County, Pennsylvania",2336,60,482,100,101618,202000,1312,1258,54,1258,966,292,2316,11,0,0,0,0,0,0,9,0,5,0,31,5,0,0,538,25,124,265,246,545,375,15,122
42003521402,"POLYGON ((-79.766083 40.391133, -79.764906 40.392913, -79.764793 40.395258, -79.762855 40.397567, -79.762183 40.399766, -79.760509 40.401194, -79.757327 40.402346, -79.756939 40.403688, -79.757312 40.407328, -79.756033 40.40968, -79.753296 40.411215, -79.752964 40.411606, -79.752195 40.416068, -79.749505 40.420075, -79.749665 40.422269, -79.746322 40.4195, -79.742728 40.418195, -79.737717 40.413426, -79.735736 40.412491, -79.728817 40.410685, -79.727776 40.408315, -79.729193 40.408827, -79.730431 40.408473, -79.731981 40.406646, -79.73232 40.400235, -79.732523 40.399599, -79.734895 40.397852, -79.735723 40.399405, -79.738736 40.397716, -79.738648 40.395545, -79.742891 40.396731, -79.744634 40.396163, -79.748024 40.390757, -79.750682 40.390863, -79.751004 40.389076, -79.751262 40.388357, -79.753776 40.388538, -79.758609 40.392064, -79.762068 40.392768, -79.764806 40.390027, -79.763898 40.386454, -79.764939 40.38721, -79.765829 40.389217, -79.765865 40.389422, -79.766083 40.391133))",4046,42,003,521402,"Allegheny County, Pennsylvania",2782,947,109,0,115526,279200,1547,1520,27,1520,1467,53,2912,10,0,0,0,0,0,0,0,0,0,0,9,0,15,14,331,23,110,299,232,958,688,91,132
42003521500,"POLYGON ((-79.764834 40.44584, -79.762244 40.449183, -79.760111 40.455799, -79.757837 40.457965, -79.757793 40.458552, -79.758598 40.459863, -79.756386 40.459675, -79.753513 40.460279, -79.748201 40.457248, -79.744611 40.456627, -79.738863 40.457761, -79.73641 40.456529, -79.735356 40.455374, -79.731651 40.453453, -79.730423 40.453058, -79.724494 40.450139, -79.719506 40.447265, -79.717132 40.446495, -79.713846 40.445839, -79.711351 40.445884, -79.709526 40.448113, -79.708142 40.447673, -79.707379 40.446266, -79.703973 40.443652, -79.70473 40.427562, -79.709872 40.430221, -79.712998 40.430416, -79.722063 40.42721, -79.724158 40.427238, -79.72559 40.427645, -79.72684 40.428437, -79.732471 40.434155, -79.734637 40.435731, -79.739546 40.437878, -79.742481 40.438486, -79.750741 40.438792, -79.758288 40.438935, -79.763467 40.442635, -79.766691 40.444004, -79.764834 40.44584))",4188,42,003,521500,"Allegheny County, Pennsylvania",3368,275,279,59,79857,207500,2010,1906,104,1906,1652,254,3125,9,0,0,0,0,0,0,0,0,0,0,0,0,0,26,672,49,189,255,450,958,370,79,68
42003522000,"POLYGON ((-79.783256 40.402649, -79.782725 40.403928, -79.78309 40.404343, -79.779883 40.407606, -79.77888 40.410572, -79.777045 40.416771, -79.777479 40.41585, -79.778361 40.416131, -79.777527 40.418115, -79.781298 40.419025, -79.779861 40.422399, -79.775869 40.419039, -79.776763 40.417302, -79.775666 40.413974, -79.772754 40.414545, -79.775818 40.410433, -79.773712 40.409813, -79.771486 40.410405, -79.769868 40.408022, -79.769499 40.40547, -79.772291 40.401698, -79.771664 40.399859, -79.772674 40.400693, -79.775376 40.402217, -79.774181 40.400566, -79.777553 40.40033, -79.777957 40.401779, -79.785057 40.400418, -79.783256 40.402649))",3032,42,003,522000,"Allegheny County, Pennsylvania",1814,939,0,122,36419,59300,1734,1412,322,1412,553,859,2082,0,0,0,0,0,0,0,0,0,0,0,19,66,8,45,801,97,154,160,377,257,98,0,0
42003523100,"POLYGON ((-79.889992 40.461829, -79.887735 40.473067, -79.887081 40.47592, -79.886561 40.478184, -79.884665 40.479312, -79.883807 40.483212, -79.877252 40.48317, -79.865498 40.485069, -79.861166 40.486352, -79.859541 40.487052, -79.857736 40.48545, -79.851543 40.482799, -79.848362 40.478866, -79.848497 40.47554, -79.852388 40.473562, -79.856545 40.473719, -79.858929 40.47218, -79.860081 40.468786, -79.864122 40.466926, -79.8654 40.465746, -79.865795 40.462684, -79.866347 40.461065, -79.866423 40.460491, -79.865381 40.458561, -79.867028 40.458547, -79.868278 40.456351, -79.872608 40.45753, -79.871695 40.460565, -79.869102 40.460973, -79.870573 40.46119, -79.874504 40.459263, -79.875607 40.460686, -79.875531 40.461549, -79.879241 40.459152, -79.888502 40.46143, -79.889992 40.461829))",3668,42,003,523100,"Allegheny County, Pennsylvania",497,2866,32,48,58118,109600,1765,1481,284,1481,1197,284,2613,0,0,0,35,0,0,0,0,0,0,11,77,17,0,18,722,155,177,305,536,359,179,7,15
42003523200,"POLYGON ((-79.866347 40.461065, -79.865795 40.462684, -79.8654 40.465746, -79.864122 40.466926, -79.860081 40.468786, -79.858929 40.47218, -79.856545 40.473719, -79.852388 40.473562, -79.848497 40.47554, -79.848586 40.474442, -79.847067 40.468812, -79.847231 40.465065, -79.843186 40.461555, -79.842751 40.462074, -79.84267 40.460214, -79.842982 40.458673, -79.844137 40.456794, -79.844783 40.453201, -79.843798 40.451937, -79.84374 40.45074, -79.844323 40.449646, -79.854219 40.452819, -79.854238 40.453613, -79.855472 40.453606, -79.855537 40.457386, -79.857127 40.45729, -79.858016 40.459408, -79.860629 40.458594, -79.865381 40.458561, -79.866423 40.460491, -79.866347 40.461065))",3915,42,003,523200,"Allegheny County, Pennsylvania",1455,2093,6,25,53103,122400,2029,1834,195,1834,1480,354,2752,9,0,0,0,0,11,0,0,0,0,0,15,21,0,0,686,294,217,488,222,530,174,13,72
42003523300,"POLYGON ((-79.848497 40.47554, -79.846295 40.477836, -79.845507 40.477965, -79.843803 40.477548, -79.839427 40.47841, -79.837719 40.478101, -79.832879 40.480304, -79.832255 40.480568, -79.828716 40.481772, -79.819247 40.484202, -79.819507 40.483405, -79.822536 40.480386, -79.822103 40.475168, -79.819538 40.472002, -79.820208 40.471192, -79.823037 40.469988, -79.826123 40.466202, -79.83034 40.46471, -79.832196 40.465677, -79.83354 40.467201, -79.837457 40.466689, -79.838826 40.465713, -79.841265 40.461181, -79.84239 40.460391, -79.84267 40.460214, -79.842751 40.462074, -79.843186 40.461555, -79.847231 40.465065, -79.847067 40.468812, -79.848586 40.474442, -79.848497 40.47554))",3998,42,003,523300,"Allegheny County, Pennsylvania",1995,1635,18,96,92261,148000,1917,1693,224,1693,1443,250,3027,44,0,0,0,0,0,0,0,16,0,15,4,7,0,29,720,61,272,366,300,758,378,12,45
42003523400,"POLYGON ((-79.844137 40.456794, -79.842982 40.458673, -79.84267 40.460214, -79.84239 40.460391, -79.841265 40.461181, -79.838826 40.465713, -79.837457 40.466689, -79.83354 40.467201, -79.832196 40.465677, -79.83034 40.46471, -79.826123 40.466202, -79.82505 40.465473, -79.824431 40.464701, -79.823061 40.456464, -79.823239 40.454839, -79.826131 40.452697, -79.826391 40.452244, -79.827041 40.449775, -79.828364 40.444355, -79.82952 40.444314, -79.835346 40.44507, -79.840448 40.449854, -79.84374 40.45074, -79.843798 40.451937, -79.844783 40.453201, -79.844137 40.456794))",5055,42,003,523400,"Allegheny County, Pennsylvania",3191,1443,0,0,61214,123200,2515,2358,157,2358,1344,1014,3928,0,0,0,0,0,0,0,0,32,0,0,0,23,251,0,1072,216,106,539,529,806,278,27,49
42003523501,"POLYGON ((-79.826123 40.466202, -79.823037 40.469988, -79.820208 40.471192, -79.819538 40.472002, -79.822103 40.475168, -79.822536 40.480386, -79.819507 40.483405, -79.819247 40.484202, -79.817792 40.484975, -79.814541 40.483849, -79.811293 40.483865, -79.809679 40.482901, -79.807868 40.481642, -79.801481 40.480951, -79.800784 40.480716, -79.799619 40.477538, -79.797471 40.475405, -79.796338 40.472177, -79.795885 40.468389, -79.796254 40.468175, -79.79832 40.467812, -79.799489 40.464886, -79.803779 40.462738, -79.804718 40.460697, -79.805571 40.460397, -79.811238 40.460463, -79.813729 40.461598, -79.814613 40.462178, -79.816722 40.463617, -79.819204 40.464026, -79.822058 40.46612, -79.824431 40.464701, -79.82505 40.465473, -79.826123 40.466202))",3967,42,003,523501,"Allegheny County, Pennsylvania",1721,1702,46,369,70206,144300,2036,1677,359,1677,1318,359,2962,23,0,0,0,0,0,0,9,0,7,0,11,37,10,54,680,205,169,420,372,651,308,0,6
42003523502,"POLYGON ((-79.811238 40.460463, -79.805571 40.460397, -79.804718 40.460697, -79.803779 40.462738, -79.799489 40.464886, -79.79832 40.467812, -79.796254 40.468175, -79.795885 40.468389, -79.796338 40.472177, -79.797471 40.475405, -79.799619 40.477538, -79.795285 40.47601, -79.791557 40.474881, -79.786159 40.477885, -79.782669 40.476662, -79.778866 40.476175, -79.778398 40.475976, -79.776853 40.465746, -79.777878 40.463541, -79.779202 40.462767, -79.779298 40.460953, -79.77985 40.459802, -79.782154 40.456904, -79.787204 40.453137, -79.792878 40.451566, -79.796321 40.449855, -79.79667 40.448677, -79.800587 40.453793, -79.800136 40.454662, -79.800851 40.456395, -79.804604 40.458734, -79.809724 40.45953, -79.811238 40.460463))",1238,42,003,523502,"Allegheny County, Pennsylvania",776,359,0,14,82188,151500,775,688,87,688,594,94,1019,2,0,1,0,0,0,0,0,0,0,0,7,0,18,27,308,30,116,95,85,285,38,7,0
42003523600,"POLYGON ((-79.828364 40.444355, -79.827041 40.449775, -79.826391 40.452244, -79.826131 40.452697, -79.823239 40.454839, -79.823061 40.456464, -79.824431 40.464701, -79.822058 40.46612, -79.819204 40.464026, -79.816722 40.463617, -79.814613 40.462178, -79.813729 40.461598, -79.811238 40.460463, -79.809724 40.45953, -79.804604 40.458734, -79.800851 40.456395, -79.800136 40.454662, -79.800587 40.453793, -79.79667 40.448677, -79.796342 40.446163, -79.797059 40.443775, -79.797606 40.44249, -79.79789 40.441933, -79.801973 40.440187, -79.80035 40.439509, -79.802667 40.43858, -79.812865 40.441285, -79.82732 40.444994, -79.828364 40.444355))",4860,42,003,523600,"Allegheny County, Pennsylvania",2846,1366,66,0,65516,124800,2283,2121,162,2121,1683,438,3427,17,0,0,0,0,0,0,0,0,0,0,0,6,58,2,1009,137,401,348,568,468,354,35,24
42003523701,"POLYGON ((-79.837829 40.502234, -79.834983 40.501491, -79.833792 40.500852, -79.833566 40.504439, -79.833624 40.506306, -79.833612 40.506393, -79.83402 40.512712, -79.833797 40.513162, -79.8323 40.513516, -79.827854 40.512044, -79.826058 40.512857, -79.824531 40.515576, -79.822388 40.514507, -79.819707 40.517397, -79.818158 40.518391, -79.816653 40.517711, -79.816749 40.51486, -79.815186 40.514361, -79.813733 40.516277, -79.812823 40.516492, -79.810186 40.51574, -79.808745 40.516116, -79.808357 40.517499, -79.806979 40.518148, -79.80675 40.513607, -79.805062 40.514085, -79.801959 40.512749, -79.799387 40.510093, -79.795689 40.509869, -79.793707 40.507032, -79.798831 40.507322, -79.802691 40.50617, -79.806623 40.503285, -79.806338 40.50162, -79.806002 40.497817, -79.811404 40.492379, -79.816115 40.490303, -79.819862 40.489499, -79.820133 40.49005, -79.823192 40.490563, -79.827331 40.490793, -79.827731 40.494764, -79.829553 40.49522, -79.831995 40.494867, -79.833805 40.495193, -79.836068 40.499717, -79.836262 40.501368, -79.83767 40.501543, -79.837829 40.502234))",3716,42,003,523701,"Allegheny County, Pennsylvania",2928,393,37,71,70614,142400,1790,1669,121,1669,1305,364,2976,0,0,0,0,0,0,0,0,0,0,41,0,29,0,0,906,38,199,354,429,550,363,29,38
42003523702,"POLYGON ((-79.820978 40.48812, -79.820134 40.489281, -79.819862 40.489499, -79.816115 40.490303, -79.811404 40.492379, -79.806002 40.497817, -79.806338 40.50162, -79.806623 40.503285, -79.802691 40.50617, -79.798831 40.507322, -79.793707 40.507032, -79.795689 40.509869, -79.799387 40.510093, -79.801959 40.512749, -79.805062 40.514085, -79.802312 40.514332, -79.800599 40.51312, -79.79916 40.510455, -79.794001 40.511849, -79.791794 40.507943, -79.791446 40.505808, -79.792442 40.503474, -79.791851 40.502285, -79.789301 40.500974, -79.788161 40.499547, -79.788874 40.498362, -79.788652 40.495689, -79.787131 40.49528, -79.784472 40.495246, -79.783995 40.49455, -79.785101 40.493313, -79.78536 40.491756, -79.783363 40.489876, -79.784044 40.487172, -79.781025 40.483926, -79.780812 40.482179, -79.77874 40.480864, -79.77992 40.478466, -79.778107 40.478246, -79.778866 40.476175, -79.782669 40.476662, -79.786159 40.477885, -79.791557 40.474881, -79.795285 40.47601, -79.799619 40.477538, -79.800784 40.480716, -79.801481 40.480951, -79.807868 40.481642, -79.809679 40.482901, -79.811293 40.483865, -79.814541 40.483849, -79.817792 40.484975, -79.819247 40.484202, -79.820529 40.485636, -79.820978 40.48812))",5368,42,003,523702,"Allegheny County, Pennsylvania",3208,1900,0,46,56371,151900,2714,2404,310,2404,1413,991,4107,0,0,0,0,0,0,0,0,0,0,0,0,0,144,134,1542,119,233,328,414,837,191,0,165
42003523800,"POLYGON ((-79.859541 40.487052, -79.856537 40.488976, -79.851113 40.493601, -79.850339 40.49594, -79.845118 40.495976, -79.843391 40.499565, -79.842891 40.50336, -79.840691 40.503716, -79.837829 40.502234, -79.83767 40.501543, -79.836262 40.501368, -79.836068 40.499717, -79.833805 40.495193, -79.831995 40.494867, -79.829553 40.49522, -79.827731 40.494764, -79.827331 40.490793, -79.823192 40.490563, -79.820133 40.49005, -79.819862 40.489499, -79.820134 40.489281, -79.820978 40.48812, -79.820529 40.485636, -79.819247 40.484202, -79.828716 40.481772, -79.832255 40.480568, -79.832879 40.480304, -79.837719 40.478101, -79.839427 40.47841, -79.843803 40.477548, -79.845507 40.477965, -79.846295 40.477836, -79.848497 40.47554, -79.848362 40.478866, -79.851543 40.482799, -79.857736 40.48545, -79.859541 40.487052))",4457,42,003,523800,"Allegheny County, Pennsylvania",3144,579,31,475,72188,135900,2437,2039,398,2039,1633,406,3475,13,0,0,0,0,0,0,0,0,0,102,0,9,0,0,1046,153,209,370,470,762,252,72,17
42003524000,"POLYGON ((-79.84968 40.497589, -79.848853 40.503658, -79.849326 40.506821, -79.849451 40.507425, -79.846527 40.50819, -79.843768 40.511282, -79.843409 40.511297, -79.841897 40.511855, -79.838652 40.511824, -79.835635 40.511483, -79.83402 40.512712, -79.833612 40.506393, -79.833624 40.506306, -79.833566 40.504439, -79.833792 40.500852, -79.834983 40.501491, -79.837829 40.502234, -79.840691 40.503716, -79.842891 40.50336, -79.843391 40.499565, -79.845118 40.495976, -79.850339 40.49594, -79.84968 40.497589))",2524,42,003,524000,"Allegheny County, Pennsylvania",2061,324,16,78,48733,145200,1306,1127,179,1127,514,613,1786,6,0,4,0,0,0,0,12,0,0,26,26,0,61,18,655,55,113,220,205,255,117,13,0
42003525100,"POLYGON ((-79.838629 40.514257, -79.83757 40.52098, -79.827772 40.520295, -79.822752 40.520379, -79.82283 40.522928, -79.821295 40.522943, -79.821474 40.526015, -79.820868 40.526167, -79.819218 40.5233, -79.820344 40.518101, -79.819916 40.517628, -79.819707 40.517397, -79.822388 40.514507, -79.824531 40.515576, -79.826058 40.512857, -79.827854 40.512044, -79.8323 40.513516, -79.833797 40.513162, -79.83402 40.512712, -79.835635 40.511483, -79.838652 40.511824, -79.838629 40.514257))",1930,42,003,525100,"Allegheny County, Pennsylvania",1752,29,4,64,87938,292600,957,941,16,941,741,200,1477,5,0,0,0,0,0,0,0,3,0,0,0,5,0,0,249,6,125,82,199,419,288,62,34
42003525200,"POLYGON ((-79.850494 40.520508, -79.850196 40.521716, -79.849434 40.523553, -79.842604 40.521946, -79.8385 40.521073, -79.83757 40.52098, -79.838629 40.514257, -79.838652 40.511824, -79.841897 40.511855, -79.843409 40.511297, -79.843768 40.511282, -79.846527 40.50819, -79.849451 40.507425, -79.850969 40.515864, -79.850494 40.520508))",2548,42,003,525200,"Allegheny County, Pennsylvania",2439,26,7,46,65714,387900,1452,1298,154,1298,471,827,1968,2,0,0,0,0,0,0,0,0,0,8,0,10,0,26,345,15,122,146,88,588,385,110,123
42003525300,"POLYGON ((-79.848426 40.525126, -79.846321 40.527073, -79.842302 40.529804, -79.835272 40.532634, -79.83669 40.530259, -79.833164 40.529857, -79.828061 40.527952, -79.827926 40.524571, -79.821474 40.526015, -79.821295 40.522943, -79.82283 40.522928, -79.822752 40.520379, -79.827772 40.520295, -79.83757 40.52098, -79.8385 40.521073, -79.842604 40.521946, -79.849434 40.523553, -79.848426 40.525126))",2224,42,003,525300,"Allegheny County, Pennsylvania",2074,0,0,47,121609,404500,1078,980,98,980,585,395,1657,0,0,0,0,0,0,0,0,0,0,2,0,4,0,9,224,96,55,166,118,600,213,112,58
42003526101,"POLYGON ((-79.835272 40.532634, -79.828537 40.535004, -79.820606 40.536364, -79.813647 40.536624, -79.807566 40.537284, -79.805012 40.537455, -79.794789 40.535785, -79.788162 40.534623, -79.783753 40.534108, -79.778908 40.534488, -79.776618 40.534934, -79.772762 40.536327, -79.768478 40.538779, -79.766091 40.540713, -79.764172 40.544264, -79.763698 40.546025, -79.76509 40.549238, -79.760069 40.551064, -79.758132 40.550337, -79.754254 40.550431, -79.751701 40.551823, -79.748493 40.551264, -79.745879 40.549809, -79.742656 40.548523, -79.741419 40.549371, -79.739269 40.549497, -79.735714 40.549012, -79.734044 40.546836, -79.732582 40.546561, -79.731934 40.545066, -79.730552 40.544717, -79.728666 40.543435, -79.724608 40.542191, -79.722367 40.542198, -79.721128 40.541162, -79.718707 40.537399, -79.714373 40.532878, -79.712848 40.532934, -79.712432 40.530982, -79.709658 40.527232, -79.709866 40.525033, -79.711713 40.523546, -79.716902 40.523807, -79.719962 40.523206, -79.720538 40.520724, -79.724049 40.518048, -79.72672 40.517057, -79.72943 40.516594, -79.730684 40.515291, -79.731713 40.512673, -79.732947 40.510867, -79.738793 40.508193, -79.739958 40.506066, -79.741367 40.505376, -79.744583 40.504842, -79.745931 40.503239, -79.747784 40.497897, -79.749746 40.496628, -79.751638 40.496472, -79.752905 40.496523, -79.755713 40.499071, -79.759612 40.501457, -79.762613 40.504331, -79.767644 40.500498, -79.767307 40.499058, -79.768396 40.49745, -79.771972 40.49655, -79.775575 40.494004, -79.777617 40.493689, -79.781371 40.494492, -79.783995 40.49455, -79.784472 40.495246, -79.787131 40.49528, -79.788652 40.495689, -79.788874 40.498362, -79.788161 40.499547, -79.789301 40.500974, -79.791851 40.502285, -79.792442 40.503474, -79.791446 40.505808, -79.791794 40.507943, -79.794001 40.511849, -79.79916 40.510455, -79.800599 40.51312, -79.802312 40.514332, -79.805062 40.514085, -79.80675 40.513607, -79.806979 40.518148, -79.808357 40.517499, -79.808745 40.516116, -79.810186 40.51574, -79.812823 40.516492, -79.813733 40.516277, -79.815186 40.514361, -79.816749 40.51486, -79.816653 40.517711, -79.818158 40.518391, -79.819707 40.517397, -79.819916 40.517628, -79.820344 40.518101, -79.819218 40.5233, -79.820868 40.526167, -79.821474 40.526015, -79.827926 40.524571, -79.828061 40.527952, -79.833164 40.529857, -79.83669 40.530259, -79.835272 40.532634))",7622,42,003,526101,"Allegheny County, Pennsylvania",7184,98,120,38,109345,296500,3184,3010,174,3010,2394,616,5182,59,0,0,0,0,0,0,16,0,0,0,0,0,0,41,1013,57,246,472,555,1463,1001,113,146
42003526102,"POLYGON ((-79.749746 40.496628, -79.747784 40.497897, -79.745931 40.503239, -79.744583 40.504842, -79.741367 40.505376, -79.739958 40.506066, -79.738793 40.508193, -79.732947 40.510867, -79.731713 40.512673, -79.730684 40.515291, -79.72943 40.516594, -79.72672 40.517057, -79.724049 40.518048, -79.720538 40.520724, -79.719962 40.523206, -79.716902 40.523807, -79.711713 40.523546, -79.709866 40.525033, -79.709658 40.527232, -79.712432 40.530982, -79.712848 40.532934, -79.710234 40.532299, -79.707902 40.530663, -79.705101 40.527111, -79.701624 40.525449, -79.701985 40.523787, -79.702142 40.489523, -79.709054 40.489265, -79.71186 40.487851, -79.716127 40.483851, -79.724814 40.481905, -79.727674 40.479665, -79.733627 40.478799, -79.736034 40.477845, -79.737991 40.4801, -79.73765 40.483016, -79.738118 40.485956, -79.741206 40.49034, -79.745534 40.493617, -79.749228 40.494647, -79.751638 40.496472, -79.749746 40.496628))",2254,42,003,526102,"Allegheny County, Pennsylvania",2124,47,6,34,101029,237500,987,854,133,854,691,163,1638,0,0,0,0,0,0,0,0,0,0,6,3,6,0,18,525,30,40,174,237,362,163,35,39
42003526201,"POLYGON ((-79.785101 40.493313, -79.783995 40.49455, -79.781371 40.494492, -79.777617 40.493689, -79.775575 40.494004, -79.771972 40.49655, -79.768396 40.49745, -79.767307 40.499058, -79.767644 40.500498, -79.762613 40.504331, -79.759612 40.501457, -79.755713 40.499071, -79.752905 40.496523, -79.751638 40.496472, -79.749228 40.494647, -79.745534 40.493617, -79.741206 40.49034, -79.738118 40.485956, -79.73765 40.483016, -79.737991 40.4801, -79.736034 40.477845, -79.74476 40.477153, -79.747993 40.477396, -79.753028 40.478545, -79.758024 40.478239, -79.759144 40.477769, -79.762119 40.478635, -79.76389 40.480357, -79.766224 40.483991, -79.771237 40.486192, -79.774933 40.488955, -79.778255 40.489353, -79.779429 40.489714, -79.781105 40.489992, -79.784973 40.491409, -79.78536 40.491756, -79.785101 40.493313))",3445,42,003,526201,"Allegheny County, Pennsylvania",3289,8,0,39,84286,206200,1491,1360,131,1360,1217,143,2627,2,0,0,0,0,0,0,0,0,0,0,9,4,0,46,731,99,160,239,492,544,275,13,13
42003526202,"POLYGON ((-79.784973 40.491409, -79.781105 40.489992, -79.779429 40.489714, -79.778255 40.489353, -79.774933 40.488955, -79.771237 40.486192, -79.766224 40.483991, -79.76389 40.480357, -79.762119 40.478635, -79.759144 40.477769, -79.758024 40.478239, -79.753028 40.478545, -79.747993 40.477396, -79.74476 40.477153, -79.736034 40.477845, -79.73369 40.474818, -79.733395 40.473225, -79.731171 40.470588, -79.731129 40.468729, -79.730364 40.465557, -79.725883 40.461596, -79.722011 40.458844, -79.719026 40.456078, -79.717517 40.455318, -79.714606 40.45376, -79.715382 40.451347, -79.713571 40.450827, -79.714019 40.448873, -79.713846 40.445839, -79.717132 40.446495, -79.719506 40.447265, -79.724494 40.450139, -79.730423 40.453058, -79.731651 40.453453, -79.735356 40.455374, -79.73641 40.456529, -79.738863 40.457761, -79.744611 40.456627, -79.748201 40.457248, -79.753513 40.460279, -79.756386 40.459675, -79.758598 40.459863, -79.759567 40.460388, -79.762074 40.461814, -79.76814 40.461953, -79.769403 40.460865, -79.771424 40.460229, -79.773906 40.459653, -79.779298 40.460953, -79.779202 40.462767, -79.777878 40.463541, -79.776853 40.465746, -79.778398 40.475976, -79.778866 40.476175, -79.778107 40.478246, -79.77992 40.478466, -79.77874 40.480864, -79.780812 40.482179, -79.781025 40.483926, -79.784044 40.487172, -79.783363 40.489876, -79.78536 40.491756, -79.784973 40.491409))",4489,42,003,526202,"Allegheny County, Pennsylvania",3682,359,221,74,101061,246100,1916,1812,104,1812,1475,337,3243,0,0,0,0,0,0,0,0,0,0,0,0,1,41,38,648,71,115,260,464,1014,500,36,55
42003526301,"POLYGON ((-79.736034 40.477845, -79.733627 40.478799, -79.727674 40.479665, -79.724814 40.481905, -79.716127 40.483851, -79.71186 40.487851, -79.709054 40.489265, -79.702142 40.489523, -79.702485 40.477326, -79.70486 40.475434, -79.709507 40.475858, -79.711282 40.473834, -79.713342 40.474265, -79.715222 40.474453, -79.719964 40.471248, -79.720902 40.467369, -79.720484 40.465762, -79.721132 40.465278, -79.721443 40.46489, -79.720111 40.462842, -79.717517 40.455318, -79.719026 40.456078, -79.722011 40.458844, -79.725883 40.461596, -79.730364 40.465557, -79.731129 40.468729, -79.731171 40.470588, -79.733395 40.473225, -79.73369 40.474818, -79.736034 40.477845))",3792,42,003,526301,"Allegheny County, Pennsylvania",3545,31,0,59,85733,193000,1661,1605,56,1605,1541,64,3034,20,12,0,0,0,0,0,0,0,0,0,0,0,0,10,993,96,219,206,388,721,332,37,0
42003526302,"POLYGON ((-79.721132 40.465278, -79.720484 40.465762, -79.720902 40.467369, -79.719964 40.471248, -79.715222 40.474453, -79.713342 40.474265, -79.711282 40.473834, -79.709507 40.475858, -79.70486 40.475434, -79.702485 40.477326, -79.703038 40.463592, -79.703237 40.456068, -79.703973 40.443652, -79.707379 40.446266, -79.708142 40.447673, -79.709526 40.448113, -79.711351 40.445884, -79.713846 40.445839, -79.714019 40.448873, -79.713571 40.450827, -79.715382 40.451347, -79.714606 40.45376, -79.717517 40.455318, -79.720111 40.462842, -79.721443 40.46489, -79.721132 40.465278))",5121,42,003,526302,"Allegheny County, Pennsylvania",4520,491,22,39,100025,219300,2294,2244,50,2244,1468,776,3845,15,0,0,0,0,0,0,0,0,0,0,0,0,92,0,752,95,69,328,557,1332,468,43,94
42003550900,"POLYGON ((-79.860987 40.348813, -79.859529 40.349678, -79.859548 40.350162, -79.856261 40.350288, -79.856585 40.351622, -79.852722 40.351949, -79.849156 40.352276, -79.845218 40.353441, -79.843842 40.353014, -79.845346 40.351684, -79.844254 40.348135, -79.843393 40.347136, -79.843298 40.34533, -79.845992 40.345509, -79.847636 40.345617, -79.84937 40.345839, -79.852578 40.346267, -79.854721 40.346558, -79.856112 40.342217, -79.857374 40.342582, -79.858447 40.343136, -79.857922 40.345609, -79.860965 40.346746, -79.860987 40.348813))",1613,42,003,550900,"Allegheny County, Pennsylvania",703,727,0,95,30018,66100,918,679,239,679,263,416,1346,52,0,0,0,0,0,0,0,0,0,19,9,13,62,139,359,141,84,233,128,54,33,15,5
42003551200,"POLYGON ((-79.845346 40.351684, -79.843842 40.353014, -79.838345 40.352595, -79.836339 40.354388, -79.835249 40.35517, -79.832691 40.357195, -79.831976 40.358039, -79.831678 40.357586, -79.829259 40.356846, -79.824398 40.354168, -79.82632 40.352065, -79.82969 40.351839, -79.830971 40.347913, -79.832522 40.347606, -79.835091 40.346758, -79.836394 40.344796, -79.840952 40.345164, -79.843298 40.34533, -79.843393 40.347136, -79.844254 40.348135, -79.845346 40.351684))",3422,42,003,551200,"Allegheny County, Pennsylvania",1549,1280,0,347,30853,78300,1840,1618,222,1618,581,1037,2404,0,0,0,0,0,0,0,8,0,1,2,155,34,57,88,742,206,83,531,165,268,64,0,0
42003551300,"POLYGON ((-79.840241 40.327366, -79.835403 40.329029, -79.835968 40.331448, -79.835043 40.334238, -79.831873 40.334055, -79.831072 40.33622, -79.831699 40.33773, -79.833587 40.338651, -79.836864 40.340285, -79.836654 40.342282, -79.836394 40.344796, -79.835091 40.346758, -79.832522 40.347606, -79.830971 40.347913, -79.828611 40.344703, -79.826522 40.344801, -79.821767 40.34469, -79.819121 40.34378, -79.818964 40.340376, -79.818827 40.338166, -79.820293 40.337924, -79.8196 40.330098, -79.818201 40.327471, -79.818122 40.32764, -79.817146 40.328632, -79.815948 40.327528, -79.816189 40.324422, -79.817696 40.322001, -79.816069 40.319611, -79.818398 40.3189, -79.820007 40.318095, -79.823576 40.323034, -79.82718 40.320419, -79.831703 40.320859, -79.832792 40.324236, -79.836993 40.321586, -79.838387 40.322859, -79.840241 40.327366))",2083,42,003,551300,"Allegheny County, Pennsylvania",1695,369,6,5,56750,103600,1129,966,163,966,812,154,1579,0,0,0,0,0,0,0,0,0,0,19,4,17,33,0,698,38,39,185,192,136,184,13,21
42003551900,"POLYGON ((-79.870638 40.355436, -79.863389 40.356311, -79.853111 40.356448, -79.847944 40.356932, -79.846151 40.357241, -79.84408 40.35774, -79.840026 40.359643, -79.837186 40.362117, -79.836374 40.364988, -79.834186 40.361458, -79.833204 40.362674, -79.830473 40.3622, -79.82918 40.361184, -79.829426 40.360524, -79.831976 40.358039, -79.832691 40.357195, -79.835249 40.35517, -79.836339 40.354388, -79.838345 40.352595, -79.843842 40.353014, -79.845218 40.353441, -79.849156 40.352276, -79.852722 40.351949, -79.856585 40.351622, -79.856261 40.350288, -79.859548 40.350162, -79.859529 40.349678, -79.864752 40.349999, -79.86863 40.349513, -79.86989 40.349164, -79.869943 40.349864, -79.870638 40.355436))",1561,42,003,551900,"Allegheny County, Pennsylvania",579,671,0,97,17194,55000,906,779,127,779,114,665,1018,39,0,0,0,0,0,0,0,0,0,71,16,0,136,9,282,12,48,171,208,18,8,0,0
42003552000,"POLYGON ((-79.84605 40.342159, -79.84599 40.342874, -79.845992 40.345509, -79.843298 40.34533, -79.840952 40.345164, -79.836394 40.344796, -79.836654 40.342282, -79.836864 40.340285, -79.833587 40.338651, -79.835707 40.337741, -79.836069 40.338537, -79.83942 40.337907, -79.839712 40.338037, -79.842746 40.338273, -79.844167 40.338171, -79.844419 40.340264, -79.846035 40.34006, -79.84605 40.342159))",1667,42,003,552000,"Allegheny County, Pennsylvania",867,652,0,0,46531,45900,1147,781,366,781,450,331,1266,12,0,0,0,0,0,0,0,0,0,62,0,36,20,22,504,184,90,82,88,92,55,11,8
42003552100,"POLYGON ((-79.86989 40.349164, -79.86863 40.349513, -79.864752 40.349999, -79.859529 40.349678, -79.860987 40.348813, -79.860965 40.346746, -79.857922 40.345609, -79.858447 40.343136, -79.857374 40.342582, -79.857878 40.340872, -79.860652 40.343327, -79.86133 40.3429, -79.862119 40.342414, -79.859899 40.340044, -79.861405 40.338816, -79.864895 40.340631, -79.866876 40.342219, -79.868509 40.344772, -79.869958 40.348765, -79.86989 40.349164))",1250,42,003,552100,"Allegheny County, Pennsylvania",431,648,0,13,17262,31900,482,348,134,348,74,274,960,70,0,0,0,0,0,0,4,0,0,0,16,11,19,36,369,33,92,118,122,70,0,0,0
42003552200,"POLYGON ((-79.885612 40.345168, -79.881408 40.351046, -79.880846 40.351649, -79.878293 40.353641, -79.876676 40.354337, -79.870638 40.355436, -79.869943 40.349864, -79.86989 40.349164, -79.869958 40.348765, -79.87344 40.347605, -79.877285 40.344685, -79.880966 40.341771, -79.881796 40.343386, -79.883773 40.344302, -79.885612 40.345168))",855,42,003,552200,"Allegheny County, Pennsylvania",554,132,98,0,49063,58900,521,415,106,415,253,162,665,5,0,0,0,0,0,0,0,0,0,6,28,31,5,13,230,40,53,62,58,87,31,16,0
42003552300,"POLYGON ((-79.860652 40.343327, -79.857878 40.340872, -79.857374 40.342582, -79.856112 40.342217, -79.854721 40.346558, -79.852578 40.346267, -79.84937 40.345839, -79.847636 40.345617, -79.845992 40.345509, -79.84599 40.342874, -79.84605 40.342159, -79.846035 40.34006, -79.844419 40.340264, -79.844167 40.338171, -79.8502 40.337773, -79.856342 40.338409, -79.86133 40.3429, -79.860652 40.343327))",1597,42,003,552300,"Allegheny County, Pennsylvania",397,1057,0,0,28954,34400,1009,737,272,737,523,214,1110,1,0,0,0,0,0,0,0,0,0,27,0,44,0,27,497,49,32,154,224,20,31,0,4
42003552400,"POLYGON ((-79.86133 40.3429, -79.856342 40.338409, -79.8502 40.337773, -79.844167 40.338171, -79.842746 40.338273, -79.839712 40.338037, -79.83942 40.337907, -79.836069 40.338537, -79.835707 40.337741, -79.833587 40.338651, -79.831699 40.33773, -79.831072 40.33622, -79.831873 40.334055, -79.835043 40.334238, -79.835968 40.331448, -79.835403 40.329029, -79.840241 40.327366, -79.838387 40.322859, -79.836993 40.321586, -79.840466 40.3203, -79.84117 40.320149, -79.844543 40.326536, -79.846979 40.328721, -79.85502 40.333487, -79.858269 40.336766, -79.858882 40.337351, -79.861405 40.338816, -79.859899 40.340044, -79.862119 40.342414, -79.86133 40.3429))",3332,42,003,552400,"Allegheny County, Pennsylvania",1859,681,11,226,43351,83800,1558,1345,213,1345,833,512,2088,68,0,0,0,0,0,0,0,0,0,1,0,178,27,73,682,190,104,265,374,55,61,10,0
42003560400,"POLYGON ((-79.893751 40.443837, -79.893225 40.446494, -79.892423 40.450266, -79.890444 40.449459, -79.888184 40.447659, -79.88593 40.446907, -79.887128 40.444464, -79.887688 40.444658, -79.886548 40.440502, -79.886393 40.439687, -79.887015 40.439722, -79.891555 40.441223, -79.894363 40.441175, -79.893751 40.443837))",1489,42,003,560400,"Allegheny County, Pennsylvania",637,551,46,167,47344,202800,934,818,116,818,71,747,1216,0,0,0,0,0,0,0,0,0,3,0,27,6,53,24,229,51,64,78,21,434,156,11,59
42003560500,"POLYGON ((-79.895142 40.437192, -79.895038 40.437668, -79.894363 40.441175, -79.891555 40.441223, -79.887015 40.439722, -79.886393 40.439687, -79.885782 40.436843, -79.894563 40.43353, -79.895568 40.434962, -79.895142 40.437192))",2307,42,003,560500,"Allegheny County, Pennsylvania",1851,153,221,94,92875,240900,1514,1390,124,1390,581,809,1956,30,0,0,0,0,0,0,26,0,0,0,0,0,13,0,189,10,23,206,85,517,428,219,210
42003561400,"POLYGON ((-79.872027 40.4468, -79.869001 40.448992, -79.867561 40.449389, -79.866477 40.452766, -79.865843 40.455745, -79.868278 40.456351, -79.867028 40.458547, -79.865381 40.458561, -79.860629 40.458594, -79.858016 40.459408, -79.857127 40.45729, -79.855537 40.457386, -79.855472 40.453606, -79.854238 40.453613, -79.854219 40.452819, -79.854044 40.445815, -79.858501 40.445163, -79.865312 40.443772, -79.871751 40.440658, -79.870863 40.443427, -79.868312 40.444092, -79.869291 40.444488, -79.872027 40.4468))",3524,42,003,561400,"Allegheny County, Pennsylvania",945,2059,16,188,42255,182700,2564,2200,364,2200,706,1494,2745,41,0,0,0,0,0,0,0,0,0,0,0,0,0,74,786,35,114,326,667,398,147,55,102
42003561500,"POLYGON ((-79.877717 40.441348, -79.875266 40.445748, -79.872027 40.4468, -79.869291 40.444488, -79.868312 40.444092, -79.870863 40.443427, -79.871751 40.440658, -79.865312 40.443772, -79.858501 40.445163, -79.857886 40.442868, -79.862095 40.44153, -79.861605 40.439392, -79.865108 40.437452, -79.863438 40.43782, -79.861498 40.438222, -79.865552 40.432888, -79.872296 40.436022, -79.873243 40.436799, -79.873734 40.43747, -79.874041 40.437985, -79.876386 40.440006, -79.877717 40.441348))",2648,42,003,561500,"Allegheny County, Pennsylvania",1151,1263,38,127,47825,109100,1785,1431,354,1431,563,868,2116,15,0,0,0,0,0,0,32,0,0,62,0,0,17,36,248,47,218,330,406,346,279,23,57
42003561900,"POLYGON ((-79.898082 40.473547, -79.898424 40.475723, -79.890637 40.474694, -79.889086 40.475473, -79.887722 40.474975, -79.887081 40.47592, -79.887735 40.473067, -79.889992 40.461829, -79.894453 40.462543, -79.896197 40.464035, -79.898732 40.464611, -79.898976 40.464668, -79.896602 40.468385, -79.896047 40.468749, -79.897111 40.470072, -79.899249 40.472722, -79.898082 40.473547))",1832,42,003,561900,"Allegheny County, Pennsylvania",44,1712,0,10,35152,73700,1125,904,221,904,657,247,1231,32,0,0,0,0,0,0,0,0,0,0,1,2,33,110,547,78,87,83,16,96,122,16,8
42003562000,"POLYGON ((-79.958474 40.448449, -79.954904 40.450976, -79.95407 40.453172, -79.956179 40.458302, -79.95722 40.458654, -79.957202 40.458821, -79.955936 40.460303, -79.9533 40.457766, -79.95148 40.457344, -79.949775 40.453114, -79.949688 40.452585, -79.948751 40.450392, -79.950738 40.4498, -79.951846 40.448988, -79.952724 40.448358, -79.953749 40.447616, -79.954017 40.447421, -79.95638 40.445703, -79.959722 40.444157, -79.958474 40.448449))",2465,42,003,562000,"Allegheny County, Pennsylvania",1249,232,863,140,28472,,2111,1762,349,1762,307,1455,1641,1,0,0,0,0,0,0,0,0,0,0,1,0,0,81,91,50,50,44,46,467,463,41,306
42003562300,"POLYGON ((-79.945026 40.411241, -79.942053 40.411797, -79.940436 40.412443, -79.939473 40.413479, -79.939216 40.41549, -79.937257 40.417609, -79.93383 40.419788, -79.93369 40.419732, -79.933107 40.419798, -79.929157 40.418943, -79.929215 40.419753, -79.928168 40.419683, -79.926774 40.418911, -79.924971 40.415048, -79.922594 40.412737, -79.922774 40.411804, -79.92027 40.412026, -79.918572 40.410757, -79.9196 40.409766, -79.921112 40.408298, -79.927225 40.400926, -79.929157 40.399256, -79.933008 40.397631, -79.932971 40.397317, -79.935397 40.396903, -79.935756 40.399481, -79.938784 40.399678, -79.94191 40.401322, -79.943143 40.403109, -79.945026 40.411241))",3374,42,003,562300,"Allegheny County, Pennsylvania",1191,1581,23,234,40302,89100,1668,1383,285,1383,707,676,2406,50,0,0,0,0,0,0,0,0,0,24,63,9,28,0,853,262,165,369,141,290,131,0,21
42003562400,"POLYGON ((-80.0106 40.417898, -80.008632 40.419517, -80.007677 40.420088, -80.004903 40.420781, -80.002368 40.421097, -80.002467 40.421774, -79.998253 40.421441, -79.997401 40.421648, -79.997342 40.41992, -79.997281 40.418261, -79.997249 40.41751, -79.997188 40.416037, -79.997164 40.41558, -79.997047 40.413788, -79.997058 40.413718, -79.996893 40.411945, -79.996797 40.411394, -79.996829 40.410138, -79.996749 40.408165, -79.996486 40.401705, -79.998976 40.401602, -79.999526 40.402181, -80.000617 40.402077, -80.001674 40.401902, -80.002656 40.404134, -80.005572 40.406496, -80.005655 40.408718, -80.00823 40.411637, -80.008954 40.412498, -80.00997 40.413079, -80.009563 40.414023, -80.011361 40.415068, -80.0106 40.417898))",2770,42,003,562400,"Allegheny County, Pennsylvania",864,1311,0,436,41098,87700,1315,1098,217,1098,653,445,1744,27,0,0,0,0,0,0,0,0,0,0,2,31,65,0,582,151,132,145,167,319,108,7,8
42003562500,"POLYGON ((-80.074891 40.463685, -80.074234 40.463127, -80.07189 40.461252, -80.068551 40.460787, -80.066203 40.461635, -80.060835 40.464184, -80.058485 40.463447, -80.053359 40.464964, -80.051178 40.465599, -80.050548 40.465642, -80.050418 40.464668, -80.045952 40.460611, -80.037568 40.454049, -80.039388 40.452875, -80.039898 40.452616, -80.040163 40.452461, -80.044629 40.450469, -80.045281 40.450422, -80.051274 40.451536, -80.052648 40.452134, -80.054523 40.452605, -80.054579 40.453285, -80.056308 40.45395, -80.05838 40.454294, -80.062073 40.456351, -80.061892 40.457943, -80.062821 40.461189, -80.066966 40.459779, -80.068986 40.460446, -80.073878 40.461558, -80.075194 40.462491, -80.074891 40.463685))",2987,42,003,562500,"Allegheny County, Pennsylvania",642,1993,0,0,61938,110700,1277,1124,153,1124,659,465,1826,70,0,0,0,0,0,0,0,0,0,15,0,0,49,174,294,52,85,129,389,290,262,0,17
42003562600,"POLYGON ((-80.04738 40.439581, -80.045306 40.441949, -80.045783 40.442333, -80.04357 40.444054, -80.042782 40.443994, -80.041611 40.44497, -80.043451 40.445738, -80.044106 40.447259, -80.044002 40.447758, -80.045281 40.450422, -80.044629 40.450469, -80.040163 40.452461, -80.039898 40.452616, -80.039388 40.452875, -80.037568 40.454049, -80.035853 40.452696, -80.033234 40.450623, -80.028228 40.446664, -80.02709 40.446199, -80.02828 40.444256, -80.0285 40.443943, -80.032845 40.439201, -80.032487 40.435638, -80.028581 40.433379, -80.026688 40.431307, -80.028034 40.430076, -80.035234 40.433894, -80.03754 40.433734, -80.035836 40.434692, -80.039603 40.437026, -80.045088 40.43828, -80.047295 40.438153, -80.04738 40.439581))",2639,42,003,562600,"Allegheny County, Pennsylvania",1596,906,11,13,42945,84300,1595,1405,190,1405,644,761,2071,36,0,0,0,0,0,0,0,0,0,0,0,54,117,28,789,91,120,313,176,227,105,0,15
42003562700,"POLYGON ((-80.019429 40.453102, -80.015472 40.453834, -80.014568 40.453966, -80.002621 40.456219, -80.002194 40.454881, -80.001491 40.452691, -80.000906 40.450857, -80.001205 40.450367, -80.004693 40.449657, -80.00741 40.449492, -80.008948 40.449953, -80.00873 40.449242, -80.010439 40.448291, -80.018068 40.448883, -80.018897 40.451518, -80.019429 40.453102))",1949,42,003,562700,"Allegheny County, Pennsylvania",1375,260,210,79,60658,390500,1405,1342,63,1342,117,1225,1540,9,0,0,0,0,0,0,0,0,0,0,0,12,0,14,174,21,6,120,94,620,267,111,92
42003562800,"POLYGON ((-80.085542 40.423842, -80.080519 40.423723, -80.073882 40.425463, -80.073207 40.426039, -80.070567 40.428629, -80.06858 40.431358, -80.065546 40.430349, -80.063141 40.427914, -80.062166 40.429049, -80.059154 40.429331, -80.056073 40.428112, -80.053773 40.427938, -80.057235 40.426439, -80.063726 40.426375, -80.065514 40.425117, -80.067164 40.422884, -80.066882 40.420621, -80.0661 40.417301, -80.066552 40.416665, -80.071908 40.415617, -80.073862 40.413399, -80.075831 40.41472, -80.078659 40.416462, -80.07603 40.417947, -80.074859 40.420602, -80.079594 40.420038, -80.084507 40.420522, -80.085412 40.421243, -80.085542 40.423842))",1563,42,003,562800,"Allegheny County, Pennsylvania",1264,52,93,7,61563,161100,823,754,69,754,440,314,1184,9,0,0,0,0,0,0,0,6,0,0,0,32,0,17,235,50,51,141,187,356,74,26,0
42003562901,"POLYGON ((-79.957739 40.42995, -79.956272 40.429113, -79.954571 40.42791, -79.952371 40.427393, -79.950431 40.427598, -79.951234 40.426785, -79.951704 40.426309, -79.951956 40.426016, -79.952109 40.425763, -79.952236 40.425429, -79.952282 40.425172, -79.952288 40.424898, -79.952036 40.424917, -79.949835 40.425665, -79.947627 40.422058, -79.944267 40.420412, -79.941039 40.418871, -79.939835 40.418952, -79.93801 40.419116, -79.93383 40.419788, -79.937257 40.417609, -79.939216 40.41549, -79.939473 40.413479, -79.940436 40.412443, -79.942053 40.411797, -79.945026 40.411241, -79.943143 40.403109, -79.94191 40.401322, -79.938784 40.399678, -79.935756 40.399481, -79.935397 40.396903, -79.937729 40.396786, -79.94259 40.397328, -79.9455 40.398462, -79.948135 40.400422, -79.950849 40.403751, -79.952955 40.410659, -79.954573 40.420769, -79.955973 40.424569, -79.960197 40.428542, -79.957739 40.42995))",1643,42,003,562901,"Allegheny County, Pennsylvania",802,439,13,95,34018,253800,787,623,164,623,301,322,961,20,0,0,0,0,0,0,0,0,0,7,19,0,24,42,204,58,77,184,77,126,93,22,8
42003563000,"POLYGON ((-80.095139 40.459269, -80.094684 40.45967, -80.086782 40.459856, -80.083913 40.459466, -80.081453 40.460619, -80.079934 40.463366, -80.077697 40.464736, -80.076707 40.464695, -80.074891 40.463685, -80.075194 40.462491, -80.073878 40.461558, -80.068986 40.460446, -80.066966 40.459779, -80.067217 40.457757, -80.066901 40.457342, -80.066913 40.456323, -80.072157 40.453276, -80.069439 40.451569, -80.065401 40.450256, -80.06284 40.448545, -80.061901 40.447807, -80.062611 40.447233, -80.064007 40.447625, -80.066194 40.449381, -80.068616 40.447845, -80.072945 40.448325, -80.073149 40.448653, -80.076534 40.448007, -80.078505 40.446527, -80.077437 40.444188, -80.076352 40.441808, -80.080136 40.440682, -80.080612 40.440118, -80.080749 40.439738, -80.082883 40.440437, -80.084068 40.441929, -80.089237 40.443333, -80.090165 40.444162, -80.090108 40.446579, -80.091024 40.44905, -80.089517 40.450427, -80.090713 40.451421, -80.093375 40.450754, -80.0945 40.451331, -80.095328 40.457495, -80.095139 40.459269))",3294,42,003,563000,"Allegheny County, Pennsylvania",1606,1258,204,213,55833,115600,1469,1320,149,1320,799,521,2388,30,0,0,0,0,0,0,0,0,14,8,74,29,0,50,446,134,200,257,284,470,268,50,74
42003563100,"POLYGON ((-80.057907 40.431459, -80.057285 40.431572, -80.059123 40.437135, -80.057596 40.437534, -80.055858 40.437767, -80.053215 40.437911, -80.050944 40.437504, -80.048915 40.438149, -80.047295 40.438153, -80.045088 40.43828, -80.039603 40.437026, -80.035836 40.434692, -80.03754 40.433734, -80.035234 40.433894, -80.028034 40.430076, -80.030484 40.427897, -80.030916 40.424915, -80.030761 40.422107, -80.031872 40.420788, -80.03397 40.42005, -80.039617 40.42067, -80.034827 40.428358, -80.038371 40.427846, -80.04169 40.428987, -80.04315 40.428044, -80.042705 40.428674, -80.046643 40.42942, -80.046592 40.427031, -80.047381 40.425957, -80.053773 40.427938, -80.056073 40.428112, -80.059154 40.429331, -80.057907 40.431459))",3647,42,003,563100,"Allegheny County, Pennsylvania",2491,226,659,228,72058,176500,1752,1647,105,1647,1210,437,2772,39,0,0,0,0,0,0,32,28,0,0,0,9,137,43,831,53,191,151,301,601,319,37,0
42003563201,"POLYGON ((-80.004693 40.449657, -80.001205 40.450367, -79.99784 40.451185, -79.993442 40.453819, -79.990791 40.451588, -79.992395 40.450413, -79.996133 40.448182, -79.997924 40.447273, -79.99976 40.446679, -80.001437 40.446192, -80.003344 40.445648, -80.004693 40.449657))",366,42,003,563201,"Allegheny County, Pennsylvania",326,0,16,24,103281,,304,275,29,275,31,244,358,0,0,0,0,0,0,0,0,0,0,0,0,8,0,0,8,31,0,7,24,167,87,7,19
42003563202,"POLYGON ((-80.002621 40.456219, -80.001667 40.456406, -80.002238 40.458682, -80.000976 40.45942, -79.99973 40.459878, -79.999002 40.458713, -79.998393 40.458797, -79.996469 40.459303, -79.993186 40.461223, -79.995477 40.458101, -79.992892 40.457448, -79.991304 40.456734, -79.994669 40.455404, -79.994293 40.454935, -79.992281 40.454771, -79.993442 40.453819, -79.99784 40.451185, -80.001205 40.450367, -80.000906 40.450857, -80.001491 40.452691, -80.002194 40.454881, -80.002621 40.456219))",1934,42,003,563202,"Allegheny County, Pennsylvania",1333,473,21,32,60000,367400,1567,1244,323,1244,445,799,1746,2,0,0,0,0,0,0,0,0,10,0,52,144,9,9,289,48,35,190,79,571,203,86,19
42003563300,"POLYGON ((-80.181012 40.564613, -80.181517 40.576121, -80.170521 40.576211, -80.156645 40.57705, -80.155392 40.577826, -80.15602 40.587929, -80.152203 40.588017, -80.134502 40.588227, -80.129174 40.585352, -80.124085 40.582201, -80.113907 40.57546, -80.113884 40.570515, -80.116675 40.570457, -80.113951 40.566789, -80.113522 40.562274, -80.113852 40.558766, -80.115671 40.552859, -80.119901 40.551148, -80.122092 40.549091, -80.121797 40.541399, -80.121556 40.536256, -80.133958 40.540193, -80.132705 40.535239, -80.133203 40.532963, -80.140301 40.532731, -80.140424 40.534467, -80.145918 40.534402, -80.14641 40.541151, -80.151179 40.541248, -80.157316 40.540944, -80.157349 40.541611, -80.163138 40.541564, -80.161271 40.542719, -80.156527 40.542588, -80.154379 40.544712, -80.157238 40.544588, -80.156291 40.545613, -80.156267 40.547519, -80.158893 40.548288, -80.158992 40.546135, -80.160806 40.545252, -80.161695 40.547445, -80.163902 40.546709, -80.162761 40.544071, -80.166129 40.541146, -80.168527 40.540576, -80.171561 40.541274, -80.172858 40.540532, -80.174639 40.541615, -80.17724 40.544262, -80.173253 40.547188, -80.173144 40.548828, -80.171658 40.548389, -80.171755 40.550696, -80.174606 40.549736, -80.174232 40.548133, -80.178305 40.545311, -80.181513 40.548595, -80.180552 40.549151, -80.180655 40.557234, -80.181519 40.561768, -80.181012 40.564613))",1362,42,003,563300,"Allegheny County, Pennsylvania",1267,20,14,19,184808,716900,658,580,78,580,542,38,1020,11,0,0,0,0,0,0,0,0,0,0,4,5,4,1,120,4,34,75,39,304,204,164,51
42003563800,"POLYGON ((-80.178648 40.52994, -80.175246 40.534884, -80.17225 40.53762, -80.169448 40.537017, -80.168686 40.539553, -80.163138 40.541564, -80.157349 40.541611, -80.157316 40.540944, -80.151179 40.541248, -80.14641 40.541151, -80.145918 40.534402, -80.140424 40.534467, -80.140301 40.532731, -80.133203 40.532963, -80.132705 40.535239, -80.133958 40.540193, -80.121556 40.536256, -80.109127 40.531505, -80.095882 40.526587, -80.071235 40.518173, -80.062292 40.515437, -80.061592 40.505803, -80.068495 40.509, -80.069516 40.508993, -80.075357 40.508832, -80.078509 40.510157, -80.077959 40.510987, -80.080524 40.51226, -80.081409 40.511408, -80.08352 40.510137, -80.087678 40.510722, -80.087083 40.513081, -80.087108 40.51706, -80.088584 40.516611, -80.096306 40.516402, -80.095903 40.514784, -80.099069 40.514623, -80.101096 40.515482, -80.107481 40.516823, -80.107988 40.514632, -80.108617 40.513213, -80.108363 40.510521, -80.112504 40.511842, -80.120288 40.51314, -80.128859 40.514808, -80.13418 40.515342, -80.137723 40.516329, -80.143468 40.519068, -80.147264 40.520404, -80.152511 40.521677, -80.159765 40.523231, -80.16148 40.523803, -80.162393 40.52418, -80.162683 40.524299, -80.171257 40.527397, -80.176301 40.528954, -80.178648 40.52994))",3638,42,003,563800,"Allegheny County, Pennsylvania",3389,79,40,31,97368,348200,1832,1606,226,1606,1091,515,2833,3,0,0,0,0,0,0,0,0,0,0,18,36,5,59,478,138,109,222,267,743,583,92,80
42003563900,"POLYGON ((-79.852382 40.417125, -79.852248 40.416996, -79.85003 40.419786, -79.850414 40.420128, -79.850845 40.420436, -79.849547 40.423305, -79.851887 40.430102, -79.851483 40.431526, -79.848451 40.433598, -79.848868 40.430708, -79.847161 40.428566, -79.843593 40.424496, -79.843346 40.423492, -79.843183 40.422717, -79.843042 40.422163, -79.841424 40.420133, -79.841521 40.419014, -79.838974 40.414873, -79.838377 40.415077, -79.837012 40.412945, -79.833961 40.409459, -79.83897 40.405792, -79.843126 40.409233, -79.844219 40.412245, -79.849042 40.411725, -79.849896 40.415543, -79.850594 40.415774, -79.851126 40.416085, -79.852614 40.416783, -79.852382 40.417125))",3908,42,003,563900,"Allegheny County, Pennsylvania",2617,816,25,209,78894,160300,2220,1935,285,1935,1182,753,2965,18,0,0,0,0,0,0,0,0,0,10,0,15,0,25,450,202,164,313,348,923,381,29,87
42003564000,"POLYGON ((-80.29406 40.427038, -80.28504 40.433488, -80.284237 40.439874, -80.282295 40.442598, -80.278432 40.442848, -80.275077 40.442047, -80.270643 40.441767, -80.26768 40.440997, -80.262961 40.441886, -80.257848 40.44549, -80.251852 40.449317, -80.250063 40.449988, -80.244707 40.449809, -80.240046 40.452093, -80.235027 40.45259, -80.23376 40.455099, -80.232955 40.455035, -80.233599 40.454662, -80.231642 40.454546, -80.231336 40.452763, -80.228741 40.45143, -80.228532 40.448587, -80.229038 40.444686, -80.227662 40.443799, -80.227362 40.44338, -80.227351 40.440081, -80.233135 40.441151, -80.239097 40.441743, -80.239319 40.441557, -80.237722 40.439427, -80.236296 40.437567, -80.234194 40.436259, -80.229083 40.434884, -80.226502 40.43373, -80.223397 40.431093, -80.21951 40.429421, -80.21315 40.424187, -80.212059 40.421528, -80.210362 40.419066, -80.201686 40.418798, -80.200476 40.41675, -80.1984 40.416252, -80.197455 40.414124, -80.195443 40.411856, -80.192483 40.409324, -80.192036 40.406893, -80.190388 40.404387, -80.193439 40.406347, -80.197749 40.404729, -80.19491 40.403155, -80.192351 40.399362, -80.18907 40.397214, -80.189535 40.396048, -80.193493 40.393789, -80.196016 40.391097, -80.198256 40.389638, -80.201836 40.389152, -80.204712 40.387426, -80.20465 40.38692, -80.207552 40.385027, -80.209781 40.384718, -80.209794 40.383778, -80.211201 40.383633, -80.213137 40.381124, -80.214767 40.380697, -80.215835 40.377745, -80.215223 40.376759, -80.217153 40.37409, -80.219273 40.373049, -80.222948 40.372761, -80.222146 40.371415, -80.220434 40.368511, -80.22124 40.366374, -80.222956 40.365897, -80.227986 40.36999, -80.234342 40.375196, -80.234673 40.375468, -80.258943 40.39522, -80.296194 40.425476, -80.29406 40.427038))",7452,42,003,564000,"Allegheny County, Pennsylvania",6560,233,269,59,122650,376700,3020,2835,185,2835,2364,471,5224,69,19,0,0,0,0,0,0,0,0,0,0,0,56,35,777,93,139,338,436,1754,1036,329,143
42003564100,"POLYGON ((-80.09943 40.421273, -80.096479 40.421262, -80.095276 40.429989, -80.092338 40.428465, -80.090384 40.430924, -80.092724 40.432345, -80.091229 40.437088, -80.089565 40.436278, -80.085666 40.438835, -80.086361 40.43957, -80.080375 40.439637, -80.078129 40.43863, -80.075374 40.434219, -80.076386 40.431686, -80.080377 40.432072, -80.083765 40.430866, -80.085297 40.429894, -80.086335 40.428388, -80.086698 40.425484, -80.084993 40.424585, -80.085542 40.423842, -80.085412 40.421243, -80.084507 40.420522, -80.079594 40.420038, -80.074859 40.420602, -80.07603 40.417947, -80.078659 40.416462, -80.079297 40.416091, -80.079472 40.41482, -80.084422 40.417505, -80.085948 40.41695, -80.088463 40.418885, -80.092073 40.4202, -80.09883 40.418162, -80.09943 40.421273))",998,42,003,564100,"Allegheny County, Pennsylvania",848,15,4,28,161250,451300,430,430,0,430,417,13,759,0,0,0,0,0,0,0,0,0,0,0,0,1,1,2,59,4,13,52,36,236,246,73,36
42003564200,"POLYGON ((-79.816189 40.324422, -79.815948 40.327528, -79.817146 40.328632, -79.809991 40.336624, -79.808704 40.337451, -79.805812 40.338326, -79.803012 40.339976, -79.798747 40.343953, -79.800403 40.347843, -79.799798 40.350336, -79.802636 40.350885, -79.805299 40.352266, -79.80792 40.35525, -79.808477 40.357008, -79.809659 40.357398, -79.812244 40.360424, -79.813423 40.360455, -79.813019 40.36085, -79.796711 40.360202, -79.79601 40.360217, -79.774412 40.359673, -79.778249 40.341186, -79.781991 40.323821, -79.782194 40.322068, -79.783332 40.317251, -79.783806 40.315441, -79.784208 40.313894, -79.785946 40.307604, -79.786608 40.305188, -79.788648 40.297738, -79.792896 40.297993, -79.798759 40.292869, -79.801054 40.292576, -79.803032 40.293641, -79.80645 40.297022, -79.806976 40.301338, -79.806767 40.302241, -79.804622 40.304037, -79.79483 40.307099, -79.793827 40.307692, -79.791763 40.309073, -79.790226 40.310979, -79.790042 40.312325, -79.790528 40.314485, -79.792467 40.316576, -79.796318 40.318244, -79.803281 40.319804, -79.810506 40.320165, -79.814419 40.319875, -79.816069 40.319611, -79.817696 40.322001, -79.816189 40.324422))",2110,42,003,564200,"Allegheny County, Pennsylvania",1872,50,0,36,60547,161800,1064,985,79,985,798,187,1777,0,0,0,0,0,3,0,0,0,0,5,5,5,22,12,617,57,91,200,271,301,188,0,0
42003564400,"POLYGON ((-79.826025 40.362394, -79.82254 40.365898, -79.818616 40.367407, -79.816516 40.368415, -79.815438 40.369468, -79.813878 40.377082, -79.812738 40.379491, -79.811231 40.37908, -79.810561 40.38066, -79.807011 40.379364, -79.804978 40.381874, -79.806111 40.383058, -79.800589 40.385976, -79.798438 40.386451, -79.799379 40.38725, -79.798472 40.390628, -79.802594 40.391419, -79.803643 40.392604, -79.804752 40.393572, -79.804977 40.393677, -79.804549 40.394223, -79.801448 40.394117, -79.797249 40.394074, -79.793515 40.395801, -79.792032 40.397859, -79.788861 40.397952, -79.788539 40.396479, -79.784001 40.396326, -79.781527 40.396865, -79.778871 40.398946, -79.777091 40.398873, -79.774853 40.396732, -79.768172 40.386566, -79.765426 40.385311, -79.764939 40.38721, -79.763898 40.386454, -79.764841 40.38377, -79.76561 40.384471, -79.767296 40.382129, -79.768148 40.380392, -79.771082 40.375419, -79.773599 40.36362, -79.774412 40.359673, -79.79601 40.360217, -79.796711 40.360202, -79.813019 40.36085, -79.828108 40.361183, -79.826025 40.362394))",5251,42,003,564400,"Allegheny County, Pennsylvania",4839,238,32,61,60271,112900,2890,2660,230,2660,2059,601,4249,1,0,0,0,0,0,0,0,0,0,62,0,21,32,83,1504,205,326,384,547,698,373,0,13
42003564500,"POLYGON ((-79.963093 40.272761, -79.956147 40.278035, -79.959829 40.279486, -79.957389 40.279179, -79.951485 40.280075, -79.94838 40.282039, -79.946412 40.282195, -79.94284 40.279067, -79.937997 40.279029, -79.936581 40.27954, -79.93612 40.280178, -79.936471 40.282613, -79.934833 40.284237, -79.925325 40.285295, -79.92389 40.286171, -79.922535 40.289204, -79.914283 40.29142, -79.912887 40.290961, -79.912911 40.290745, -79.911341 40.291093, -79.908527 40.294278, -79.904221 40.294448, -79.903004 40.293666, -79.900139 40.293801, -79.900026 40.292853, -79.899901 40.291813, -79.900475 40.283211, -79.897918 40.281, -79.892702 40.28091, -79.888347 40.283189, -79.883042 40.283122, -79.880129 40.285376, -79.878161 40.284927, -79.876178 40.283596, -79.877761 40.28263, -79.880538 40.280631, -79.88272 40.279409, -79.884189 40.278682, -79.886293 40.276917, -79.888966 40.274045, -79.896313 40.267921, -79.897369 40.267161, -79.902754 40.262914, -79.909652 40.25846, -79.911444 40.256757, -79.914461 40.252443, -79.918164 40.253541, -79.922428 40.254806, -79.94047 40.260127, -79.944732 40.261398, -79.969113 40.268637, -79.963093 40.272761))",2832,42,003,564500,"Allegheny County, Pennsylvania",2569,26,18,160,66117,195400,1263,1131,132,1131,870,261,1838,0,0,0,0,0,0,0,0,0,0,0,0,21,104,41,763,37,74,191,247,242,107,11,0
42003564700,"POLYGON ((-79.887128 40.444464, -79.880724 40.442343, -79.879353 40.441889, -79.877717 40.441348, -79.876386 40.440006, -79.874041 40.437985, -79.873734 40.43747, -79.873243 40.436799, -79.872296 40.436022, -79.865552 40.432888, -79.86675 40.431325, -79.868845 40.432211, -79.872194 40.43375, -79.87418 40.435264, -79.877533 40.435505, -79.879181 40.43399, -79.882656 40.436087, -79.885782 40.436843, -79.886393 40.439687, -79.886548 40.440502, -79.887688 40.444658, -79.887128 40.444464))",2472,42,003,564700,"Allegheny County, Pennsylvania",485,1583,1,163,39357,99700,1623,1113,510,1113,217,896,1776,0,0,0,0,0,0,0,0,0,8,6,65,41,74,43,471,123,201,196,185,252,103,8,0
42003564800,"POLYGON ((-79.88593 40.446907, -79.884087 40.449144, -79.879255 40.449756, -79.877128 40.449803, -79.872685 40.449367, -79.867561 40.449389, -79.869001 40.448992, -79.872027 40.4468, -79.875266 40.445748, -79.877717 40.441348, -79.879353 40.441889, -79.880724 40.442343, -79.887128 40.444464, -79.88593 40.446907))",1587,42,003,564800,"Allegheny County, Pennsylvania",197,913,0,0,29361,76700,1143,733,410,733,174,559,970,23,0,0,0,0,0,0,0,0,3,7,20,9,27,7,198,60,98,145,225,123,25,0,0
42003565100,"POLYGON ((-80.020109 40.4552, -80.018075 40.455769, -80.015348 40.456096, -80.01642 40.459273, -80.015449 40.459736, -80.010324 40.459887, -80.008736 40.461217, -80.007653 40.458907, -80.002238 40.458682, -80.001667 40.456406, -80.002621 40.456219, -80.014568 40.453966, -80.015472 40.453834, -80.019429 40.453102, -80.020109 40.4552))",2995,42,003,565100,"Allegheny County, Pennsylvania",2186,569,34,114,68845,442000,1870,1553,317,1553,755,798,2494,0,0,0,0,0,0,0,0,0,41,0,5,35,26,0,284,152,112,189,204,631,601,106,108
42003565200,"POLYGON ((-80.030776 40.462125, -80.029415 40.463079, -80.022707 40.463783, -80.022035 40.46338, -80.020566 40.462972, -80.018962 40.461512, -80.018297 40.460393, -80.01642 40.459273, -80.015348 40.456096, -80.018075 40.455769, -80.020109 40.4552, -80.019429 40.453102, -80.018897 40.451518, -80.024991 40.450414, -80.026642 40.450565, -80.028568 40.454616, -80.030582 40.460885, -80.031345 40.461532, -80.030776 40.462125))",2739,42,003,565200,"Allegheny County, Pennsylvania",926,1345,23,83,92500,304000,1663,1326,337,1326,607,719,2046,0,0,0,0,0,0,7,0,0,0,9,9,68,7,16,369,182,102,134,309,498,293,40,3
42003565300,"POLYGON ((-79.970106 40.404756, -79.963884 40.408737, -79.96303 40.407881, -79.960393 40.407761, -79.959048 40.40974, -79.956131 40.410309, -79.956644 40.408229, -79.956032 40.406617, -79.95492 40.406845, -79.95284 40.401705, -79.950608 40.399618, -79.94387 40.394168, -79.938185 40.393079, -79.938793 40.395026, -79.937112 40.395267, -79.937729 40.396786, -79.935397 40.396903, -79.932971 40.397317, -79.932357 40.391499, -79.929619 40.389731, -79.918244 40.399306, -79.9164 40.398784, -79.913306 40.396972, -79.916912 40.393921, -79.9149 40.39339, -79.918466 40.388475, -79.917866 40.388033, -79.916084 40.382113, -79.917314 40.381597, -79.916241 40.380079, -79.919951 40.378088, -79.925507 40.379607, -79.926817 40.376513, -79.926577 40.374999, -79.939439 40.373941, -79.940625 40.374666, -79.942734 40.375965, -79.943666 40.374965, -79.9455 40.376079, -79.943332 40.378157, -79.942535 40.37967, -79.936448 40.380662, -79.935473 40.38095, -79.935384 40.383613, -79.936531 40.388764, -79.942093 40.388214, -79.944395 40.390177, -79.947282 40.390049, -79.949502 40.39124, -79.952436 40.390183, -79.957195 40.389895, -79.957735 40.389914, -79.958046 40.39539, -79.959924 40.395598, -79.959512 40.397556, -79.963476 40.398325, -79.963904 40.399715, -79.969054 40.400468, -79.970865 40.402811, -79.970106 40.404756))",1359,42,003,565300,"Allegheny County, Pennsylvania",1006,271,20,17,71250,181900,558,514,44,514,413,101,950,0,0,0,0,0,0,0,0,0,0,0,0,5,3,0,259,67,84,139,92,181,92,14,14
42003980000,"POLYGON ((-79.901626 40.488985, -79.897604 40.487879, -79.896912 40.492614, -79.889832 40.491527, -79.884604 40.490922, -79.884484 40.488949, -79.884592 40.487329, -79.888175 40.48644, -79.8882 40.483948, -79.901424 40.486189, -79.901626 40.488985))",0,42,003,980000,"Allegheny County, Pennsylvania",0,0,0,0,,,0,0,0,0,0,0,0,0,0,0,0,0,0,0,0,0,0,0,0,0,0,0,0,0,0,0,0,0,0,0,0
42003980100,"POLYGON ((-79.924815 40.481899, -79.924079 40.483427, -79.919368 40.488201, -79.913254 40.486614, -79.912483 40.488273, -79.907352 40.4872, -79.905354 40.486726, -79.90653 40.483936, -79.907929 40.48362, -79.908275 40.474216, -79.908622 40.470281, -79.909546 40.470181, -79.914605 40.46741, -79.914839 40.468832, -79.911634 40.470136, -79.910815 40.475132, -79.914305 40.475281, -79.913341 40.478718, -79.916175 40.47848, -79.919706 40.479735, -79.922382 40.479474, -79.924608 40.479805, -79.92734 40.480846, -79.924815 40.481899))",0,42,003,980100,"Allegheny County, Pennsylvania",0,0,0,0,,,0,0,0,0,0,0,0,0,0,0,0,0,0,0,0,0,0,0,0,0,0,0,0,0,0,0,0,0,0,0,0
42003980300,"POLYGON ((-79.915105 40.431393, -79.909072 40.433968, -79.909082 40.437051, -79.911475 40.438013, -79.905345 40.438088, -79.900267 40.439516, -79.899013 40.437626, -79.898672 40.435568, -79.901368 40.42723, -79.904095 40.426118, -79.906117 40.426076, -79.906009 40.427762, -79.907464 40.426485, -79.915334 40.429887, -79.915105 40.431393))",0,42,003,980300,"Allegheny County, Pennsylvania",0,0,0,0,,,0,0,0,0,0,0,0,0,0,0,0,0,0,0,0,0,0,0,0,0,0,0,0,0,0,0,0,0,0,0,0
42003980400,"POLYGON ((-80.026001 40.479369, -80.023509 40.479397, -80.025677 40.482748, -80.025118 40.485248, -80.024785 40.485825, -80.02514 40.486855, -80.023144 40.487179, -80.021554 40.491328, -80.02036 40.491238, -80.021369 40.490418, -80.019214 40.490002, -80.020324 40.488292, -80.018875 40.486726, -80.016444 40.486092, -80.017757 40.482337, -80.013934 40.4843, -80.013647 40.484236, -80.013786 40.481963, -80.011751 40.479718, -80.01196 40.478689, -80.012662 40.478733, -80.012736 40.478352, -80.012793 40.478352, -80.012855 40.478148, -80.014216 40.477444, -80.017371 40.477294, -80.019715 40.476589, -80.022932 40.476569, -80.027297 40.476728, -80.026001 40.479369))",8,42,003,980400,"Allegheny County, Pennsylvania",8,0,0,0,,,8,8,0,8,4,4,8,0,0,0,0,0,0,0,0,0,0,0,4,0,0,0,0,0,0,0,0,4,0,0,0
42003980500,"POLYGON ((-79.94986 40.43443, -79.949587 40.436342, -79.949788 40.440008, -79.948953 40.44118, -79.948409 40.44086, -79.947009 40.441483, -79.942176 40.440444, -79.940846 40.438967, -79.936216 40.437623, -79.934033 40.437707, -79.933045 40.433435, -79.934571 40.43225, -79.932663 40.432019, -79.933223 40.428931, -79.939045 40.42885, -79.939722 40.429304, -79.940047 40.429812, -79.941856 40.430103, -79.946842 40.428474, -79.949393 40.428886, -79.949658 40.429191, -79.94966 40.429301, -79.949884 40.433609, -79.94986 40.43443))",9,42,003,980500,"Allegheny County, Pennsylvania",9,0,0,0,,,9,9,0,9,9,0,9,0,0,0,0,0,0,0,0,0,0,0,0,0,0,0,0,5,4,0,0,0,0,0,0
42003980600,"POLYGON ((-80.037337 40.461105, -80.031345 40.461532, -80.030582 40.460885, -80.028568 40.454616, -80.026642 40.450565, -80.024991 40.450414, -80.018897 40.451518, -80.018068 40.448883, -80.01629 40.443207, -80.023004 40.444529, -80.02709 40.446199, -80.028228 40.446664, -80.033234 40.450623, -80.035853 40.452696, -80.037337 40.461105))",5,42,003,980600,"Allegheny County, Pennsylvania",5,0,0,0,,,5,5,0,5,0,5,5,0,0,0,0,0,0,0,0,0,0,0,0,0,0,0,5,0,0,0,0,0,0,0,0
42003980700,"POLYGON ((-80.0285 40.443943, -80.02828 40.444256, -80.02709 40.446199, -80.023004 40.444529, -80.01629 40.443207, -80.014217 40.4407, -80.0102 40.438628, -80.001985 40.435067, -79.998071 40.433063, -79.996738 40.432801, -79.998803 40.429749, -79.999268 40.429147, -80.0013 40.429896, -80.00271 40.430533, -80.00447 40.431251, -80.011607 40.435756, -80.013822 40.437589, -80.016393 40.438128, -80.017728 40.439736, -80.028394 40.443892, -80.0285 40.443943))",167,42,003,980700,"Allegheny County, Pennsylvania",138,0,4,25,93500,,191,132,59,132,0,132,131,0,0,0,0,0,0,0,0,0,0,0,0,7,0,0,4,0,6,6,0,54,6,37,11
42003980800,"POLYGON ((-79.972916 40.436322, -79.967187 40.435337, -79.959935 40.432218, -79.956927 40.429835, -79.956272 40.429113, -79.957739 40.42995, -79.960197 40.428542, -79.973502 40.433877, -79.972916 40.436322))",0,42,003,980800,"Allegheny County, Pennsylvania",0,0,0,0,,,0,0,0,0,0,0,0,0,0,0,0,0,0,0,0,0,0,0,0,0,0,0,0,0,0,0,0,0,0,0,0
42003980900,"POLYGON ((-80.051178 40.465599, -80.050265 40.469281, -80.046841 40.472395, -80.047862 40.475814, -80.048394 40.477106, -80.043951 40.478524, -80.043033 40.47893, -80.038192 40.472698, -80.037709 40.47177, -80.035414 40.467504, -80.033619 40.465449, -80.030776 40.462125, -80.031345 40.461532, -80.037337 40.461105, -80.035853 40.452696, -80.037568 40.454049, -80.045952 40.460611, -80.050418 40.464668, -80.050548 40.465642, -80.051178 40.465599))",24,42,003,980900,"Allegheny County, Pennsylvania",18,6,0,0,,,0,0,0,0,0,0,24,0,0,0,0,0,0,0,0,0,0,0,6,9,0,0,9,0,0,0,0,0,0,0,0
42003981000,"POLYGON ((-79.957619 40.476127, -79.955699 40.478347, -79.954861 40.477795, -79.95439 40.477466, -79.951311 40.477456, -79.949207 40.478161, -79.948944 40.478173, -79.947058 40.477612, -79.946254 40.477696, -79.944414 40.478645, -79.938207 40.474095, -79.936529 40.474268, -79.935453 40.472562, -79.939082 40.473081, -79.944495 40.471634, -79.947382 40.468447, -79.946808 40.46751, -79.946116 40.466964, -79.946446 40.465466, -79.948068 40.465698, -79.95193 40.46617, -79.951802 40.467364, -79.955031 40.469052, -79.954153 40.471294, -79.958046 40.473859, -79.957619 40.476127))",0,42,003,981000,"Allegheny County, Pennsylvania",0,0,0,0,,,0,0,0,0,0,0,0,0,0,0,0,0,0,0,0,0,0,0,0,0,0,0,0,0,0,0,0,0,0,0,0
42003981100,"POLYGON ((-79.912579 40.441114, -79.912246 40.443125, -79.91165 40.446696, -79.911435 40.446978, -79.908191 40.44557, -79.90873 40.444495, -79.905877 40.44436, -79.903112 40.446407, -79.90136 40.445835, -79.898771 40.443838, -79.899681 40.440056, -79.899485 40.439557, -79.900267 40.439516, -79.905345 40.438088, -79.911475 40.438013, -79.913083 40.438028, -79.912579 40.441114))",0,42,003,981100,"Allegheny County, Pennsylvania",0,0,0,0,,,0,0,0,0,0,0,0,0,0,0,0,0,0,0,0,0,0,0,0,0,0,0,0,0,0,0,0,0,0,0,0
42003981200,"POLYGON ((-80.018068 40.448883, -80.010439 40.448291, -80.00873 40.449242, -80.008948 40.449953, -80.00741 40.449492, -80.004693 40.449657, -80.003344 40.445648, -80.009323 40.444303, -80.015379 40.443083, -80.01629 40.443207, -80.018068 40.448883))",0,42,003,981200,"Allegheny County, Pennsylvania",0,0,0,0,,,0,0,0,0,0,0,0,0,0,0,0,0,0,0,0,0,0,0,0,0,0,0,0,0,0,0,0,0,0,0,0
42003981800,"POLYGON ((-79.907929 40.48362, -79.90653 40.483936, -79.905354 40.486726, -79.901424 40.486189, -79.8882 40.483948, -79.883807 40.483212, -79.884665 40.479312, -79.886561 40.478184, -79.887081 40.47592, -79.887722 40.474975, -79.889086 40.475473, -79.890637 40.474694, -79.898424 40.475723, -79.899177 40.476061, -79.904563 40.474025, -79.908275 40.474216, -79.907929 40.48362))",305,42,003,981800,"Allegheny County, Pennsylvania",221,65,11,12,,,0,0,0,0,0,0,204,0,0,0,0,0,0,0,0,0,0,0,0,22,0,0,97,0,0,24,18,29,14,0,0
42003982200,"POLYGON ((-79.963252 40.444663, -79.960888 40.445473, -79.958474 40.448449, -79.959722 40.444157, -79.95638 40.445703, -79.954017 40.447421, -79.953749 40.447616, -79.952724 40.448358, -79.951911 40.446476, -79.950588 40.4468, -79.950366 40.445158, -79.946903 40.444514, -79.947565 40.443406, -79.949244 40.441345, -79.953545 40.443175, -79.956438 40.441949, -79.957438 40.442514, -79.959333 40.443555, -79.962881 40.44326, -79.963252 40.444663))",6035,42,003,982200,"Allegheny County, Pennsylvania",4145,520,934,239,,,8,8,0,8,0,8,15,0,0,0,0,0,0,0,0,0,0,0,0,0,0,0,10,0,0,0,5,0,0,0,0
